timestamp,nombre,genero,rango_edad,q1_raw,q2_raw,q3_raw,q4_raw,q5_raw,q6_raw,q7_raw,q8_raw,q9_raw,q10_raw,q11_raw,q12_raw,q13_raw,q14_raw,q15_raw,q16_raw,q17_raw,q18_raw,q19_raw,q20_raw,q21_raw,q22_raw,q23_raw,q24_raw,energia_score,percepcion_score,decision_score,estilo_score,tipo_resultante
2026-07-16T19:59:17.161Z,Leonel Torres,Masculino,18-22,1,4,4,5,3,4,2,4,4,5,2,4,4,4,2,4,2,4,4,4,5,2,4,4,-5,-5,-4,3,INFJ
2026-07-18T00:29:20.950Z,Orion,Masculino,23-27,2,5,3,5,3,5,5,2,5,2,5,5,5,5,2,1,1,5,1,5,1,1,2,5,-7,6,-3,-7,ISFP
2026-07-18T01:28:40.939Z,Fernando Crespo,Masculino,18-22,2,5,1,5,2,5,2,3,5,2,5,4,4,5,3,4,2,3,5,4,2,1,4,2,-10,3,-3,4,ISFJ
2026-07-18T00:30:22.619Z,Santiago Caballero Campo,Otro,18-22,2,4,2,5,3,5,3,3,3,5,3,4,3,3,3,4,2,4,3,4,4,3,4,4,-7,-3,-3,0,INFJ
2026-07-18T00:31:10.723Z,Israel,Masculino,18-22,3,5,5,5,1,5,4,5,5,5,1,4,5,1,5,1,5,1,5,1,5,4,5,3,-6,-4,12,7,INTJ
2026-07-18T00:31:15.831Z,Cristian Osvaldo,Masculino,18-22,2,5,2,5,1,5,3,3,4,4,4,4,2,4,3,4,4,4,2,4,4,4,3,5,-10,0,-3,-4,ISFP
2026-07-18T00:35:04.989Z,Jazmín Méndez,Femenino,18-22,3,4,1,2,5,5,3,4,4,4,2,4,2,2,4,3,1,2,4,2,3,3,5,1,-2,-3,0,6,INTJ
2026-07-18T00:51:48.826Z,Fanny,Femenino,18-22,3,5,2,5,2,4,3,3,4,2,4,2,3,4,3,3,4,2,3,2,4,2,4,2,-7,4,1,5,ISTJ
2026-07-18T00:54:48.855Z,Iris Vera Jiménez,Femenino,18-22,4,5,4,5,3,5,2,4,5,4,1,4,1,4,2,4,2,5,2,3,5,5,1,5,-4,-4,-8,-5,INFP
2026-07-18T00:58:17.020Z,Jazmín Méndez Guerrero,Femenino,18-22,3,3,5,3,5,3,4,4,4,3,3,3,3,2,5,2,3,4,4,2,4,4,5,1,4,1,3,6,ESTJ
2026-07-18T00:59:12.944Z,Soledad Robles Reyna,Masculino,18-22,4,4,4,4,4,5,5,1,5,2,5,4,2,5,5,4,5,5,5,2,5,4,5,1,-1,8,-2,8,ISFJ
2026-07-18T01:27:43.226Z,Iván Daniel Keudell Ortiz,Masculino,18-22,1,5,1,5,1,5,2,4,5,4,2,5,4,5,2,5,2,3,5,5,5,1,5,5,-12,-4,-5,4,INFJ
2026-07-19T01:15:53.029Z,Juan Uriel Martín González Avalos,Masculino,18-22,2,3,4,1,2,2,2,2,3,3,2,3,2,2,4,3,3,4,2,4,2,1,3,5,2,-1,0,-3,ENTP
2026-07-19T01:15:58.762Z,Karen del Rocío González Avalos,Femenino,23-27,4,3,4,4,3,2,4,1,3,3,3,3,2,4,5,2,4,2,4,2,4,3,4,2,2,3,3,5,ESTJ
2026-07-19T01:21:10.374Z,Andrea Villela Chaván,Femenino,18-22,3,1,4,2,3,1,1,2,4,4,5,2,4,1,4,3,4,2,4,5,2,1,5,1,6,2,6,4,ESTJ
2026-07-19T01:28:03.080Z,Perla Montserrat Perez Ramirez,Femenino,18-22,4,3,2,4,1,5,4,2,1,4,2,1,2,4,2,5,2,3,2,3,4,2,2,1,-5,0,-6,2,ISFJ
2026-07-19T01:28:32.131Z,Erika gabriela mejia avalos,Femenino,28-32,3,4,5,5,4,3,2,4,3,4,5,3,4,1,3,3,4,4,2,5,1,1,5,4,0,-1,3,-2,ENTP
2026-07-19T01:33:11.506Z,Luis Gerardo Jaramillo Sanchez,Masculino,18-22,2,1,2,4,2,5,3,3,2,4,2,4,1,4,2,4,4,2,3,1,5,5,5,1,-4,-4,-3,6,INFJ
2026-07-19T01:35:36.976Z,Dulce Alejandra Nuñez Soria,Femenino,18-22,4,1,5,4,4,2,2,3,4,4,2,5,2,5,4,2,4,5,2,5,3,1,2,5,6,-4,-2,-4,ENFP
2026-07-19T01:46:28.818Z,Edgar Ramon Ramirez Rodriguez,Masculino,18-22,4,4,3,1,3,2,4,3,4,3,4,2,5,1,5,2,4,4,5,1,4,2,3,2,3,4,7,7,ESTJ
2026-07-19T02:32:04.462Z,Alvaro Jesus Quintero Martinez,Masculino,23-27,4,2,4,4,3,1,2,4,2,3,1,3,2,1,4,1,3,2,4,5,3,1,4,5,4,-5,5,0,ENTJ
2026-07-20T04:54:51.949Z,Vanessa Arellano Rangel,Femenino,18-22,3,5,2,5,1,5,5,2,5,1,4,1,2,1,5,4,1,1,5,4,5,1,5,2,-9,10,2,8,ISTJ
2026-07-20T05:02:05.108Z,César Enrique Garay García,Masculino,18-22,1,5,3,5,1,5,3,2,5,2,3,4,3,4,3,3,4,4,3,3,4,3,4,2,-10,3,-1,3,ISFJ
2026-07-20T05:06:17.004Z,Ramón Arechar Rojas,Masculino,18-22,3,5,3,5,2,5,4,4,5,5,4,5,2,4,2,4,2,4,5,4,5,2,5,5,-7,-1,-6,4,INFJ
2026-07-20T05:13:25.651Z,Santiago Ronaldo Chávez Piñón,Masculino,18-22,3,4,2,4,1,5,4,2,5,2,4,3,2,2,4,4,4,4,3,3,4,3,5,2,-7,6,0,4,ISTJ
2026-07-20T05:27:20.203Z,Valeria Zavala Mojica,Femenino,18-22,3,5,3,3,2,4,2,3,4,4,3,4,3,4,3,3,3,3,4,2,4,2,3,3,-4,-2,-1,4,INFJ
2026-07-20T05:38:30.205Z,Juan José Pérez Hernández,Masculino,33+,2,1,5,4,1,4,4,3,2,4,4,5,4,2,4,4,4,2,4,4,3,2,3,2,-1,-2,4,2,INTJ
2026-07-20T06:10:15.976Z,Melany Lina,Femenino,18-22,4,3,1,1,1,2,3,2,5,1,3,4,4,3,5,3,4,3,3,3,4,2,5,2,0,4,4,5,ESTJ
2026-07-20T06:36:42.675Z,Janeth Michelle Manzano Trujillo,Femenino,18-22,3,3,3,3,2,5,3,2,5,3,3,3,5,5,3,4,3,3,2,4,3,5,4,5,-3,3,-1,-5,ISFP
2026-07-20T06:50:32.753Z,Ana lugo,Femenino,18-22,2,5,3,5,2,4,4,2,3,2,4,4,3,3,4,4,2,2,3,4,3,4,2,2,-7,3,0,-2,ISTP
2026-07-20T16:00:09.573Z,Juan Diego pardo,Masculino,18-22,4,3,2,2,1,4,4,4,4,4,3,5,4,4,3,4,4,4,4,5,5,5,5,4,-2,-2,-1,0,INFJ
2026-07-20T16:13:01.471Z,Gustavo Cruz Méndez,Masculino,18-22,3,4,3,3,2,3,4,4,5,3,3,2,3,4,4,5,3,3,4,3,3,4,4,2,-2,3,-2,2,ISFJ
2026-07-20T18:43:30.977Z,Cesar Abraham López Aguilar,Masculino,18-22,3,2,3,2,3,5,4,5,5,4,3,4,4,3,3,4,2,4,5,4,4,2,4,3,0,-1,-2,4,ENFJ
2026-07-20T18:54:38.572Z,Miguel Angel Alvarez Ibarra,Masculino,18-22,4,3,4,3,2,5,3,4,4,3,5,3,4,3,4,4,4,4,3,2,4,3,4,2,-1,2,1,4,ISTJ
2026-07-20T18:58:20.671Z,Valeria Rodríguez,Femenino,18-22,1,2,5,2,4,2,4,2,4,2,4,4,2,4,4,4,4,4,5,5,5,1,5,1,4,4,-2,8,ESFJ
2026-07-20T18:58:41.266Z,LUIS MANUEL,Masculino,18-22,3,4,2,5,1,5,3,4,4,3,3,3,1,4,3,5,2,5,4,4,4,2,4,3,-8,0,-8,3,ISFJ
2026-07-20T19:23:11.216Z,Uriel Yáñez Aguayo,Masculino,18-22,4,3,3,5,2,4,4,3,5,2,3,2,3,3,4,2,4,2,3,3,3,4,4,3,-3,5,4,0,ISTJ
2026-07-20T20:42:27.487Z,Rubí Chávez Piñon,Femenino,18-22,3,2,4,2,5,3,3,2,5,3,4,3,3,4,5,2,4,3,5,2,4,1,5,2,5,4,3,9,ESTJ
2026-07-20T21:24:56.881Z,Janittzy Fernanda Ortiz Trujillo,Femenino,18-22,5,3,2,3,5,3,3,2,4,3,2,3,3,2,4,3,3,3,2,2,4,5,2,2,3,1,2,-1,ESTP
2026-07-20T22:05:38.529Z,Brandon Gustavo,Otro,18-22,3,4,3,4,4,3,3,4,4,4,4,4,2,5,4,4,3,4,4,4,3,2,3,3,-1,-1,-4,1,INFJ
2026-07-20T22:20:58.085Z,Zahir Andrés Rodríguez Mora,Masculino,18-22,3,4,5,3,2,2,5,3,4,5,4,4,2,5,5,5,5,5,4,5,3,1,5,1,1,1,-3,5,ESFJ
2026-07-20T23:02:09.634Z,Alan Méndez,Masculino,23-27,3,4,4,4,1,4,4,2,4,3,4,4,3,3,5,3,3,3,4,3,4,2,3,3,-4,3,2,3,ISTJ
2026-07-20T23:23:06.193Z,Berenice Ortega,Femenino,18-22,3,4,1,2,2,4,3,2,4,3,3,2,2,4,4,3,3,3,4,3,4,2,3,2,-4,3,-1,4,ISFJ
2026-07-20T23:33:03.277Z,Hugo Rodríguez Hernández,Masculino,18-22,2,5,4,4,1,5,3,4,4,3,4,5,2,5,2,5,3,4,2,1,4,3,1,1,-7,-1,-7,2,INFJ
2026-07-20T23:39:18.617Z,Brayan Leonel Hernández Díaz,Masculino,18-22,4,4,4,5,3,4,4,3,3,4,3,4,3,4,4,3,5,3,2,3,2,3,4,3,-2,-1,2,-1,INTP
2026-07-20T23:42:58.565Z,Aurora,Femenino,33+,2,5,4,5,1,5,5,4,2,2,5,4,3,3,4,4,3,3,4,4,5,4,3,4,-8,2,0,0,ISTJ
2026-07-21T00:46:59.501Z,Fernanda Vargas,Femenino,18-22,4,4,3,4,1,5,5,3,3,4,4,3,4,3,3,3,4,3,2,2,3,2,5,2,-5,2,2,4,ISTJ
2026-07-21T01:26:17.433Z,Diego Arriaga Morales,Masculino,18-22,5,3,5,5,4,2,3,4,4,2,4,5,1,2,3,1,4,2,3,5,1,5,4,5,4,0,3,-7,ESTP
2026-07-21T01:31:23.103Z,Irving Baruk Largo Aguayo,Masculino,18-22,5,1,3,1,4,4,2,2,2,3,1,4,3,2,5,3,5,3,3,4,5,1,5,4,6,-4,5,4,ENTJ
2026-07-21T01:34:20.641Z,Ivonne Gonzalez Vazquez,Femenino,23-27,3,2,3,4,2,5,1,2,3,2,3,1,3,2,2,4,5,3,5,1,5,2,4,3,-3,2,1,8,ISTJ
2026-07-21T01:34:25.399Z,Mario Santiago Villanueva Guerrero,Masculino,18-22,5,3,5,2,2,4,3,1,3,1,3,3,1,5,3,4,4,2,5,1,5,3,3,2,3,4,-3,7,ESFJ
2026-07-21T01:38:34.267Z,Adriana Guadalupe Camacho Flores,Femenino,18-22,2,4,1,3,2,5,5,2,4,1,3,2,4,1,3,1,4,3,5,2,3,1,5,2,-7,7,6,8,ISTJ
2026-07-21T01:43:37.003Z,María Elena piñón Rodríguez,Femenino,33+,3,5,1,5,2,3,4,3,2,2,4,3,4,3,4,3,4,3,4,3,4,4,4,3,-7,2,3,2,ISTJ
2026-07-21T03:45:32.944Z,Aldo Isaac Rivas Guerra,Masculino,18-22,3,5,1,5,1,5,4,2,4,3,3,4,3,3,2,3,3,4,3,3,2,2,4,5,-10,2,-2,-1,ISFP
2026-07-18T19:09:56.881000+00:00,Antonella Mendez Vega,Femenino,18-22,5,3,1,2,5,4,4,2,5,2,3,4,2,1,4,4,3,2,1,1,3,4,2,3,2,4,2,-2,ESTP
2026-07-15T17:26:34.267000+00:00,Joaquin Gutierrez Reyes,Femenino,18-22,3,3,1,3,2,5,5,2,4,1,2,2,5,1,4,1,5,4,5,1,4,2,4,3,-5,6,8,7,ISTJ
2026-07-14T23:34:42.675000+00:00,Emilio Gonzalez Salazar,Femenino,18-22,3,4,2,3,3,5,4,1,5,3,3,3,5,4,3,3,4,2,1,5,3,5,4,5,-4,5,3,-7,ISTP
2026-07-15T09:22:10.374000+00:00,Emilio Alvarez Ramirez,Femenino,18-22,3,2,5,3,3,1,2,3,3,3,4,1,5,2,4,4,5,1,4,4,3,2,5,1,5,2,7,5,ESTJ
2026-07-18T20:21:06.193000+00:00,Joaquin Navarro Morales,Femenino,18-22,3,5,2,1,1,3,2,3,4,2,2,1,3,5,3,4,3,4,5,2,4,3,2,2,-3,2,-4,4,ISFJ
2026-07-13T07:48:48.826000+00:00,Emilia Vargas Vega,Femenino,18-22,2,5,3,5,2,4,2,4,5,1,3,2,4,3,2,3,4,2,3,3,5,2,5,3,-7,3,2,5,ISTJ
2026-07-15T15:05:04.462000+00:00,Juan Ortiz Castro,Masculino,23-27,5,3,4,4,3,1,1,4,1,2,2,4,3,1,4,1,2,3,5,5,3,1,4,5,4,-6,4,1,ENTJ
2026-07-20T21:33:56.881000+00:00,Paulina Vasquez Castro,Femenino,18-22,5,4,1,2,5,4,2,2,3,4,1,3,4,3,3,4,2,2,3,3,3,5,3,2,1,-3,0,-1,ENTP
2026-07-25T13:09:36.976000+00:00,Sara Hernandez Morales,Femenino,18-22,3,1,5,4,5,3,2,4,3,4,2,4,3,5,4,1,4,5,3,4,3,1,3,4,5,-5,0,0,ENTJ
2026-07-18T16:49:05.108000+00:00,Tomas Moreno Munoz,Masculino,18-22,2,5,2,5,1,5,2,1,5,3,4,3,4,5,3,3,3,3,3,2,3,3,4,1,-10,4,-1,4,ISFJ
2026-07-12T01:41:12.944000+00:00,Matias Medina Lopez,Masculino,18-22,5,3,5,4,4,5,5,1,4,3,5,3,3,5,5,4,5,5,5,3,5,3,5,2,2,7,-1,7,ESFJ
2026-07-19T17:02:12.944000+00:00,Sofia Maldonado Ortiz,Masculino,18-22,4,5,5,3,5,5,5,1,5,2,5,4,2,5,5,3,5,4,5,1,4,3,5,2,1,8,0,8,ESTJ
2026-07-19T15:47:17.004000+00:00,Mateo Herrera Gomez,Masculino,18-22,2,4,2,4,2,5,5,3,5,4,4,5,3,3,2,5,2,4,4,5,4,3,5,4,-7,2,-5,1,ISFJ
2026-07-19T16:07:37.003000+00:00,Mateo Pena Guerrero,Femenino,33+,2,4,2,5,1,2,5,4,1,3,3,2,3,3,3,4,4,4,5,4,3,5,5,4,-6,0,-1,0,ISFJ
2026-07-20T07:06:41.266000+00:00,Camila Rodriguez Navarro,Masculino,18-22,2,3,2,5,1,5,2,3,4,4,2,4,1,5,4,5,2,4,5,5,4,2,5,4,-8,-3,-7,3,INFJ
2026-07-15T13:00:38.529000+00:00,Paulina Soto Castillo,Otro,18-22,2,4,3,3,3,2,2,5,5,5,4,3,3,4,3,4,4,5,3,5,4,1,2,3,-1,-2,-3,0,INFJ
2026-07-16T05:36:17.004000+00:00,Sofia Morales Gomez,Masculino,18-22,4,5,2,5,3,5,5,4,5,4,5,5,2,3,2,4,2,5,5,5,5,1,5,4,-6,2,-6,5,ISFJ
2026-07-16T21:48:40.939000+00:00,Natalia Perez Pena,Masculino,18-22,2,4,1,5,3,5,2,3,4,1,5,5,3,5,4,3,3,2,5,5,1,2,4,2,-8,2,0,1,ISTJ
2026-07-21T12:04:51.949000+00:00,Sebastian Castillo Gonzalez,Femenino,18-22,2,4,2,5,2,5,5,3,5,2,4,2,2,2,5,3,1,2,5,4,4,1,5,3,-8,7,1,6,ISTJ
2026-07-25T03:14:37.003000+00:00,Nicolas Vega Vargas,Femenino,33+,3,5,2,5,3,3,5,2,3,1,5,2,4,4,3,2,3,4,4,3,5,5,5,4,-5,8,0,2,ISTJ
2026-07-12T06:14:20.950000+00:00,Luis Gonzalez Delgado,Masculino,23-27,1,5,4,4,2,4,5,3,5,1,4,5,4,5,1,2,1,5,1,5,2,2,3,5,-6,5,-6,-6,ISFP
2026-07-26T20:43:17.004000+00:00,Paulina Cruz Torres,Masculino,18-22,2,4,4,5,2,4,3,5,5,5,3,4,3,5,3,5,1,5,4,5,4,2,4,5,-5,-3,-8,0,INFJ
2026-07-14T01:02:03.277000+00:00,Santiago Fernandez Navarro,Masculino,18-22,1,4,4,4,1,5,3,4,5,2,5,4,3,5,1,4,4,4,3,2,5,3,1,1,-7,3,-5,3,ISFJ
2026-07-18T11:45:32.753000+00:00,Daniel Munoz Lopez,Femenino,18-22,3,4,3,5,3,3,4,1,3,3,3,5,2,4,4,4,1,3,3,5,4,4,3,2,-3,1,-4,-1,ISFP
2026-07-22T11:58:27.487000+00:00,Ana Gutierrez Silva,Femenino,18-22,4,2,3,2,5,4,3,3,4,3,3,3,2,4,5,1,5,4,4,2,4,1,5,3,4,1,3,7,ESTJ
2026-07-11T07:07:20.950000+00:00,Luciana Rivera Morales,Masculino,23-27,3,5,2,5,2,5,5,3,5,1,5,4,5,5,2,1,2,5,1,5,2,1,2,5,-8,7,-2,-6,ISFP
2026-07-16T16:54:04.462000+00:00,Paulina Delgado Chavez,Masculino,23-27,3,3,3,4,2,1,1,3,3,3,1,2,1,1,5,2,3,3,3,5,2,1,4,5,0,-3,3,-2,ENTP
2026-07-21T00:18:30.977000+00:00,Fernanda Vargas Romero,Masculino,18-22,3,3,3,2,2,5,4,5,4,5,2,3,5,3,3,5,1,5,5,4,5,1,4,2,-2,-3,-4,7,INFJ
2026-07-22T21:47:43.226000+00:00,Andrea Alvarez Moreno,Masculino,18-22,1,5,2,4,1,5,1,4,5,3,2,5,5,5,1,5,2,2,5,5,5,1,5,4,-10,-4,-4,5,INFJ
2026-07-24T14:37:51.949000+00:00,Daniel Delgado Rivera,Femenino,18-22,3,4,2,5,1,5,5,2,5,1,5,1,3,2,4,3,2,1,4,5,5,1,4,1,-8,11,3,6,ISTJ
2026-07-17T10:33:03.277000+00:00,Mateo Guerrero Navarro,Masculino,18-22,2,4,3,4,1,4,4,5,5,4,4,5,2,5,3,5,2,4,1,2,3,2,1,1,-6,-1,-7,0,INFJ
2026-07-24T02:48:25.651000+00:00,Felipe Munoz Ortiz,Masculino,18-22,4,3,2,5,1,5,4,2,5,3,4,3,1,2,3,4,5,5,2,4,5,4,5,3,-6,5,-2,1,ISFJ
2026-07-18T02:10:23.103000+00:00,Ximena Rodriguez Silva,Masculino,18-22,5,1,3,2,5,4,3,2,1,3,2,4,3,3,4,2,5,3,3,5,5,2,5,3,6,-3,4,3,ENTJ
2026-07-15T02:10:30.205000+00:00,Martina Lopez Morales,Masculino,33+,1,1,4,4,1,5,4,4,2,5,5,5,4,2,4,5,5,3,4,4,2,1,2,1,-4,-3,3,2,INTJ
2026-07-19T08:30:09.634000+00:00,Samuel Fernandez Sanchez,Masculino,23-27,4,4,5,5,2,3,3,1,4,2,3,3,3,4,4,2,3,4,3,2,4,3,2,2,-1,4,0,2,ISTJ
2026-07-22T04:24:15.976000+00:00,Luciana Rios Hernandez,Femenino,18-22,4,2,1,2,1,2,4,1,4,2,2,3,3,4,5,3,4,3,4,3,5,2,4,3,0,4,2,5,ESTJ
2026-07-24T09:19:03.080000+00:00,Nicolas Pena Salazar,Femenino,18-22,3,4,3,4,2,5,5,3,1,5,3,2,3,4,2,5,3,2,1,3,4,2,2,1,-5,-1,-3,1,INFJ
2026-07-15T15:43:10.374000+00:00,Emilio Alvarez Flores,Femenino,18-22,3,1,3,3,2,1,1,2,5,3,5,2,4,1,3,3,4,3,3,4,3,1,4,1,3,4,4,4,ESTJ
2026-07-26T20:14:59.501000+00:00,Ximena Ruiz Chavez,Femenino,18-22,4,4,2,3,2,5,5,3,3,3,4,2,4,4,2,4,5,4,3,2,3,3,5,3,-4,4,-1,3,ISFJ
2026-07-20T05:42:25.399000+00:00,Paulina Aguilar Vargas,Masculino,18-22,5,2,4,1,1,4,2,2,3,2,3,3,2,5,3,3,4,1,4,1,5,2,2,1,3,1,0,7,ESTJ
2026-07-20T10:57:03.277000+00:00,Martina Ruiz Ortiz,Masculino,18-22,2,4,5,4,2,4,2,3,3,2,4,4,2,5,2,5,3,4,3,1,4,2,1,1,-3,0,-7,4,ISFJ
2026-07-20T04:30:34.267000+00:00,Sofia Lopez Ruiz,Femenino,18-22,2,3,2,3,1,4,5,2,3,1,4,1,4,1,2,2,3,2,5,3,2,2,5,1,-5,8,4,6,ISTJ
2026-07-21T21:01:40.939000+00:00,Gabriel Ruiz Martinez,Masculino,18-22,2,5,1,5,1,5,3,2,5,3,5,3,4,5,4,4,1,3,4,5,1,1,3,3,-11,5,-3,-1,ISFP
2026-07-23T17:49:11.216000+00:00,Sebastian Moreno Rodriguez,Masculino,18-22,4,2,2,5,3,3,4,2,4,1,4,3,3,4,5,1,4,1,2,2,3,3,5,4,-1,6,6,1,ISTJ
2026-07-21T19:43:25.399000+00:00,Santiago Gonzalez Ortiz,Masculino,18-22,5,2,4,2,3,3,4,2,2,1,3,2,1,5,4,4,4,3,4,1,5,3,3,3,5,4,-3,5,ESFJ
2026-07-14T03:29:04.989000+00:00,Gabriel Acosta Soto,Femenino,18-22,3,3,1,3,5,5,3,5,5,4,1,5,1,3,4,3,2,2,4,3,4,2,4,2,-2,-5,-1,5,INFJ
2026-07-15T16:31:04.462000+00:00,Samantha Aguilar Acosta,Masculino,23-27,4,2,4,5,3,1,1,5,3,3,2,2,1,2,4,2,2,2,5,4,4,2,4,4,3,-4,1,3,ENTJ
2026-07-23T00:26:48.855000+00:00,Alejandro Ruiz Navarro,Femenino,18-22,5,5,5,4,4,5,2,4,5,4,1,3,2,5,1,3,1,4,1,2,4,5,1,4,0,-3,-8,-5,ENFP
2026-07-14T16:06:56.881000+00:00,Joaquin Vega Ortiz,Femenino,18-22,5,4,2,4,5,4,4,3,5,3,1,3,2,3,5,2,2,2,3,2,3,5,3,1,0,1,2,1,ESTJ
2026-07-20T07:59:11.506000+00:00,Sebastian Romero Munoz,Masculino,18-22,3,2,2,4,3,4,4,3,3,3,3,3,1,3,1,5,3,1,4,1,5,5,4,1,-2,1,-4,6,ISFJ
2026-07-23T01:12:22.619000+00:00,Elena Gonzalez Salazar,Otro,18-22,3,3,3,5,2,5,4,4,3,5,2,5,4,3,4,4,3,5,3,3,3,2,5,4,-5,-5,-1,2,INFJ
2026-07-24T18:10:25.651000+00:00,Santiago Alvarez Delgado,Masculino,18-22,3,5,1,5,2,5,4,2,5,2,4,3,3,2,5,4,5,3,4,4,3,3,5,3,-9,6,4,2,ISTJ
2026-07-17T21:20:58.762000+00:00,Pedro Salazar Munoz,Femenino,23-27,4,3,4,4,2,3,3,1,4,2,4,2,2,3,5,1,3,2,3,3,4,4,5,3,0,6,4,2,ESTJ
2026-07-27T02:33:20.641000+00:00,Emilio Aguilar Maldonado,Femenino,23-27,4,1,2,3,2,5,1,1,3,2,4,1,2,2,2,3,5,3,5,1,5,1,5,3,-1,4,1,10,ISTJ
2026-07-22T01:45:48.855000+00:00,Valentina Lopez Vargas,Femenino,18-22,3,5,5,5,4,4,3,5,5,3,2,5,1,3,1,4,2,5,2,2,4,5,2,5,-2,-3,-8,-4,INFP
2026-07-13T13:01:20.203000+00:00,Paulina Gutierrez Reyes,Femenino,18-22,4,5,3,2,2,5,1,3,5,5,2,4,4,5,2,2,2,4,5,2,4,3,4,4,-3,-4,-3,4,INFJ
2026-07-16T04:14:37.003000+00:00,Nicolas Mendoza Gonzalez,Femenino,33+,2,5,1,5,1,2,4,2,2,3,5,2,5,3,4,2,4,4,4,4,3,3,4,4,-8,4,4,0,ISTJ
2026-07-15T14:00:20.950000+00:00,Antonella Vasquez Munoz,Masculino,23-27,2,5,4,5,2,5,5,3,5,1,4,4,5,5,2,2,2,4,1,5,1,1,2,5,-7,6,-2,-7,ISFP
2026-07-16T11:07:28.818000+00:00,Valentina Moreno Vega,Masculino,18-22,4,4,4,2,2,2,3,3,5,3,5,1,5,1,4,1,5,4,4,2,3,1,4,1,2,6,8,7,ESTJ
2026-07-18T20:14:15.976000+00:00,Leonardo Moreno Rios,Femenino,18-22,5,2,1,1,1,3,2,2,5,1,2,4,3,4,5,2,3,4,4,3,5,2,5,3,1,2,1,6,ESTJ
2026-07-17T07:17:59.501000+00:00,Miguel Ramirez Morales,Femenino,18-22,5,5,4,3,1,5,5,4,2,4,3,2,4,2,4,4,4,2,2,3,2,1,5,3,-3,0,4,2,ISTJ
2026-07-17T06:05:04.989000+00:00,Paulina Pena Lopez,Femenino,18-22,4,5,1,1,4,5,4,4,3,4,3,5,1,2,4,4,2,1,3,1,4,3,5,2,-2,-3,0,6,INTJ
2026-07-14T12:37:03.277000+00:00,Fernando Sanchez Aguilar,Masculino,18-22,1,4,5,4,1,5,3,5,3,2,4,5,2,5,3,5,2,5,2,1,5,3,1,1,-6,-2,-8,3,INFJ
2026-07-23T17:15:48.826000+00:00,Mateo Hernandez Acosta,Femenino,18-22,3,4,1,5,2,5,2,2,5,2,5,3,4,5,4,2,4,1,4,1,4,2,5,2,-8,5,4,8,ISTJ
2026-07-24T07:24:59.501000+00:00,Nicolas Rios Pena,Femenino,18-22,5,3,2,5,1,5,5,4,2,3,4,4,5,4,2,3,3,4,3,1,3,1,5,3,-5,0,-1,6,ISFJ
2026-07-16T12:57:20.671000+00:00,Valeria Hernandez Vargas,Femenino,18-22,1,2,4,3,3,2,4,2,4,2,5,5,3,4,3,3,3,3,4,4,5,2,5,2,1,4,-1,6,ESFJ
2026-07-25T00:15:58.762000+00:00,Mateo Hernandez Cruz,Femenino,23-27,5,2,5,3,2,3,3,1,2,4,3,2,3,5,5,3,5,2,3,2,4,3,3,1,4,1,3,4,ESTJ
2026-07-16T12:20:32.131000+00:00,Alejandro Alvarez Ramos,Femenino,28-32,2,3,5,4,4,3,1,5,4,3,4,2,3,1,4,3,5,4,2,4,1,1,4,5,1,-1,4,-3,ENTP
2026-07-22T12:02:41.266000+00:00,Mia Mendoza Diaz,Masculino,18-22,4,4,2,5,2,5,4,5,5,4,4,2,2,3,3,5,1,4,5,5,4,3,3,4,-6,2,-6,0,ISFJ
2026-07-22T22:28:20.641000+00:00,Ximena Romero Gonzalez,Femenino,23-27,4,3,2,3,2,5,1,2,3,2,2,1,3,3,1,5,5,2,5,2,5,1,5,4,-3,1,-1,8,ISFJ
2026-07-16T13:13:38.529000+00:00,Camila Vasquez Silva,Otro,18-22,2,5,4,5,3,3,3,4,4,3,3,4,3,5,3,4,2,4,4,5,4,3,2,4,-4,-1,-5,-2,INFP
2026-07-13T21:18:22.619000+00:00,Ximena Maldonado Maldonado,Otro,18-22,1,3,3,5,4,5,2,4,4,5,4,5,4,2,3,5,2,3,2,4,5,4,3,3,-5,-4,-1,-1,INFP
2026-07-14T08:47:20.950000+00:00,Nicolas Sanchez Gonzalez,Masculino,23-27,1,5,2,5,3,5,5,2,5,3,4,4,4,4,1,2,1,4,1,5,1,2,1,5,-9,5,-4,-9,ISFP
2026-07-22T07:20:15.831000+00:00,Joaquin Martinez Maldonado,Masculino,18-22,1,4,3,5,1,5,3,3,3,5,5,3,1,5,3,5,5,5,1,3,3,3,2,5,-9,0,-6,-5,ISFP
2026-07-22T03:41:32.944000+00:00,Mia Reyes Ramirez,Masculino,18-22,2,4,1,5,2,5,4,2,3,2,2,4,2,2,3,3,4,5,4,4,3,3,5,4,-9,1,-1,1,ISFJ
2026-07-24T09:02:09.634000+00:00,Sebastian Herrera Morales,Masculino,23-27,4,5,4,3,1,4,4,2,4,2,4,5,2,3,5,2,2,4,4,3,5,2,4,2,-3,3,0,6,ISTJ
2026-07-15T20:00:22.619000+00:00,Antonella Delgado Gutierrez,Otro,18-22,3,3,1,5,4,5,4,2,3,5,4,5,4,3,3,5,2,4,4,5,5,3,3,5,-5,-1,-3,-1,INFP
2026-07-27T00:21:32.944000+00:00,Andrea Salazar Munoz,Masculino,18-22,3,5,2,5,1,5,3,3,3,4,3,3,2,2,1,3,4,3,4,2,3,2,4,4,-9,-1,-1,3,INFJ
2026-07-20T22:13:42.675000+00:00,Santiago Flores Garcia,Femenino,18-22,3,4,4,2,1,5,2,3,5,3,2,3,5,5,4,4,2,2,3,4,3,5,5,5,-3,0,0,-3,ISTP
2026-07-12T18:47:11.506000+00:00,Julieta Cruz Acosta,Masculino,18-22,1,1,2,4,3,5,3,2,3,3,2,3,2,4,3,4,4,2,4,1,5,5,5,2,-4,0,-1,6,ISFJ
2026-07-20T11:05:20.203000+00:00,Martina Romero Sanchez,Femenino,18-22,4,5,2,2,3,5,2,3,3,3,3,3,3,4,4,4,2,4,5,2,3,3,2,3,-3,-1,-3,2,INFJ
2026-07-21T04:38:03.277000+00:00,Sofia Vargas Rojas,Masculino,18-22,3,4,4,4,1,5,2,4,4,3,3,5,2,4,1,5,2,3,1,1,5,2,1,2,-5,-3,-7,2,INFJ
2026-07-17T08:22:38.572000+00:00,Victoria Navarro Silva,Masculino,18-22,3,3,4,4,3,5,3,3,3,4,5,2,3,4,3,4,4,5,4,1,3,3,3,3,-2,2,-3,3,ISFJ
2026-07-24T14:51:17.020000+00:00,Leonardo Jimenez Ruiz,Femenino,18-22,2,3,5,2,4,4,5,5,4,2,4,3,4,1,5,1,2,4,4,3,4,4,5,1,2,3,5,5,ESTJ
2026-07-20T01:12:41.266000+00:00,Carlos Garcia Salazar,Masculino,18-22,2,3,2,4,1,5,4,5,3,2,4,3,2,4,3,4,3,5,5,3,3,1,4,4,-7,1,-5,4,ISFJ
2026-07-19T19:34:58.762000+00:00,Mariana Salazar Rodriguez,Femenino,23-27,5,3,3,3,2,2,5,1,2,3,2,2,2,4,4,3,5,3,5,3,5,3,5,2,2,3,1,7,ESTJ
2026-07-20T19:58:09.573000+00:00,Regina Castro Herrera,Masculino,18-22,4,2,3,3,2,3,4,5,3,3,4,5,3,4,3,5,5,5,4,5,4,4,4,5,1,-2,-3,-2,ENFP
2026-07-19T23:41:17.433000+00:00,David Ramos Rivera,Masculino,18-22,5,3,4,5,5,2,3,4,4,1,3,5,1,2,3,1,3,2,3,5,2,4,5,4,4,0,2,-3,ESTP
2026-07-21T08:14:10.374000+00:00,Alejandro Pena Maldonado,Femenino,18-22,4,1,4,3,4,1,1,3,4,4,5,2,3,2,3,4,3,2,4,4,2,1,5,2,7,1,1,4,ESTJ
2026-07-20T21:38:48.826000+00:00,Matias Moreno Gonzalez,Femenino,18-22,3,5,2,5,3,3,2,4,5,1,5,3,4,4,2,4,5,2,3,3,3,2,3,2,-5,4,1,2,ISTJ
2026-07-21T08:12:58.762000+00:00,Camila Vega Pena,Femenino,23-27,3,4,3,5,4,2,4,1,4,4,2,2,1,3,5,3,3,1,5,1,4,4,4,2,-1,3,2,6,ISTJ
2026-07-26T09:59:05.108000+00:00,Victoria Navarro Ramos,Masculino,18-22,1,4,2,5,1,5,4,3,5,2,4,4,2,5,2,4,5,4,2,3,3,3,5,1,-10,4,-4,3,ISFJ
2026-07-13T23:52:38.529000+00:00,Nicolas Ramirez Morales,Otro,18-22,4,5,3,3,4,2,2,4,5,5,4,5,2,5,4,4,3,4,5,3,4,1,3,2,1,-3,-4,6,ENFJ
2026-07-16T10:39:04.462000+00:00,Matias Guerrero Martinez,Masculino,23-27,5,2,4,4,2,1,3,3,1,2,1,4,1,1,5,1,4,2,3,4,2,2,4,5,4,-4,6,-2,ENTP
2026-07-25T20:53:03.080000+00:00,Renata Ortiz Vargas,Femenino,18-22,4,4,1,4,2,5,5,2,1,4,1,1,2,5,1,5,2,4,1,4,5,2,2,2,-6,0,-9,0,ISFJ
2026-07-27T03:44:18.617000+00:00,Martina Sanchez Martinez,Masculino,18-22,4,3,3,5,3,5,4,2,4,4,4,3,2,5,5,4,5,3,3,2,3,4,3,2,-3,3,0,1,ISTJ
2026-07-22T20:54:11.506000+00:00,Julieta Gomez Delgado,Masculino,18-22,3,2,3,5,1,5,4,4,3,4,3,3,1,5,1,4,4,3,3,2,5,5,5,1,-5,-1,-6,5,INFJ
2026-07-20T19:00:59.501000+00:00,Mateo Perez Munoz,Femenino,18-22,4,3,2,5,2,5,5,4,4,4,3,4,4,4,2,4,3,4,2,3,4,1,5,2,-5,0,-3,5,ISFJ
2026-07-16T00:06:37.003000+00:00,Sebastian Garcia Ruiz,Femenino,33+,2,5,1,5,2,2,5,3,2,2,3,4,3,4,3,4,5,2,5,3,4,3,4,4,-7,1,1,3,ISTJ
2026-07-18T15:25:17.004000+00:00,Fernanda Rojas Ramos,Masculino,18-22,3,4,4,4,2,4,3,5,4,5,4,5,1,5,2,5,3,3,4,5,5,2,4,5,-3,-4,-7,1,INFJ
2026-07-19T07:10:20.203000+00:00,Isabella Pena Flores,Femenino,18-22,2,4,2,3,2,4,2,3,5,5,2,4,4,5,3,3,3,2,5,2,3,2,3,3,-5,-3,0,4,INTJ
2026-07-20T10:57:25.651000+00:00,Eduardo Silva Gomez,Masculino,18-22,4,5,1,3,2,5,4,2,5,3,4,3,2,2,3,4,5,5,3,3,5,4,4,3,-6,5,-1,2,ISFJ
2026-07-27T10:30:18.617000+00:00,Regina Aguilar Morales,Masculino,18-22,3,5,4,5,4,3,4,4,2,5,2,3,2,4,3,4,4,4,2,3,1,4,4,3,-2,-4,-3,-3,INFP
2026-07-18T09:06:58.085000+00:00,Julieta Alvarez Vargas,Masculino,18-22,2,3,5,2,1,3,5,2,5,5,3,5,1,4,5,4,5,5,5,5,2,1,5,1,0,1,-2,5,ESFJ
2026-07-19T02:17:42.675000+00:00,Fernanda Flores Navarro,Femenino,18-22,3,3,4,2,3,5,3,2,5,4,3,3,4,4,3,3,3,3,2,3,3,5,3,5,0,2,0,-5,ESTP
2026-07-13T16:35:10.374000+00:00,Matias Torres Hernandez,Femenino,18-22,3,1,5,2,2,2,1,1,3,5,5,1,5,2,3,3,5,2,3,4,1,1,5,2,5,2,6,2,ESTJ
2026-07-19T17:50:18.617000+00:00,Eduardo Silva Pena,Masculino,18-22,4,3,4,4,4,5,3,2,4,4,3,3,4,4,4,4,4,4,3,3,2,3,4,4,0,1,0,-1,ESTP
2026-07-11T11:36:17.161000+00:00,Felipe Reyes Herrera,Masculino,18-22,2,3,3,5,4,4,1,5,5,5,2,5,4,4,1,5,3,3,4,5,5,1,4,4,-3,-7,-4,3,INFJ
2026-07-17T21:28:25.651000+00:00,Matias Mendez Salazar,Masculino,18-22,2,5,1,4,2,4,4,3,5,1,5,4,2,2,3,5,4,5,2,2,3,2,4,3,-8,6,-3,2,ISFJ
2026-07-24T13:44:04.989000+00:00,Jorge Castro Guzman,Femenino,18-22,2,4,1,1,5,5,3,4,5,4,1,3,2,1,4,4,1,2,3,1,4,4,5,1,-2,-2,0,6,INTJ
2026-07-23T07:16:48.855000+00:00,Leonardo Ruiz Diaz,Femenino,18-22,3,5,5,4,2,4,3,3,5,5,1,4,2,3,1,5,3,4,1,2,5,4,1,4,-3,-3,-6,-3,INFP
2026-07-23T15:34:17.004000+00:00,Jorge Navarro Soto,Masculino,18-22,4,4,4,4,1,4,4,5,5,4,3,4,2,4,3,5,2,4,4,5,5,3,4,5,-3,-1,-6,0,INFJ
2026-07-14T17:46:17.161000+00:00,Jorge Jimenez Salazar,Masculino,18-22,1,5,3,5,2,3,2,3,4,4,3,4,5,3,2,3,3,3,3,3,5,3,4,3,-7,-2,1,3,INTJ
2026-07-14T09:25:03.277000+00:00,Mateo Gutierrez Gomez,Masculino,18-22,2,4,3,3,1,4,4,5,5,3,4,5,2,5,1,4,2,5,2,2,4,3,1,1,-5,0,-9,1,ISFJ
2026-07-11T22:43:48.826000+00:00,David Delgado Castillo,Femenino,18-22,4,4,3,5,3,3,4,3,4,2,3,3,2,3,2,4,3,3,3,3,5,1,4,3,-2,3,-3,5,ISFJ
2026-07-18T00:05:17.004000+00:00,Juan Ruiz Herrera,Masculino,18-22,3,4,2,4,1,5,4,4,4,4,5,4,1,5,2,4,1,4,5,4,5,2,4,4,-7,1,-9,4,ISFJ
2026-07-12T06:57:12.944000+00:00,Regina Aguilar Medina,Masculino,18-22,5,3,3,3,4,5,4,1,4,3,5,5,3,5,5,3,5,5,5,1,4,4,4,1,1,4,0,7,ESTJ
2026-07-19T12:23:25.399000+00:00,Mateo Mendoza Fernandez,Masculino,18-22,5,3,4,2,1,3,3,2,3,1,3,2,1,5,3,3,4,2,4,1,5,2,4,2,2,4,-2,8,ESFJ
2026-07-18T06:05:32.131000+00:00,Alejandro Vasquez Gomez,Femenino,28-32,2,4,4,4,5,4,1,4,2,3,5,3,4,1,3,2,4,5,1,5,2,1,5,5,-1,-2,3,-3,INTP
2026-07-16T07:37:48.826000+00:00,Camila Gomez Ramirez,Femenino,18-22,2,5,3,5,1,5,3,3,4,1,5,2,4,3,2,3,4,3,2,3,3,3,3,2,-9,6,1,0,ISTJ
2026-07-14T20:27:20.671000+00:00,Sofia Moreno Torres,Femenino,18-22,1,2,5,3,3,2,5,2,4,3,3,4,2,3,3,5,3,5,5,5,4,1,5,1,2,3,-5,7,ESFJ
2026-07-19T06:51:20.671000+00:00,Diego Guerrero Herrera,Femenino,18-22,2,1,4,2,5,2,3,3,4,3,5,5,1,4,4,3,5,4,4,5,5,1,5,2,6,1,-1,6,ESFJ
2026-07-13T20:47:30.977000+00:00,Luis Aguilar Gomez,Masculino,18-22,4,1,3,3,3,5,3,5,5,4,4,5,5,4,2,5,1,5,5,5,3,3,5,3,1,-2,-6,2,ENFJ
2026-07-12T06:00:10.723000+00:00,Tomas Vargas Mendez,Masculino,18-22,2,5,5,5,2,4,4,5,4,5,2,5,4,2,5,1,4,1,4,2,4,5,5,4,-5,-5,9,2,INTJ
2026-07-27T05:11:09.634000+00:00,Camila Hernandez Silva,Masculino,23-27,4,3,5,3,1,4,4,3,5,3,4,3,2,3,5,3,3,4,5,2,4,3,4,4,0,4,0,4,ESTJ
2026-07-26T01:44:56.881000+00:00,Matias Herrera Alvarez,Femenino,18-22,5,3,3,3,5,4,2,1,4,2,1,3,2,2,3,2,2,3,1,3,3,5,1,1,3,1,0,-4,ESTP
2026-07-25T20:01:58.085000+00:00,Sofia Lopez Mendez,Masculino,18-22,4,3,5,3,3,3,4,3,4,5,4,5,3,4,5,4,4,4,3,5,4,1,5,2,3,-1,0,4,ENTJ
2026-07-21T02:42:15.976000+00:00,Julieta Ramirez Navarro,Femenino,18-22,5,4,1,1,2,3,4,3,5,1,3,4,5,2,5,2,4,2,3,3,4,1,4,2,0,4,8,5,ESTJ
2026-07-17T13:13:04.989000+00:00,Tomas Silva Diaz,Femenino,18-22,3,3,2,1,5,5,3,3,3,5,3,5,1,1,3,2,1,2,5,1,3,3,5,1,1,-4,0,8,ENTJ
2026-07-15T18:16:48.855000+00:00,Ximena Medina Silva,Femenino,18-22,5,5,3,5,3,5,1,4,5,5,1,5,1,3,1,4,2,4,2,3,4,4,2,5,-4,-7,-7,-4,INFP
2026-07-22T15:17:48.826000+00:00,Carlos Rios Maldonado,Femenino,18-22,3,5,3,5,2,4,4,4,3,3,5,2,3,5,2,4,4,1,2,3,5,1,4,1,-6,3,-1,6,ISFJ
2026-07-20T06:07:43.226000+00:00,Fernanda Sanchez Gutierrez,Masculino,18-22,2,4,1,5,1,5,1,5,5,3,3,5,3,5,1,4,1,4,5,5,5,1,5,5,-10,-4,-8,4,INFJ
2026-07-18T06:25:38.572000+00:00,Juan Rojas Silva,Masculino,18-22,4,3,5,4,3,4,4,4,4,2,5,3,4,3,4,3,4,4,3,2,4,4,3,1,1,4,2,3,ESTJ
2026-07-23T22:39:30.977000+00:00,Martina Vega Rodriguez,Masculino,18-22,4,2,3,2,2,5,4,5,5,3,4,5,3,2,2,4,2,5,5,3,5,2,3,2,0,0,-4,6,ESFJ
2026-07-23T10:23:17.433000+00:00,Leonardo Rios Vega,Masculino,18-22,5,3,5,4,5,2,4,5,3,1,3,5,1,3,3,1,4,3,3,5,2,5,4,4,6,-1,1,-5,ENTP
2026-07-13T21:01:05.108000+00:00,Samantha Vargas Pena,Masculino,18-22,1,4,3,5,2,5,3,1,5,3,3,4,2,4,4,4,3,3,2,3,4,2,5,3,-8,3,-2,3,ISFJ
2026-07-21T12:00:17.004000+00:00,Gabriel Mendez Perez,Masculino,18-22,4,5,4,5,2,5,5,4,5,4,4,5,3,5,1,4,1,5,4,3,5,2,5,4,-5,1,-9,5,ISFJ
2026-07-21T23:53:11.216000+00:00,Emilio Silva Perez,Masculino,18-22,3,2,3,5,2,5,4,2,5,2,4,3,2,4,3,3,3,1,4,2,4,4,4,4,-4,6,0,2,ISTJ
2026-07-20T16:43:20.671000+00:00,Andrea Chavez Jimenez,Femenino,18-22,1,3,5,3,4,1,5,3,4,1,3,3,3,4,4,4,4,4,4,4,4,1,5,1,3,5,-1,7,ESFJ
2026-07-18T07:47:03.277000+00:00,Jorge Jimenez Gutierrez,Masculino,18-22,3,5,5,5,2,5,4,5,3,3,4,4,1,4,1,5,3,4,3,1,3,3,2,2,-5,-1,-8,2,INFJ
2026-07-21T18:13:38.529000+00:00,Jorge Acosta Medina,Otro,18-22,2,5,3,3,5,2,2,3,5,3,5,3,2,4,3,3,2,4,5,3,2,1,3,3,0,3,-4,3,ESFJ
2026-07-14T05:27:51.949000+00:00,Emilio Rivera Gonzalez,Femenino,18-22,2,4,1,5,2,5,4,2,4,1,3,1,2,2,4,3,1,2,4,5,4,1,5,2,-9,7,0,5,ISTJ
2026-07-13T22:56:30.205000+00:00,Emilia Cruz Ramirez,Masculino,33+,1,1,5,4,2,4,4,2,3,5,5,4,5,3,3,3,5,1,5,3,4,1,3,1,-1,1,6,7,ISTJ
2026-07-26T01:38:20.671000+00:00,Natalia Castillo Pena,Femenino,18-22,1,3,4,1,5,3,4,2,5,3,3,4,3,3,3,4,4,4,4,5,4,1,4,1,3,3,-1,5,ESFJ
2026-07-12T16:49:17.161000+00:00,Nicolas Guzman Castro,Masculino,18-22,1,3,5,4,3,4,3,4,5,5,1,3,4,4,1,4,2,4,5,5,5,3,4,3,-2,-3,-5,3,INFJ
2026-07-26T10:48:20.671000+00:00,Fernando Castillo Guzman,Femenino,18-22,1,2,5,1,3,2,5,2,3,1,5,4,3,3,4,4,5,5,5,4,4,1,5,1,4,6,0,8,ESTJ
2026-07-27T07:14:11.216000+00:00,Gabriel Navarro Alvarez,Masculino,18-22,3,4,2,4,2,3,4,2,5,2,2,1,3,4,4,2,5,3,4,3,4,4,4,3,-4,6,3,2,ISTJ
2026-07-27T19:30:59.501000+00:00,Sebastian Gomez Torres,Femenino,18-22,4,4,4,4,1,5,4,2,3,4,4,2,5,2,2,2,5,2,1,2,4,1,4,2,-4,3,6,4,ISTJ
2026-07-25T20:46:58.762000+00:00,Fernanda Guerrero Vargas,Femenino,23-27,5,3,3,4,4,3,3,1,4,4,3,3,1,4,5,2,4,3,4,3,4,4,5,1,2,2,1,5,ESTJ
2026-07-11T20:03:40.939000+00:00,Emilia Morales Sanchez,Masculino,18-22,2,4,1,5,2,5,2,3,4,1,4,5,5,5,4,3,2,3,4,4,3,1,4,1,-9,1,0,5,ISTJ
2026-07-22T19:59:17.161000+00:00,Miguel Martinez Acosta,Masculino,18-22,2,4,5,5,4,5,3,4,4,5,1,5,3,4,2,4,3,4,5,5,5,2,4,3,-3,-6,-4,4,INFJ
2026-07-11T17:13:10.723000+00:00,Samuel Vega Ruiz,Masculino,18-22,4,4,4,5,1,5,5,4,5,5,1,3,5,1,5,1,5,1,5,1,4,3,5,3,-5,-1,12,7,INTJ
2026-07-26T18:23:20.203000+00:00,Tomas Mendez Mendez,Femenino,18-22,2,5,2,3,1,4,1,2,5,4,2,4,4,4,4,4,3,3,3,3,4,3,2,3,-7,-2,0,0,INTJ
2026-07-20T16:52:58.762000+00:00,Felipe Ortiz Rojas,Femenino,23-27,5,3,4,5,2,2,3,2,4,2,3,3,3,5,5,1,5,2,4,2,3,3,5,1,1,3,5,6,ESTJ
2026-07-26T03:22:56.881000+00:00,Leonardo Pena Munoz,Femenino,18-22,4,3,2,2,5,4,3,1,5,4,1,4,4,1,5,3,3,2,3,3,4,5,1,2,2,0,6,-2,ESTP
2026-07-15T00:50:30.205000+00:00,Jorge Munoz Salazar,Masculino,33+,3,1,5,4,1,5,5,3,1,4,4,5,5,3,4,5,5,1,3,5,4,3,2,3,-1,-2,5,-2,INTP
2026-07-22T10:51:48.855000+00:00,Alejandro Lopez Maldonado,Femenino,18-22,3,5,5,5,3,5,3,5,5,5,2,5,1,5,1,4,2,4,1,2,5,5,1,5,-4,-5,-9,-5,INFP
2026-07-21T10:44:10.374000+00:00,Emilio Guerrero Hernandez,Femenino,18-22,3,1,5,1,3,1,1,3,3,4,5,3,3,1,3,2,3,1,3,4,2,1,5,2,8,-1,5,3,ENTJ
2026-07-22T00:52:10.374000+00:00,Emilio Romero Martinez,Femenino,18-22,3,2,3,1,2,1,1,1,4,4,5,3,3,2,3,4,4,1,3,4,2,2,5,1,4,2,3,3,ESTJ
2026-07-22T13:03:20.203000+00:00,Felipe Romero Delgado,Femenino,18-22,3,5,4,2,2,5,1,2,3,5,4,5,2,5,4,4,4,3,4,1,3,3,2,3,-3,-4,-2,2,INFJ
2026-07-21T12:12:09.634000+00:00,Fernando Salazar Martinez,Masculino,23-27,4,5,4,5,2,3,4,1,3,2,3,3,3,3,5,3,4,2,4,4,4,3,2,3,-3,4,4,0,ISTJ
2026-07-24T12:37:53.029000+00:00,Diego Ramirez Maldonado,Masculino,18-22,2,3,5,1,2,1,2,2,4,3,2,2,3,3,3,4,4,3,3,5,1,1,4,5,4,1,0,-3,ESTP
2026-07-21T03:48:25.399000+00:00,Mia Ruiz Rivera,Masculino,18-22,5,4,5,3,1,5,2,1,3,1,3,3,1,4,2,4,3,1,5,2,5,4,3,1,-1,3,-3,6,ISFJ
2026-07-19T23:12:01.471000+00:00,David Flores Guzman,Masculino,18-22,2,4,3,4,2,3,5,4,4,2,4,2,4,3,4,5,4,4,5,4,3,4,5,1,-4,5,0,4,ISTJ
2026-07-15T03:11:56.881000+00:00,Andres Navarro Ramos,Femenino,18-22,5,4,1,4,5,4,2,1,4,2,3,3,3,3,3,2,2,2,3,3,5,4,3,3,-1,3,1,1,ISTJ
2026-07-23T10:56:23.103000+00:00,Santiago Ruiz Castro,Masculino,18-22,5,1,3,2,3,4,1,3,3,3,1,3,2,2,5,2,5,3,4,3,4,1,5,5,4,-4,5,4,ENTJ
2026-07-19T07:52:34.267000+00:00,Andres Medina Perez,Femenino,18-22,1,4,1,3,3,4,4,2,5,1,4,2,3,1,3,1,5,2,4,3,4,1,5,3,-6,8,7,6,ISTJ
2026-07-24T23:25:01.471000+00:00,Regina Rivera Herrera,Masculino,18-22,2,3,4,2,1,3,4,5,5,3,2,2,2,5,3,5,4,4,3,3,2,4,3,1,-1,1,-5,0,ISFJ
2026-07-17T16:19:22.619000+00:00,Renata Fernandez Castro,Otro,18-22,2,3,3,5,2,5,4,4,4,5,2,3,3,2,3,5,2,5,2,5,4,4,4,5,-6,-2,-4,-4,INFP
2026-07-26T22:18:32.753000+00:00,Sofia Castro Mendez,Femenino,18-22,2,4,2,5,1,3,4,1,3,2,5,5,4,4,5,3,1,2,4,5,3,4,2,3,-7,4,1,-3,ISTP
2026-07-22T07:16:11.216000+00:00,Martina Aguilar Castillo,Masculino,18-22,3,4,2,5,1,4,3,4,5,2,3,1,2,3,5,3,4,1,3,2,3,3,3,3,-7,4,4,1,ISTJ
2026-07-19T15:49:05.108000+00:00,Jorge Gomez Ramos,Masculino,18-22,2,5,3,5,1,5,3,3,5,2,2,4,4,4,2,4,5,5,3,2,3,2,3,1,-9,1,-2,4,ISFJ
2026-07-18T02:45:56.881000+00:00,Fernando Delgado Ramos,Femenino,18-22,4,3,2,2,5,3,3,1,4,2,2,3,4,3,4,3,3,2,3,1,3,5,1,1,3,3,3,0,ESTJ
2026-07-20T12:08:18.617000+00:00,Paulina Vega Rivera,Masculino,18-22,3,3,5,5,3,5,5,4,2,5,2,5,4,3,4,2,4,3,3,2,2,2,4,4,-2,-5,4,1,INTJ
2026-07-14T21:18:10.374000+00:00,Renata Romero Mendez,Femenino,18-22,3,1,5,1,3,1,1,1,4,5,5,2,4,2,4,4,5,1,4,4,3,2,5,1,8,2,6,5,ESTJ
2026-07-26T23:33:06.193000+00:00,Andres Guerrero Jimenez,Femenino,18-22,2,3,1,3,2,4,2,3,3,4,4,2,1,4,4,2,2,3,3,2,3,1,3,2,-5,0,-2,4,ISFJ
2026-07-19T19:32:42.675000+00:00,Camila Rojas Rios,Femenino,18-22,4,4,2,2,2,5,3,3,5,4,4,2,5,5,2,4,4,2,2,4,3,5,4,5,-3,3,0,-5,ISTP
2026-07-27T12:09:41.266000+00:00,Andres Rivera Delgado,Masculino,18-22,3,3,2,5,2,4,3,5,4,2,2,4,1,4,4,4,3,5,5,3,4,3,5,4,-5,-2,-5,4,INFJ
2026-07-24T01:07:53.029000+00:00,Elena Chavez Ramos,Masculino,18-22,1,3,4,1,1,2,2,1,2,4,2,2,3,2,4,4,2,5,1,3,3,1,4,5,0,-1,-2,-1,ENFP
2026-07-23T03:06:01.471000+00:00,Antonella Munoz Romero,Masculino,18-22,2,4,4,4,3,3,4,4,5,2,4,1,2,5,5,5,2,2,4,2,2,4,5,2,-2,6,-3,3,ISFJ
2026-07-18T05:22:04.989000+00:00,Julieta Rios Chavez,Femenino,18-22,4,5,1,3,5,5,3,4,3,3,1,3,3,3,4,4,1,2,5,1,2,3,4,1,-3,-3,-1,6,INFJ
2026-07-18T00:41:25.399000+00:00,Emilio Rios Castillo,Masculino,18-22,5,3,5,3,2,5,4,2,4,1,3,4,2,5,4,5,5,3,5,1,4,2,2,1,1,4,-2,7,ESFJ
2026-07-17T14:26:51.949000+00:00,Juan Gonzalez Rojas,Femenino,18-22,2,4,3,4,1,4,5,3,4,2,3,1,3,2,4,3,1,1,4,4,5,1,4,1,-6,6,2,7,ISTJ
2026-07-16T18:44:15.976000+00:00,Santiago Mendez Cruz,Femenino,18-22,5,4,1,1,1,1,3,3,4,1,3,5,4,2,5,2,3,4,4,3,4,2,5,3,1,1,4,5,ESTJ
2026-07-24T15:13:20.950000+00:00,Eduardo Ruiz Aguilar,Masculino,23-27,3,5,3,4,3,5,5,3,5,3,5,5,5,4,3,1,2,4,1,5,1,2,1,5,-5,4,1,-9,ISTP
2026-07-23T12:10:09.634000+00:00,Leonardo Mendez Hernandez,Masculino,23-27,3,3,4,5,2,4,4,3,4,2,3,4,4,2,5,3,3,2,5,2,5,3,3,4,-3,2,5,4,ISTJ
2026-07-24T16:49:18.617000+00:00,Gabriel Perez Mendoza,Masculino,18-22,3,4,5,5,3,4,5,4,4,4,3,3,4,3,4,4,5,2,3,3,1,2,3,2,-2,1,4,0,ISTJ
2026-07-27T21:52:37.003000+00:00,Fernanda Ramirez Cruz,Femenino,33+,3,4,1,5,2,2,3,4,1,1,4,3,4,4,3,2,5,2,3,3,4,3,5,2,-5,0,4,4,ISTJ
2026-07-13T19:45:15.831000+00:00,Valentina Romero Munoz,Masculino,18-22,3,4,2,5,1,5,2,4,4,3,5,5,3,5,2,5,3,4,2,3,3,5,4,4,-8,-1,-6,-3,INFP
2026-07-26T02:41:15.976000+00:00,Paulina Morales Salazar,Femenino,18-22,3,4,1,1,2,1,2,2,4,2,3,5,4,4,5,4,3,2,4,3,4,1,4,1,0,0,2,7,ESTJ
2026-07-23T07:18:15.976000+00:00,Juan Navarro Jimenez,Femenino,18-22,4,2,1,1,1,2,4,1,4,1,3,5,4,3,5,4,3,2,4,3,3,1,5,2,1,4,3,6,ESTJ
2026-07-23T08:25:03.277000+00:00,Matias Chavez Ramos,Masculino,18-22,2,5,5,4,1,5,2,3,5,4,3,4,2,5,2,4,3,3,2,1,5,4,1,2,-6,-1,-5,1,INFJ
2026-07-15T08:27:03.277000+00:00,Miguel Fernandez Mendoza,Masculino,18-22,3,5,5,5,1,5,3,5,5,4,4,5,3,5,2,4,3,5,3,1,5,3,1,2,-6,-2,-6,3,INFJ
2026-07-16T19:07:28.818000+00:00,Andrea Guerrero Ortiz,Masculino,18-22,5,5,4,2,3,3,4,4,4,2,4,1,4,2,5,2,5,5,5,1,5,3,3,1,2,5,5,8,ESTJ
2026-07-15T10:51:32.753000+00:00,Mateo Chavez Alvarez,Femenino,18-22,3,5,3,5,2,5,3,1,2,3,5,4,2,3,5,4,3,1,4,3,3,4,3,3,-7,2,2,0,ISTJ
2026-07-19T03:54:12.944000+00:00,Sebastian Herrera Mendoza,Masculino,18-22,3,3,5,3,4,5,5,2,4,2,5,3,3,5,5,5,5,5,5,3,4,4,5,1,1,7,-2,6,ESFJ
2026-07-26T08:18:15.976000+00:00,Martina Flores Ramos,Femenino,18-22,5,2,2,1,2,3,2,1,5,2,4,3,4,3,4,2,5,3,3,2,3,1,5,1,3,5,5,7,ESTJ
2026-07-24T02:38:25.651000+00:00,Ana Rios Guzman,Masculino,18-22,2,4,1,4,2,5,4,3,5,3,4,3,3,2,5,4,4,5,3,4,4,2,4,3,-8,4,1,2,ISTJ
2026-07-16T20:09:56.881000+00:00,Ximena Romero Torres,Femenino,18-22,5,4,2,2,5,4,4,1,5,2,2,3,2,3,3,4,3,2,3,2,3,4,2,3,2,5,-1,-1,ESFP
2026-07-20T10:12:30.977000+00:00,Emilia Vasquez Vargas,Masculino,18-22,2,3,2,1,3,5,4,5,5,4,2,3,3,4,3,3,2,4,4,3,5,2,3,2,-2,-1,-3,5,INFJ
2026-07-22T08:20:17.161000+00:00,Samuel Guerrero Chavez,Masculino,18-22,1,3,3,5,3,5,2,5,4,5,2,4,5,5,1,3,3,5,4,4,5,2,3,5,-6,-6,-4,1,INFJ
2026-07-20T16:34:30.205000+00:00,Fernanda Medina Garcia,Masculino,33+,1,2,5,5,1,4,3,3,2,5,3,5,4,3,4,5,3,1,5,3,4,3,4,2,-4,-5,2,5,INTJ
2026-07-26T21:22:34.267000+00:00,Paulina Herrera Flores,Femenino,18-22,3,3,2,4,1,4,5,3,5,1,4,3,3,1,4,1,3,4,5,1,2,1,4,1,-5,7,4,8,ISTJ
2026-07-25T07:05:53.029000+00:00,Samuel Alvarez Moreno,Masculino,18-22,2,2,5,2,2,2,3,1,3,2,2,3,1,2,3,4,3,4,2,3,1,1,4,4,3,2,-3,-1,ESFP
2026-07-20T11:30:58.085000+00:00,Elena Mendez Navarro,Masculino,18-22,2,3,5,2,1,2,5,4,3,4,5,4,1,4,5,4,5,5,3,5,2,1,5,1,1,1,-2,3,ESFJ
2026-07-19T15:52:40.939000+00:00,Matias Delgado Ruiz,Masculino,18-22,1,4,1,4,3,5,1,3,5,3,5,3,4,4,3,4,3,3,4,4,1,1,5,1,-8,2,-1,4,ISFJ
2026-07-14T08:54:56.881000+00:00,Mariana Flores Rivera,Femenino,18-22,5,4,3,4,4,2,4,3,3,3,3,3,3,1,5,4,2,2,2,3,3,4,3,2,2,1,3,-1,ESTP
2026-07-23T17:02:15.831000+00:00,Ana Mendez Perez,Masculino,18-22,2,4,1,5,2,5,4,2,3,3,4,4,3,4,4,4,4,5,1,5,5,4,2,4,-9,2,-2,-5,ISFP
2026-07-23T05:52:48.826000+00:00,Ximena Moreno Castro,Femenino,18-22,4,4,2,4,2,5,2,2,5,3,4,2,2,5,4,3,5,2,4,2,5,2,4,1,-5,4,1,8,ISTJ
2026-07-20T14:37:30.205000+00:00,Pedro Soto Garcia,Masculino,33+,2,1,5,5,1,3,5,2,3,3,5,5,3,1,5,3,4,3,5,5,3,2,4,1,-1,3,5,4,ISTJ
2026-07-12T20:34:48.855000+00:00,Diego Mendoza Delgado,Femenino,18-22,5,4,5,5,4,4,2,4,5,4,1,3,2,3,1,4,2,4,2,2,4,5,1,5,1,-3,-6,-5,ENFP
2026-07-22T00:08:11.216000+00:00,Santiago Romero Salazar,Masculino,18-22,3,2,4,5,2,5,3,2,5,2,2,2,3,4,5,3,3,1,2,4,3,3,4,4,-3,4,3,-2,ISTP
2026-07-25T05:17:30.977000+00:00,Zoe Pena Morales,Masculino,18-22,3,1,4,1,4,5,5,5,5,5,4,3,3,4,2,5,1,3,5,5,3,3,5,3,4,1,-6,2,ESFJ
2026-07-18T11:40:25.399000+00:00,Fernanda Salazar Martinez,Masculino,18-22,5,2,5,3,3,5,3,2,4,1,2,3,2,5,4,3,4,2,5,1,4,4,4,2,3,3,0,6,ESTJ
2026-07-25T07:00:09.634000+00:00,Julieta Hernandez Sanchez,Masculino,23-27,3,5,3,5,1,3,4,2,5,3,4,3,3,2,5,2,4,2,5,2,5,2,2,2,-6,5,6,6,ISTJ
2026-07-18T12:24:03.277000+00:00,Juan Rivera Alvarez,Masculino,18-22,1,5,4,3,2,5,2,3,4,3,3,5,3,5,2,4,2,4,1,1,3,3,2,1,-6,-2,-6,1,INFJ
2026-07-14T22:15:17.004000+00:00,Diego Cruz Rodriguez,Masculino,18-22,4,5,3,4,3,5,5,3,4,4,3,5,2,5,1,3,1,4,4,4,5,3,5,4,-4,0,-8,3,ISFJ
2026-07-14T10:17:10.374000+00:00,Mia Perez Rios,Femenino,18-22,4,1,5,1,3,1,1,1,5,4,4,3,5,2,3,3,4,2,4,5,3,1,5,2,9,2,5,4,ESTJ
2026-07-14T19:16:32.944000+00:00,Emilia Soto Castillo,Masculino,18-22,3,5,1,5,1,4,3,1,5,4,2,5,2,4,1,4,4,4,3,3,2,3,5,5,-9,0,-5,-1,ISFP
2026-07-17T23:05:01.471000+00:00,Julieta Rivera Lopez,Masculino,18-22,2,3,2,2,1,3,5,4,5,4,3,2,4,5,3,4,3,3,5,3,3,4,3,3,-3,3,-2,1,ISFJ
2026-07-27T01:49:01.471000+00:00,Isabella Reyes Perez,Masculino,18-22,4,5,2,2,1,4,5,3,5,3,2,1,4,3,3,5,2,4,4,4,4,4,5,3,-4,5,-3,2,ISFJ
2026-07-20T19:16:17.004000+00:00,Mariana Gonzalez Delgado,Masculino,18-22,4,5,3,5,2,5,4,3,4,5,3,5,1,3,3,3,3,3,5,5,4,1,5,5,-6,-2,-2,3,INFJ
2026-07-21T12:43:58.085000+00:00,Valeria Lopez Flores,Masculino,18-22,4,4,4,3,1,1,5,2,3,5,3,5,1,4,5,5,4,5,5,5,2,1,4,1,1,-1,-4,4,ENFJ
2026-07-20T14:07:34.267000+00:00,Gabriel Alvarez Rivera,Femenino,18-22,1,3,1,4,1,5,5,1,3,1,2,1,4,1,2,2,3,3,5,1,3,1,5,2,-9,7,3,9,ISTJ
2026-07-19T14:00:23.103000+00:00,Victoria Munoz Vega,Masculino,18-22,5,1,4,1,5,5,2,3,1,2,1,3,2,1,5,3,5,3,3,5,5,2,4,3,7,-4,5,2,ENTJ
2026-07-27T11:36:23.103000+00:00,Sofia Lopez Silva,Masculino,18-22,4,2,3,1,4,3,1,3,2,2,2,5,3,1,5,2,5,4,4,3,4,2,5,5,5,-5,6,3,ENTJ
2026-07-25T17:02:34.267000+00:00,Victoria Vargas Hernandez,Femenino,18-22,2,4,2,3,1,5,5,2,5,2,3,3,4,1,3,2,4,4,5,3,2,1,4,1,-7,6,4,6,ISTJ
2026-07-21T09:40:43.226000+00:00,Isabella Aguilar Martinez,Masculino,18-22,1,5,1,5,1,5,3,3,5,4,3,4,3,4,2,5,3,3,4,5,4,1,5,5,-12,0,-4,2,ISFJ
2026-07-21T14:26:56.881000+00:00,Matias Torres Reyes,Femenino,18-22,5,3,2,3,5,3,3,2,4,3,1,2,3,1,4,4,2,3,1,2,5,5,3,3,3,1,1,-1,ESTP
2026-07-12T20:30:20.950000+00:00,Miguel Hernandez Herrera,Masculino,23-27,2,4,2,4,2,5,4,3,4,2,4,5,5,5,2,2,2,5,1,5,2,1,3,5,-7,2,-3,-5,ISFP
2026-07-23T11:25:40.939000+00:00,Tomas Lopez Gomez,Masculino,18-22,2,4,1,5,2,5,2,4,5,1,5,5,5,4,3,3,1,4,5,3,2,1,5,3,-9,2,-2,5,ISFJ
2026-07-26T16:39:23.103000+00:00,Eduardo Rodriguez Hernandez,Masculino,18-22,5,2,3,1,3,4,1,2,3,3,1,4,3,3,4,3,4,4,2,4,5,1,5,5,4,-4,1,2,ENTJ
2026-07-21T22:24:11.216000+00:00,Joaquin Garcia Rodriguez,Masculino,18-22,4,2,3,5,3,4,5,4,5,2,4,1,4,2,3,1,4,3,4,4,4,5,4,3,-1,7,5,0,ISTJ
2026-07-18T18:22:23.103000+00:00,Paulina Soto Romero,Masculino,18-22,5,1,4,1,3,4,1,2,3,3,2,4,2,1,4,4,5,2,2,5,5,1,4,3,6,-3,4,2,ENTJ
2026-07-16T15:28:32.131000+00:00,Samuel Navarro Rojas,Femenino,28-32,2,4,5,4,3,3,3,5,2,4,4,3,5,1,2,3,4,4,1,4,1,2,5,4,-1,-3,3,-3,INTP
2026-07-15T16:24:23.103000+00:00,Samantha Acosta Castillo,Masculino,18-22,5,1,2,1,4,4,3,3,2,2,2,5,3,3,4,4,5,4,3,4,4,1,4,4,5,-3,1,2,ENTJ
2026-07-12T12:45:20.950000+00:00,Sebastian Rivera Silva,Masculino,23-27,2,5,2,5,3,5,5,2,5,3,4,5,4,5,3,1,1,5,2,5,1,2,1,5,-8,4,-3,-8,ISFP
2026-07-16T17:52:20.950000+00:00,Sofia Castillo Delgado,Masculino,23-27,1,5,4,5,3,5,5,1,5,3,4,5,5,4,1,1,1,5,2,5,2,1,3,5,-7,5,-3,-4,ISFP
2026-07-18T06:09:15.976000+00:00,Emilia Guzman Alvarez,Femenino,18-22,4,3,2,1,1,1,2,3,5,1,3,3,4,2,5,2,4,2,2,4,5,3,5,2,2,3,7,3,ESTJ
2026-07-22T21:14:32.944000+00:00,Sebastian Castillo Aguilar,Masculino,18-22,3,5,1,4,1,4,3,2,3,4,2,4,4,4,2,3,3,3,2,4,3,1,5,5,-8,-2,-1,0,INFJ
2026-07-16T10:57:05.108000+00:00,Andres Reyes Jimenez,Masculino,18-22,1,5,2,4,1,5,2,1,5,1,4,5,3,3,2,4,3,5,3,2,4,3,3,1,-10,4,-4,4,ISFJ
2026-07-14T15:31:11.216000+00:00,Sebastian Martinez Acosta,Masculino,18-22,5,4,2,5,3,3,5,4,5,3,4,3,2,3,5,2,4,1,4,2,2,4,3,2,-2,4,5,1,ISTJ
2026-07-22T06:09:01.471000+00:00,Eduardo Delgado Diaz,Masculino,18-22,2,3,2,2,2,2,3,4,4,4,4,1,2,3,5,4,4,2,3,3,4,3,4,2,-1,2,2,3,ISTJ
2026-07-26T15:00:30.977000+00:00,Victoria Pena Moreno,Masculino,18-22,4,1,4,1,4,5,4,4,4,3,2,4,4,2,2,4,3,4,4,4,3,2,3,2,5,-1,-1,2,ENFJ
2026-07-16T05:23:17.161000+00:00,Valeria Lopez Aguilar,Masculino,18-22,2,5,4,4,2,3,2,4,5,5,1,5,5,5,1,4,1,5,4,5,5,2,5,5,-4,-6,-7,2,INFJ
2026-07-15T03:30:36.976000+00:00,Paulina Fernandez Diaz,Femenino,18-22,4,1,5,5,4,3,2,2,4,3,3,5,2,5,5,3,5,4,3,5,4,1,1,4,4,-1,0,-2,ENTP
2026-07-13T21:34:20.950000+00:00,Valentina Pena Garcia,Masculino,23-27,2,4,4,5,2,5,4,1,4,2,5,5,4,4,2,1,2,4,1,5,2,1,3,5,-6,5,-1,-5,ISFP
2026-07-17T04:22:37.003000+00:00,Emilia Guerrero Ortiz,Femenino,33+,3,5,2,4,3,3,5,3,1,1,5,3,4,2,3,4,3,4,3,4,5,5,3,4,-4,4,0,-2,ISTP
2026-07-22T17:13:03.277000+00:00,Paulina Rivera Pena,Masculino,18-22,3,5,3,4,2,4,2,4,3,2,3,5,1,4,1,4,2,5,3,1,3,4,1,1,-5,-3,-9,1,INFJ
2026-07-23T21:52:20.203000+00:00,Sebastian Ortiz Aguilar,Femenino,18-22,3,4,4,2,1,4,1,4,3,4,3,5,3,5,2,3,3,2,4,2,4,1,3,3,-2,-6,-2,5,INFJ
2026-07-23T08:23:01.471000+00:00,Martina Alvarez Gutierrez,Masculino,18-22,4,5,4,3,1,3,3,4,5,2,3,3,4,3,5,5,2,3,4,3,3,4,4,2,-2,2,0,2,ISTJ
2026-07-23T20:51:15.831000+00:00,Renata Rodriguez Fernandez,Masculino,18-22,3,5,1,5,1,5,3,2,3,3,3,3,3,5,4,4,4,4,2,4,5,4,3,5,-10,1,-2,-3,ISFP
2026-07-20T17:39:01.471000+00:00,Tomas Salazar Lopez,Masculino,18-22,4,5,2,3,1,2,4,5,4,2,3,2,4,4,5,5,3,4,5,3,4,3,5,2,-3,2,-1,6,ISFJ
2026-07-20T17:24:22.619000+00:00,Valentina Vega Ramos,Otro,18-22,3,3,1,5,2,5,4,4,4,4,4,5,4,2,3,5,2,5,2,4,3,4,5,5,-7,-1,-3,-3,INFP
2026-07-14T18:28:12.944000+00:00,Andrea Garcia Castro,Masculino,18-22,3,3,3,5,5,5,5,2,5,1,5,3,2,4,5,4,5,5,5,3,5,4,5,1,-2,9,-1,7,ISFJ
2026-07-21T11:35:32.131000+00:00,Felipe Castro Maldonado,Femenino,28-32,4,3,4,5,5,3,1,4,4,3,5,3,5,1,2,2,4,3,1,4,2,1,5,4,2,0,5,-1,ESTP
2026-07-20T11:30:27.487000+00:00,Sebastian Soto Torres,Femenino,18-22,4,2,3,1,5,2,4,1,4,3,3,4,2,4,5,1,3,2,4,3,3,1,5,2,7,3,3,6,ESTJ
2026-07-23T07:07:17.004000+00:00,Ximena Aguilar Rodriguez,Masculino,18-22,4,5,2,5,1,4,4,3,5,4,4,4,2,3,3,3,2,4,5,3,4,1,5,4,-7,2,-3,6,ISFJ
2026-07-24T07:56:10.723000+00:00,Victoria Gomez Herrera,Masculino,18-22,2,4,4,5,1,5,5,5,5,5,1,4,5,1,5,1,5,1,5,1,5,5,5,3,-7,-3,12,6,INTJ
2026-07-15T10:13:34.267000+00:00,Natalia Garcia Pena,Femenino,18-22,2,4,1,2,2,5,5,3,3,1,4,1,5,1,4,1,4,3,5,3,4,1,5,2,-6,7,8,8,ISTJ
2026-07-18T02:52:38.572000+00:00,Santiago Gonzalez Gonzalez,Masculino,18-22,3,4,4,2,3,5,2,5,4,4,5,2,5,3,4,5,5,3,3,2,4,4,5,1,-1,0,3,5,ISTJ
2026-07-19T20:02:15.831000+00:00,Nicolas Castillo Ramos,Masculino,18-22,2,5,1,5,1,5,4,4,5,3,3,4,1,4,4,5,4,3,2,3,4,5,4,4,-11,1,-3,-2,ISFP
2026-07-18T19:08:51.949000+00:00,Eduardo Castro Guerrero,Femenino,18-22,2,4,3,5,1,4,5,3,4,1,4,1,2,1,5,4,2,1,5,3,5,1,5,3,-7,8,3,8,ISTJ
2026-07-22T06:59:12.944000+00:00,Fernando Herrera Navarro,Masculino,18-22,3,5,4,3,5,5,4,2,5,2,5,5,3,5,5,5,5,5,5,1,4,4,4,1,-1,5,-2,7,ISFJ
2026-07-16T02:39:17.433000+00:00,Matias Rivera Ramos,Masculino,18-22,4,2,5,5,5,1,4,3,5,2,3,5,1,3,4,1,4,1,4,5,1,5,4,5,6,2,4,-6,ESTP
2026-07-20T10:09:03.080000+00:00,Camila Ramirez Hernandez,Femenino,18-22,5,2,3,5,2,5,3,1,1,3,3,1,2,3,2,4,2,4,2,2,5,2,1,2,-2,2,-5,2,ISFJ
2026-07-14T14:48:30.977000+00:00,Victoria Fernandez Gutierrez,Masculino,18-22,4,2,3,3,4,4,4,5,5,4,4,3,4,3,4,4,1,4,4,5,3,3,3,4,2,1,-2,-2,ESFP
2026-07-12T06:56:48.855000+00:00,Santiago Martinez Hernandez,Femenino,18-22,3,5,5,5,3,5,1,3,5,4,1,4,2,4,2,4,2,4,3,4,5,5,2,4,-4,-4,-6,-3,INFP
2026-07-23T13:08:15.831000+00:00,Sara Morales Ortiz,Masculino,18-22,2,4,1,5,2,4,4,3,4,5,3,5,1,4,4,4,4,3,1,3,5,3,4,5,-8,-2,-2,-1,INFP
2026-07-12T07:47:03.080000+00:00,Emilia Guzman Ramirez,Femenino,18-22,4,4,3,3,2,4,4,2,2,3,1,1,2,4,1,4,1,4,3,3,5,2,1,2,-2,1,-8,2,ISFJ
2026-07-22T12:34:42.675000+00:00,Fernando Cruz Alvarez,Femenino,18-22,2,2,2,2,2,5,3,3,5,2,4,4,5,5,4,5,2,3,3,4,3,5,5,5,-3,3,-2,-3,ISFP
2026-07-19T11:24:40.939000+00:00,Pedro Lopez Sanchez,Masculino,18-22,1,4,1,4,1,5,3,4,5,1,4,5,5,5,3,4,3,4,4,5,1,1,4,3,-10,2,-2,0,ISFJ
2026-07-21T23:56:28.818000+00:00,Joaquin Delgado Ortiz,Masculino,18-22,4,5,2,1,3,1,5,4,3,3,5,1,5,2,5,3,4,3,5,2,5,3,4,1,2,5,6,8,ESTJ
2026-07-18T13:36:41.266000+00:00,Andres Salazar Reyes,Masculino,18-22,4,3,1,5,2,4,2,5,4,3,2,2,1,5,2,5,1,4,5,4,3,1,3,4,-5,-2,-10,2,INFJ
2026-07-18T21:58:36.976000+00:00,Mateo Ortiz Reyes,Femenino,18-22,4,2,4,4,5,1,1,3,3,5,2,5,3,5,3,3,4,5,2,5,3,2,3,5,6,-7,-3,-4,ENFP
2026-07-18T01:23:20.203000+00:00,Paulina Munoz Garcia,Femenino,18-22,4,4,4,2,1,3,1,2,4,3,2,5,4,3,4,3,3,2,5,3,4,1,4,3,0,-3,3,6,ENTJ
2026-07-17T01:09:40.939000+00:00,Regina Gomez Reyes,Masculino,18-22,2,5,1,5,2,4,2,4,5,3,4,5,3,4,4,5,2,4,5,5,1,2,4,3,-9,-1,-4,0,INFJ
2026-07-23T18:13:36.976000+00:00,Diego Jimenez Silva,Femenino,18-22,5,1,5,3,4,2,2,2,5,3,1,5,1,5,3,3,5,5,1,5,4,1,2,5,8,-2,-4,-4,ENFP
2026-07-18T08:19:28.818000+00:00,Daniel Gomez Navarro,Masculino,18-22,3,3,3,1,2,2,3,3,3,2,3,3,5,1,5,2,3,5,5,2,5,2,4,2,2,1,5,8,ESTJ
2026-07-27T13:18:01.471000+00:00,Emilio Ramirez Ortiz,Masculino,18-22,2,3,2,3,2,2,4,5,5,4,4,3,3,4,5,4,3,2,5,4,4,3,5,1,-2,1,1,6,ISTJ
2026-07-14T07:50:04.989000+00:00,Diego Martinez Fernandez,Femenino,18-22,3,5,2,2,4,5,4,4,5,3,3,5,2,3,4,2,1,2,4,3,3,3,5,2,-3,0,0,4,ISTJ
2026-07-19T07:54:34.267000+00:00,Alejandro Jimenez Salazar,Femenino,18-22,2,5,1,3,2,5,4,3,3,1,4,1,3,1,4,1,3,4,5,3,3,1,5,3,-8,6,4,6,ISTJ
2026-07-25T13:28:58.085000+00:00,Daniel Salazar Martinez,Masculino,18-22,4,3,5,3,3,3,5,4,5,4,4,3,3,4,5,4,5,5,5,5,4,1,4,2,3,3,0,5,ESTJ
2026-07-25T20:28:30.977000+00:00,Andres Guzman Guzman,Masculino,18-22,4,3,2,3,3,4,5,5,4,3,2,4,3,4,3,3,2,4,5,3,4,1,4,4,-1,-1,-3,5,INFJ
2026-07-19T15:49:38.529000+00:00,Pedro Delgado Mendez,Otro,18-22,4,3,3,4,4,3,3,3,3,5,5,5,2,4,4,5,4,3,4,5,3,1,3,2,1,-2,-2,2,ENFJ
2026-07-24T10:08:56.881000+00:00,Martina Salazar Munoz,Femenino,18-22,5,3,2,2,4,3,4,1,4,3,1,2,3,2,3,2,4,4,1,2,3,5,1,1,3,3,2,-3,ESTP
2026-07-17T19:29:11.506000+00:00,Pedro Pena Rivera,Masculino,18-22,1,1,2,4,2,5,3,2,3,4,1,4,2,4,1,3,4,3,3,1,5,5,4,1,-5,-3,-3,5,INFJ
2026-07-18T06:56:38.529000+00:00,Fernando Vasquez Romero,Otro,18-22,3,3,2,4,4,4,3,3,3,5,3,4,3,5,3,4,3,5,4,5,4,1,3,3,-2,-3,-5,2,INFJ
2026-07-21T07:23:17.161000+00:00,Matias Silva Guerrero,Masculino,18-22,2,5,4,4,2,3,1,3,3,5,3,3,5,3,1,5,2,4,5,5,4,2,4,4,-4,-4,-4,2,INFJ
2026-07-17T12:26:12.944000+00:00,Diego Ortiz Alvarez,Masculino,18-22,4,3,4,3,5,4,5,2,4,1,5,3,2,5,4,5,5,4,5,3,4,5,5,2,3,8,-3,4,ESFJ
2026-07-17T10:27:15.976000+00:00,Martina Fernandez Pena,Femenino,18-22,3,4,2,2,1,1,2,1,5,1,3,3,3,3,4,4,3,2,2,3,4,3,5,3,-1,5,1,2,ISTJ
2026-07-18T12:56:25.651000+00:00,Zoe Rivera Medina,Masculino,18-22,2,4,2,4,1,5,4,3,4,2,3,3,2,2,4,5,4,3,3,2,3,2,4,1,-8,3,0,5,ISTJ
2026-07-21T10:33:20.641000+00:00,Sofia Munoz Castro,Femenino,23-27,2,2,3,4,3,4,1,1,3,2,3,1,3,1,1,5,4,4,5,1,5,2,5,3,-2,3,-2,9,ISFJ
2026-07-26T15:59:05.108000+00:00,Mateo Rivera Castro,Masculino,18-22,2,5,3,4,2,5,2,3,5,1,2,3,4,5,4,2,3,5,4,2,3,4,4,1,-7,2,-1,4,ISFJ
2026-07-15T10:13:09.573000+00:00,Valeria Guzman Gonzalez,Masculino,18-22,5,4,2,2,2,4,3,5,5,3,2,4,3,4,4,5,4,5,4,5,5,5,5,3,-1,-2,-3,1,INFJ
2026-07-23T06:20:32.753000+00:00,Andres Moreno Lopez,Femenino,18-22,1,5,3,5,3,3,3,3,3,3,3,4,2,4,3,5,1,3,3,4,4,5,3,1,-6,-1,-6,0,INFJ
2026-07-17T18:45:09.634000+00:00,Leonardo Hernandez Herrera,Masculino,23-27,3,5,4,5,1,4,5,2,3,2,3,3,4,2,5,4,2,4,4,4,5,3,4,3,-6,4,1,3,ISTJ
2026-07-20T18:00:20.671000+00:00,Daniel Guerrero Mendoza,Femenino,18-22,1,2,5,2,5,1,3,1,3,3,3,4,1,5,3,4,3,4,4,5,4,1,5,1,6,1,-6,6,ESFJ
2026-07-11T02:40:04.989000+00:00,Fernanda Ruiz Ortiz,Femenino,18-22,4,4,2,3,5,5,2,5,5,4,3,3,2,3,4,3,1,3,3,2,2,4,5,1,-1,-2,-2,3,INFJ
2026-07-17T22:36:03.080000+00:00,Isabella Vargas Perez,Femenino,18-22,3,4,3,5,1,5,5,3,1,5,2,2,3,5,3,4,2,2,2,3,3,3,3,1,-7,-2,-3,1,INFJ
2026-07-16T19:47:20.203000+00:00,Mia Vasquez Torres,Femenino,18-22,3,4,4,4,2,4,1,3,3,4,2,4,2,3,2,4,3,4,3,3,4,1,3,2,-3,-5,-4,4,INFJ
2026-07-18T03:49:17.433000+00:00,Matias Rojas Vargas,Masculino,18-22,5,4,5,4,3,1,2,4,3,2,5,5,1,3,4,1,5,1,4,4,1,5,3,4,4,-1,5,-5,ENTP
2026-07-14T10:22:34.267000+00:00,Isabella Diaz Reyes,Femenino,18-22,3,3,1,2,1,5,4,3,5,1,2,1,5,2,3,2,3,2,4,2,4,1,4,2,-5,6,5,7,ISTJ
2026-07-21T16:01:23.103000+00:00,Daniel Silva Jimenez,Masculino,18-22,5,1,2,1,5,5,2,3,3,2,1,3,2,3,5,2,5,3,2,3,4,1,4,4,5,-2,4,2,ENTJ
2026-07-19T20:17:20.950000+00:00,Martina Gonzalez Vasquez,Masculino,23-27,1,5,4,5,2,5,5,3,5,1,5,4,4,4,1,1,1,4,2,5,1,1,1,4,-8,7,-3,-6,ISFP
2026-07-23T15:27:17.161000+00:00,Emilio Rivera Jimenez,Masculino,18-22,1,3,4,5,3,5,1,5,4,4,3,5,4,5,2,4,1,4,4,5,5,2,5,3,-5,-6,-6,4,INFJ
2026-07-14T03:57:17.433000+00:00,Santiago Rojas Morales,Masculino,18-22,4,4,4,5,3,2,3,5,4,1,3,5,1,3,3,1,3,2,2,4,1,5,4,5,0,-1,1,-7,ENTP
2026-07-20T18:15:43.226000+00:00,Eduardo Ramos Pena,Masculino,18-22,1,5,1,5,2,5,1,5,4,4,2,5,4,5,3,5,3,4,4,5,4,2,5,5,-11,-7,-4,1,INFJ
2026-07-23T01:37:10.723000+00:00,Tomas Sanchez Ramirez,Masculino,18-22,4,5,5,4,2,4,3,5,4,4,1,4,5,1,4,1,4,1,5,1,5,4,4,4,-2,-5,10,5,INTJ
2026-07-23T10:40:11.216000+00:00,Zoe Mendez Alvarez,Masculino,18-22,3,2,2,4,3,3,3,4,5,1,3,3,2,4,4,2,3,3,2,4,4,3,4,4,-1,3,0,-1,ISTP
2026-07-17T07:56:01.471000+00:00,Andrea Castro Guzman,Masculino,18-22,2,3,3,2,1,2,3,3,5,3,2,1,3,5,3,5,4,4,4,3,3,5,4,2,-1,3,-4,1,ISFJ
2026-07-11T09:26:48.855000+00:00,Renata Diaz Guzman,Femenino,18-22,4,4,3,4,4,4,3,3,5,3,1,4,1,5,2,5,3,5,3,4,5,5,1,5,-1,-1,-9,-5,INFP
2026-07-17T13:18:58.085000+00:00,Samantha Torres Flores,Masculino,18-22,3,3,5,3,1,3,4,3,5,4,3,4,1,5,5,5,4,5,4,5,3,2,5,1,0,1,-5,4,ESFJ
2026-07-22T12:05:20.671000+00:00,Renata Mendez Morales,Femenino,18-22,1,1,5,3,4,1,4,1,3,1,4,5,2,3,3,4,3,5,4,4,4,2,4,1,5,4,-4,5,ESFJ
2026-07-16T09:26:36.976000+00:00,Valeria Herrera Mendez,Femenino,18-22,5,1,5,3,3,2,1,4,5,3,3,5,1,4,4,1,4,4,2,5,3,2,1,5,7,-3,0,-6,ENTP
2026-07-23T00:06:17.433000+00:00,Eduardo Mendez Gomez,Masculino,18-22,5,3,4,5,5,1,3,4,5,3,3,5,1,1,4,1,4,3,2,5,1,4,5,5,5,-1,4,-6,ENTP
2026-07-13T21:48:03.080000+00:00,Matias Gomez Castillo,Femenino,18-22,5,2,3,3,1,5,5,1,2,3,3,2,3,5,3,5,2,3,1,3,4,2,3,1,-1,4,-5,2,ISFJ
2026-07-12T00:39:40.939000+00:00,Andres Gonzalez Salazar,Masculino,18-22,3,5,1,4,1,5,3,2,4,3,5,4,3,4,2,4,3,2,5,3,2,1,3,2,-9,3,-2,4,ISFJ
2026-07-15T19:17:28.818000+00:00,Luis Hernandez Salazar,Masculino,18-22,3,4,4,1,3,1,3,2,5,3,4,2,5,1,5,1,3,5,5,1,4,2,3,2,4,5,6,7,ESTJ
2026-07-16T04:52:17.004000+00:00,Isabella Medina Gutierrez,Masculino,18-22,3,5,4,5,2,5,3,5,5,5,4,5,3,3,3,5,1,5,4,5,5,1,4,4,-6,-3,-6,3,INFJ
2026-07-20T19:49:32.944000+00:00,Nicolas Maldonado Alvarez,Masculino,18-22,3,4,2,5,1,4,4,2,5,2,3,4,3,4,3,3,2,3,2,4,1,2,4,4,-7,4,-2,-3,ISFP
2026-07-22T23:20:30.977000+00:00,Regina Guzman Munoz,Masculino,18-22,3,1,3,2,4,5,3,5,5,4,2,4,4,2,4,3,2,3,5,3,4,3,3,4,2,-3,2,2,ENTJ
2026-07-21T22:07:17.004000+00:00,Valeria Morales Medina,Masculino,18-22,2,5,3,5,1,4,3,3,5,5,4,5,3,3,1,3,1,4,5,3,5,3,5,5,-8,-1,-5,4,INFJ
2026-07-26T01:33:34.267000+00:00,Diego Gutierrez Reyes,Femenino,18-22,1,5,1,2,1,4,5,2,4,1,2,2,4,1,3,2,5,2,5,2,3,2,5,2,-8,6,7,7,ISTJ
2026-07-11T07:44:12.944000+00:00,Joaquin Fernandez Salazar,Masculino,18-22,5,5,3,3,5,5,5,2,4,2,5,5,3,5,5,4,4,4,5,1,5,4,4,2,0,5,-1,7,ESFJ
2026-07-23T08:47:23.103000+00:00,Julieta Hernandez Silva,Masculino,18-22,5,2,4,1,4,3,3,2,3,4,1,3,2,3,4,3,5,4,2,5,5,1,5,3,7,-2,1,3,ENTJ
2026-07-15T10:34:48.826000+00:00,Santiago Munoz Navarro,Femenino,18-22,4,5,1,5,2,3,3,3,5,1,5,2,4,4,3,3,4,2,4,2,5,2,3,1,-6,7,2,7,ISTJ
2026-07-24T06:52:41.266000+00:00,Elena Herrera Herrera,Masculino,18-22,3,4,1,5,2,4,4,4,4,3,4,4,2,4,4,5,3,5,3,3,3,1,5,2,-7,1,-5,5,ISFJ
2026-07-23T06:38:27.487000+00:00,Natalia Moreno Castillo,Femenino,18-22,2,2,5,3,5,2,4,2,5,4,3,4,3,4,4,1,4,4,5,1,3,1,4,2,5,2,2,8,ESTJ
2026-07-24T12:47:38.529000+00:00,Valeria Navarro Maldonado,Otro,18-22,3,5,4,5,4,2,3,3,5,4,4,5,2,5,4,5,2,3,4,3,2,1,2,3,-1,0,-5,1,ISFJ
2026-07-23T22:31:28.818000+00:00,Santiago Gonzalez Castillo,Masculino,18-22,5,5,3,1,2,3,4,2,5,3,3,3,5,1,4,3,4,3,5,1,5,1,3,2,1,4,6,9,ESTJ
2026-07-25T14:48:20.671000+00:00,Paulina Perez Ramirez,Femenino,18-22,1,2,4,1,5,1,5,1,5,3,4,5,2,5,3,4,3,3,4,4,5,1,5,2,6,5,-4,7,ESFJ
2026-07-17T14:21:17.433000+00:00,Zoe Ortiz Vasquez,Masculino,18-22,4,4,5,5,3,3,3,3,5,3,3,5,2,3,3,1,3,3,2,5,1,5,3,5,0,0,1,-9,ESTP
2026-07-21T21:02:25.651000+00:00,Victoria Hernandez Pena,Masculino,18-22,3,5,1,4,1,4,5,1,5,3,3,2,2,3,3,3,3,4,3,2,3,2,5,2,-8,7,-2,5,ISFJ
2026-07-18T13:52:20.671000+00:00,Nicolas Rodriguez Pena,Femenino,18-22,1,1,5,1,4,1,4,3,3,1,5,4,2,4,5,4,3,3,5,4,4,2,5,2,7,4,-1,6,ESFJ
2026-07-27T01:51:25.651000+00:00,Mariana Castillo Gomez,Masculino,18-22,2,3,2,4,1,5,5,3,4,1,5,4,2,1,3,5,3,5,2,4,5,2,4,2,-7,6,-3,3,ISFJ
2026-07-15T22:37:42.675000+00:00,Pedro Herrera Maldonado,Femenino,18-22,2,2,3,2,1,4,4,3,4,3,3,3,4,4,3,5,4,4,2,4,4,5,4,5,-2,2,-2,-4,ISFP
2026-07-21T05:18:11.506000+00:00,Matias Castro Castillo,Masculino,18-22,1,1,1,3,3,5,3,3,1,5,3,4,1,3,3,4,4,2,3,2,5,5,5,2,-4,-5,-1,4,INFJ
2026-07-16T11:46:58.565000+00:00,Fernando Ramos Rios,Femenino,33+,3,5,4,4,2,5,5,5,1,2,4,3,4,3,5,4,3,4,5,5,5,4,2,3,-5,0,1,0,ISTJ
2026-07-16T05:08:11.506000+00:00,Sebastian Chavez Delgado,Masculino,18-22,2,1,1,4,1,4,2,4,2,4,1,4,1,3,2,5,3,3,3,1,5,5,5,1,-5,-7,-5,6,INFJ
2026-07-23T20:32:20.950000+00:00,Zoe Flores Sanchez,Masculino,23-27,1,5,3,5,2,5,4,1,5,2,5,5,5,4,3,2,1,5,1,5,1,1,1,4,-9,6,-2,-7,ISFP
2026-07-25T10:50:32.944000+00:00,Victoria Delgado Ruiz,Masculino,18-22,3,4,1,5,1,4,4,1,5,3,4,4,2,4,1,3,2,5,4,2,2,2,3,5,-8,5,-7,0,ISFJ
2026-07-14T16:30:20.671000+00:00,Regina Acosta Cruz,Femenino,18-22,2,3,4,2,5,1,3,2,3,2,5,4,2,4,4,4,3,5,5,5,5,1,5,1,5,3,-4,8,ESFJ
2026-07-22T11:03:03.080000+00:00,Sebastian Romero Silva,Femenino,18-22,4,4,1,4,2,4,3,1,1,3,1,1,2,5,3,5,1,2,1,2,5,2,3,1,-5,0,-6,4,ISFJ
2026-07-15T04:20:58.085000+00:00,Valeria Acosta Soto,Masculino,18-22,3,3,4,2,2,1,5,3,5,5,4,4,3,4,4,5,5,4,3,5,2,2,5,2,3,2,-1,1,ESFJ
2026-07-24T00:18:41.266000+00:00,Andres Morales Torres,Masculino,18-22,4,3,3,5,1,5,3,5,4,3,3,4,1,3,2,5,2,5,3,4,5,1,5,4,-5,-2,-8,4,INFJ
2026-07-18T12:29:30.977000+00:00,Andrea Rojas Gomez,Masculino,18-22,4,1,2,2,2,4,3,5,4,4,3,3,4,2,3,3,3,5,5,4,4,3,4,4,1,-2,0,2,ENTJ
2026-07-14T13:56:22.619000+00:00,Elena Flores Chavez,Otro,18-22,3,3,1,4,3,5,3,4,4,4,3,3,2,3,3,3,3,4,4,5,3,2,4,3,-5,-1,-2,1,INFJ
2026-07-16T08:14:30.977000+00:00,Mariana Vasquez Gonzalez,Masculino,18-22,2,1,3,1,3,4,4,5,5,4,3,4,3,4,2,4,2,3,4,4,5,2,5,3,2,-1,-4,5,ENFJ
2026-07-13T07:36:58.762000+00:00,Sara Rios Flores,Femenino,23-27,4,3,4,3,2,3,4,2,3,2,3,2,2,3,5,2,5,3,4,3,4,2,5,1,1,4,4,7,ESTJ
2026-07-17T19:49:04.462000+00:00,Ana Diaz Hernandez,Masculino,23-27,3,1,3,3,2,2,2,3,1,4,1,3,1,2,5,2,3,2,4,4,2,2,5,5,2,-6,3,0,ENTJ
2026-07-25T09:11:17.433000+00:00,Mia Diaz Fernandez,Masculino,18-22,4,2,4,5,5,2,4,5,4,3,3,4,1,3,4,2,4,3,3,5,1,4,4,5,4,-1,1,-6,ENTP
2026-07-13T17:01:28.818000+00:00,Emilia Aguilar Ramirez,Masculino,18-22,3,3,3,1,2,1,5,3,4,3,3,1,5,1,4,3,3,5,5,1,5,1,3,1,3,5,3,10,ESTJ
2026-07-21T20:16:48.826000+00:00,Martina Ortiz Fernandez,Femenino,18-22,2,4,1,5,3,4,2,4,5,1,3,1,2,4,4,3,4,2,4,2,5,2,5,2,-7,4,1,8,ISTJ
2026-07-16T20:22:04.989000+00:00,Daniel Soto Ortiz,Femenino,18-22,3,4,1,2,5,5,3,5,5,5,2,3,2,3,5,4,2,1,3,2,2,4,4,1,-2,-3,1,2,INTJ
2026-07-22T10:40:40.939000+00:00,Natalia Ortiz Munoz,Masculino,18-22,1,4,2,5,3,5,2,2,5,1,4,4,5,4,3,5,3,4,5,5,1,1,5,2,-8,4,-2,3,ISFJ
2026-07-19T15:40:32.131000+00:00,Sara Maldonado Maldonado,Femenino,28-32,3,5,5,5,4,2,1,5,4,5,5,4,3,1,3,4,4,4,1,4,1,2,4,4,0,-4,1,-4,ENTP
2026-07-17T06:05:30.977000+00:00,Felipe Lopez Vasquez,Masculino,18-22,4,2,4,3,4,4,4,5,5,3,3,3,4,2,2,4,3,3,4,4,4,1,4,3,3,1,0,4,ESTJ
2026-07-14T03:07:17.433000+00:00,Sofia Pena Rios,Masculino,18-22,4,3,4,5,4,3,4,5,3,1,5,5,1,3,2,1,5,1,3,4,1,5,4,4,1,1,3,-5,ESTP
2026-07-19T21:43:43.226000+00:00,Victoria Soto Acosta,Masculino,18-22,1,5,1,5,1,5,2,3,5,4,3,5,5,4,3,4,2,2,5,5,4,1,5,4,-12,-2,0,4,INTJ
2026-07-20T21:17:25.399000+00:00,Elena Navarro Aguilar,Masculino,18-22,5,4,5,3,1,4,3,1,2,2,3,4,1,5,4,5,4,2,5,1,5,3,3,2,0,1,-3,7,ESFJ
2026-07-13T21:20:51.949000+00:00,Samantha Reyes Guzman,Femenino,18-22,4,4,2,4,1,5,5,1,5,2,4,1,3,2,5,4,1,1,4,4,5,1,5,3,-6,10,2,6,ISTJ
2026-07-23T17:34:51.949000+00:00,Fernando Torres Mendoza,Femenino,18-22,2,4,1,5,2,4,5,3,4,1,5,1,3,1,4,3,2,2,5,5,5,2,4,3,-8,9,3,4,ISTJ
2026-07-18T17:01:58.565000+00:00,Victoria Jimenez Vega,Femenino,33+,3,4,5,5,1,4,4,5,3,1,5,5,3,4,3,4,4,4,3,3,4,3,2,5,-4,1,-2,-2,ISFP
2026-07-16T02:16:32.753000+00:00,Paulina Guerrero Sanchez,Femenino,18-22,3,4,2,4,1,4,3,3,3,2,3,3,3,3,4,3,1,3,3,5,4,4,3,3,-6,1,-1,-2,ISFP
2026-07-16T17:18:27.487000+00:00,Daniel Castro Castillo,Femenino,18-22,3,1,5,1,4,2,4,3,4,2,5,4,4,5,4,2,4,3,5,3,3,2,5,2,8,4,2,6,ESTJ
2026-07-20T04:19:27.487000+00:00,Samuel Chavez Morales,Femenino,18-22,3,2,5,1,5,3,3,1,4,3,4,2,4,4,4,3,4,2,5,3,5,2,5,1,7,5,3,9,ESTJ
2026-07-22T02:42:18.617000+00:00,Alejandro Fernandez Ortiz,Masculino,18-22,3,4,5,5,3,3,3,3,4,5,2,4,4,5,4,4,4,2,3,2,2,4,5,4,-1,-3,1,0,INTJ
2026-07-21T20:11:25.399000+00:00,Paulina Castro Lopez,Masculino,18-22,5,4,4,2,3,4,3,1,4,1,3,3,2,5,2,5,5,3,5,2,5,2,4,2,2,5,-4,8,ESFJ
2026-07-27T14:40:32.944000+00:00,David Fernandez Maldonado,Masculino,18-22,4,5,2,5,1,4,3,1,5,2,2,3,4,2,2,4,3,4,2,4,1,1,3,5,-7,4,-1,-4,ISFP
2026-07-19T19:56:48.826000+00:00,Emilio Rojas Mendez,Femenino,18-22,3,4,1,5,2,3,2,4,3,2,4,3,4,3,2,3,3,3,3,2,3,3,5,3,-6,0,0,3,ISTJ
2026-07-17T20:02:30.205000+00:00,Carlos Chavez Reyes,Masculino,33+,1,1,5,4,2,4,3,2,3,3,4,5,3,1,5,3,5,3,3,3,2,1,2,2,-1,0,6,1,ISTJ
2026-07-22T13:48:30.205000+00:00,Mia Rojas Reyes,Masculino,33+,3,2,4,4,1,5,5,4,3,5,4,4,3,3,4,5,4,2,5,5,2,1,3,2,-3,-1,1,2,INTJ
2026-07-22T09:38:38.572000+00:00,Felipe Silva Sanchez,Masculino,18-22,3,4,3,2,3,5,2,3,4,2,4,4,5,3,3,3,4,4,3,3,4,2,3,2,-2,1,2,3,ISTJ
2026-07-13T20:42:04.462000+00:00,Joaquin Gutierrez Munoz,Masculino,23-27,5,3,3,5,4,2,2,4,3,2,2,4,1,2,4,1,4,1,3,5,3,1,3,5,2,-3,5,-2,ENTP
2026-07-14T16:36:32.753000+00:00,Mia Lopez Rojas,Femenino,18-22,1,4,4,5,2,5,3,1,3,1,5,5,4,2,4,3,2,3,4,5,2,5,2,1,-7,4,2,-3,ISTP
2026-07-19T23:47:30.977000+00:00,Daniel Aguilar Vasquez,Masculino,18-22,4,1,2,1,3,5,3,5,5,4,3,4,3,2,2,3,1,5,5,4,5,3,5,2,2,-2,-4,6,ENFJ
2026-07-25T21:14:15.976000+00:00,David Mendoza Mendez,Femenino,18-22,4,2,1,1,2,1,3,3,5,2,2,3,4,2,5,3,4,2,3,3,3,1,4,1,3,2,6,5,ESTJ
2026-07-27T11:33:59.501000+00:00,Eduardo Delgado Gonzalez,Femenino,18-22,3,3,3,5,2,5,4,2,4,3,3,2,3,2,3,2,4,2,2,2,4,3,4,2,-5,4,4,3,ISTJ
2026-07-16T18:53:30.977000+00:00,Luciana Castro Garcia,Masculino,18-22,4,2,3,3,2,5,3,4,5,5,2,4,5,4,3,3,2,5,5,4,5,2,5,2,-1,-3,-2,7,INFJ
2026-07-23T01:34:10.723000+00:00,Martina Lopez Vega,Masculino,18-22,3,5,5,5,2,4,3,5,5,5,2,4,5,1,4,1,5,1,5,2,5,3,4,3,-4,-4,11,6,INTJ
2026-07-17T08:17:17.433000+00:00,Miguel Gonzalez Gutierrez,Masculino,18-22,4,2,5,5,5,2,2,3,4,1,4,5,2,2,3,1,3,2,4,5,1,4,4,5,5,1,3,-5,ESTP
2026-07-22T05:24:36.976000+00:00,Joaquin Alvarez Martinez,Femenino,18-22,3,1,4,4,3,3,2,4,3,5,2,4,3,5,3,3,4,5,3,4,2,1,3,5,2,-6,-3,-2,ENFP
2026-07-20T22:53:22.619000+00:00,Tomas Vargas Chavez,Otro,18-22,2,5,3,4,2,5,3,4,4,5,4,4,3,4,4,5,3,4,2,4,4,4,3,3,-7,-2,-3,-2,INFP
2026-07-14T04:35:20.671000+00:00,Samuel Maldonado Reyes,Femenino,18-22,1,3,5,1,3,3,4,2,5,2,3,5,2,4,4,5,4,5,5,4,4,1,5,2,2,3,-4,7,ESFJ
2026-07-21T10:09:23.103000+00:00,Camila Alvarez Vasquez,Masculino,18-22,5,1,3,1,3,4,1,2,1,3,1,5,4,1,5,2,5,2,3,5,5,1,4,4,5,-7,9,2,ENTJ
2026-07-16T04:59:32.131000+00:00,Samuel Aguilar Chavez,Femenino,28-32,3,4,5,5,3,2,3,3,2,5,5,2,3,1,4,2,3,5,3,5,2,1,4,5,0,0,2,-2,ESTP
2026-07-19T05:22:03.277000+00:00,Ximena Diaz Pena,Masculino,18-22,1,5,4,4,1,5,3,5,5,2,5,4,2,4,1,5,3,3,3,1,3,2,1,2,-8,2,-6,2,ISFJ
2026-07-21T18:18:15.976000+00:00,Alejandro Vega Ruiz,Femenino,18-22,5,3,1,2,1,2,2,1,5,2,3,4,4,4,5,3,4,4,2,2,4,1,5,1,0,3,2,7,ESTJ
2026-07-26T19:03:32.753000+00:00,Felipe Navarro Torres,Femenino,18-22,1,4,4,4,2,5,5,3,4,3,5,4,2,3,5,3,3,3,2,4,4,3,1,1,-6,4,1,-1,ISTP
2026-07-26T04:43:42.675000+00:00,Mateo Vasquez Mendoza,Femenino,18-22,4,4,4,4,3,5,4,3,4,4,2,4,5,5,4,5,3,3,2,3,4,5,3,5,-2,-1,-1,-4,INFP
2026-07-19T13:47:58.565000+00:00,Renata Mendez Hernandez,Femenino,33+,2,4,4,5,2,4,5,3,2,3,5,4,2,3,5,5,2,3,5,4,5,3,3,4,-5,2,-2,2,ISFJ
2026-07-19T08:31:37.003000+00:00,Sofia Mendoza Hernandez,Femenino,33+,4,4,2,4,2,4,5,4,1,3,4,3,4,3,3,2,4,3,5,2,5,4,5,2,-4,0,3,7,ISTJ
2026-07-15T04:06:15.831000+00:00,Carlos Chavez Ramirez,Masculino,18-22,2,4,1,4,1,5,4,4,4,5,3,3,1,4,2,5,3,3,1,5,5,4,3,5,-9,-1,-6,-5,INFP
2026-07-16T17:54:20.671000+00:00,Eduardo Castro Moreno,Femenino,18-22,1,3,5,1,5,2,3,2,4,3,5,5,1,5,3,3,5,4,5,5,5,1,5,1,5,2,-3,8,ESFJ
2026-07-20T13:39:58.085000+00:00,Pedro Reyes Gutierrez,Masculino,18-22,3,5,4,4,1,3,5,4,3,4,3,5,3,5,5,5,5,5,4,5,2,2,5,2,-4,-2,-2,2,INFJ
2026-07-20T05:15:11.216000+00:00,Eduardo Lopez Chavez,Masculino,18-22,3,2,3,5,2,3,5,4,5,3,4,2,3,3,4,2,3,1,2,4,4,3,4,4,-2,5,4,-1,ISTP
2026-07-19T14:23:17.004000+00:00,Ximena Ramirez Perez,Masculino,18-22,4,5,3,4,2,5,3,3,5,5,4,5,1,3,2,4,3,3,4,5,5,1,4,4,-5,-1,-4,3,INFJ
2026-07-25T21:29:42.675000+00:00,Ana Vargas Salazar,Femenino,18-22,4,2,2,4,1,5,4,1,4,3,2,3,4,5,4,4,4,3,3,3,3,5,3,5,-4,3,0,-4,ISTP
2026-07-16T20:21:23.103000+00:00,Regina Torres Gomez,Masculino,18-22,5,1,3,1,3,3,2,3,3,2,1,3,4,1,5,2,5,2,4,4,5,1,5,5,6,-2,9,4,ENTJ
2026-07-25T17:06:58.565000+00:00,Valentina Flores Aguilar,Femenino,33+,3,4,5,5,1,4,5,3,3,3,5,3,4,4,5,3,4,4,3,3,4,5,3,3,-4,4,2,-1,ISTP
2026-07-18T13:54:37.003000+00:00,Valentina Castro Romero,Femenino,33+,3,5,1,5,1,4,4,3,1,1,5,2,5,4,5,2,3,3,3,3,5,5,3,4,-9,4,4,-1,ISTP
2026-07-17T18:36:09.573000+00:00,Tomas Perez Cruz,Masculino,18-22,3,3,3,2,2,4,5,5,3,5,3,5,5,5,2,4,3,4,5,5,5,5,5,5,-1,-4,-3,0,INFJ
2026-07-21T23:20:20.671000+00:00,Ana Jimenez Rios,Femenino,18-22,2,2,5,1,3,1,4,2,4,2,3,5,2,3,3,4,4,5,4,5,5,1,5,1,6,2,-3,7,ESFJ
2026-07-24T20:14:30.977000+00:00,Elena Flores Hernandez,Masculino,18-22,3,3,3,3,2,4,4,5,5,3,3,3,5,3,3,5,2,4,5,4,4,2,4,2,-2,1,-2,5,ISFJ
2026-07-20T05:30:34.267000+00:00,Camila Lopez Morales,Femenino,18-22,2,5,1,3,3,4,5,2,4,1,4,1,5,1,4,1,5,4,5,1,4,2,4,3,-6,9,8,7,ISTJ
2026-07-12T15:23:04.462000+00:00,Fernanda Rivera Ortiz,Masculino,23-27,4,1,5,4,3,2,1,5,1,4,1,3,3,1,3,2,3,3,3,5,2,1,4,5,5,-9,3,-2,ENTP
2026-07-18T15:18:01.471000+00:00,Ana Diaz Diaz,Masculino,18-22,4,5,2,2,1,2,5,3,5,3,3,1,2,4,4,4,2,4,5,2,2,4,5,1,-2,6,-4,5,ISFJ
2026-07-21T20:43:05.108000+00:00,Juan Soto Mendoza,Masculino,18-22,2,5,2,5,1,4,2,1,5,3,4,5,3,3,2,4,5,5,2,2,5,4,4,1,-9,2,-2,4,ISFJ
2026-07-27T14:50:30.977000+00:00,Miguel Chavez Soto,Masculino,18-22,3,2,3,3,4,4,4,5,5,3,2,4,5,4,3,4,2,4,4,3,4,3,4,3,1,-1,-2,3,ENFJ
2026-07-17T14:07:40.939000+00:00,Samuel Cruz Guerrero,Masculino,18-22,3,5,2,4,2,4,2,4,5,2,5,5,3,5,2,5,1,3,4,4,2,1,5,1,-6,1,-7,5,ISFJ
2026-07-19T04:31:11.506000+00:00,Carlos Vasquez Jimenez,Masculino,18-22,2,1,3,3,1,5,2,2,2,5,1,3,1,4,3,4,5,3,4,1,4,5,5,1,-3,-5,-2,6,INFJ
2026-07-20T08:38:25.651000+00:00,Samantha Pena Guzman,Masculino,18-22,4,4,1,3,1,5,5,3,5,1,4,4,1,3,4,5,4,4,4,2,4,3,5,2,-6,6,-3,6,ISFJ
2026-07-25T17:18:09.634000+00:00,Victoria Reyes Ruiz,Masculino,23-27,4,5,5,3,1,4,5,1,4,2,3,3,4,4,4,2,2,3,3,2,4,2,2,4,-2,6,1,1,ISTJ
2026-07-25T15:49:09.573000+00:00,Juan Mendoza Jimenez,Masculino,18-22,4,2,3,3,1,4,3,4,3,4,3,5,5,4,4,4,5,4,5,5,4,4,5,5,-1,-4,2,0,INTJ
2026-07-18T20:44:32.944000+00:00,Alejandro Navarro Gutierrez,Masculino,18-22,4,5,1,5,2,5,4,2,3,3,4,5,2,2,3,4,3,3,3,3,1,1,4,4,-8,1,-1,0,ISFJ
2026-07-11T05:51:40.939000+00:00,Tomas Munoz Moreno,Masculino,18-22,2,5,1,4,3,4,3,3,5,1,4,5,4,5,2,3,2,4,5,3,2,2,3,1,-7,3,-4,4,ISFJ
2026-07-20T05:22:38.529000+00:00,Camila Alvarez Chavez,Otro,18-22,3,4,4,5,4,3,4,4,4,5,5,5,3,4,3,5,2,3,5,3,3,1,3,4,-1,-1,-4,3,INFJ
2026-07-16T08:54:58.565000+00:00,Matias Ramos Moreno,Femenino,33+,1,5,5,5,1,5,5,5,3,2,5,5,4,3,3,3,2,2,3,3,5,3,2,3,-8,1,1,1,ISTJ
2026-07-24T02:06:17.004000+00:00,Nicolas Castillo Soto,Masculino,18-22,2,5,2,4,1,5,4,4,5,5,4,5,3,3,1,5,2,4,5,5,5,2,5,5,-9,-1,-6,3,INFJ
2026-07-21T08:00:20.641000+00:00,Isabella Guerrero Navarro,Femenino,23-27,4,1,4,3,1,5,1,3,2,2,4,1,3,3,2,5,4,4,5,2,5,1,3,3,0,1,-3,7,ESFJ
2026-07-24T08:05:01.471000+00:00,Camila Soto Torres,Masculino,18-22,4,4,4,3,1,4,5,3,5,3,2,3,2,3,4,5,4,2,3,4,3,4,3,2,-2,3,0,-1,ISTP
2026-07-19T20:41:59.501000+00:00,Antonella Castro Mendez,Femenino,18-22,5,3,4,4,1,5,5,4,3,4,3,4,5,3,3,4,3,4,1,3,3,3,5,2,-2,-1,0,1,INTJ
2026-07-24T10:00:51.949000+00:00,David Ramos Morales,Femenino,18-22,2,5,3,5,2,4,4,2,4,2,5,1,3,2,4,3,1,1,4,3,5,2,5,1,-7,8,2,8,ISTJ
2026-07-20T09:58:05.108000+00:00,Sebastian Ramirez Gomez,Masculino,18-22,1,5,3,4,2,5,4,1,5,3,3,5,2,5,4,3,5,3,4,3,4,4,5,1,-8,3,0,5,ISTJ
2026-07-12T13:17:20.950000+00:00,Daniel Perez Delgado,Masculino,23-27,1,5,2,5,3,4,4,2,4,2,5,4,5,5,2,1,2,5,1,5,1,2,2,4,-8,5,-2,-7,ISFP
2026-07-21T01:26:30.205000+00:00,Luis Aguilar Perez,Masculino,33+,2,2,5,3,2,4,3,2,1,3,5,4,3,2,5,5,3,1,3,3,4,2,3,1,0,0,3,4,ESTJ
2026-07-19T15:06:09.634000+00:00,Joaquin Herrera Salazar,Masculino,23-27,3,5,5,3,2,5,3,2,3,3,5,4,2,3,4,4,3,3,3,2,4,1,2,3,-3,2,-1,3,ISFJ
2026-07-16T23:27:20.950000+00:00,Carlos Mendez Herrera,Masculino,23-27,3,5,3,4,3,5,5,2,5,3,5,5,5,5,1,1,2,5,1,5,2,1,3,5,-5,5,-3,-5,ISFP
2026-07-21T04:14:20.203000+00:00,Natalia Morales Garcia,Femenino,18-22,4,5,3,2,2,5,3,4,5,4,2,5,2,4,2,3,3,2,3,3,5,3,2,3,-3,-3,-2,1,INFJ
2026-07-15T07:09:32.131000+00:00,Sara Medina Reyes,Femenino,28-32,3,5,5,5,5,3,3,5,2,4,5,2,5,1,2,2,4,4,2,5,2,1,4,4,0,-1,4,-2,ENTP
2026-07-20T22:41:38.529000+00:00,Zoe Vasquez Ramirez,Otro,18-22,2,4,4,3,3,3,4,4,5,5,5,4,3,5,4,3,3,5,4,5,3,2,4,3,-1,1,-3,1,ISFJ
2026-07-20T15:59:30.977000+00:00,Pedro Hernandez Garcia,Masculino,18-22,2,1,4,1,3,5,4,5,5,5,2,3,5,2,3,5,3,5,4,5,3,1,5,3,2,-2,-1,3,ENFJ
2026-07-12T07:36:48.855000+00:00,Isabella Vasquez Castro,Femenino,18-22,3,5,3,5,3,5,1,4,4,5,1,3,1,4,2,3,1,4,1,3,4,5,1,4,-6,-6,-7,-6,INFP
2026-07-26T16:00:06.193000+00:00,Alejandro Cruz Castillo,Femenino,18-22,3,3,1,1,2,3,3,3,5,3,4,1,2,5,4,3,4,2,3,3,3,2,2,2,-1,5,0,1,ISTJ
2026-07-21T15:43:32.944000+00:00,Tomas Castro Soto,Masculino,18-22,3,5,2,5,2,5,5,1,4,3,4,5,4,2,1,4,2,3,3,3,2,3,3,5,-8,4,-2,-3,ISFP
2026-07-27T17:59:17.433000+00:00,Sebastian Ramirez Vega,Masculino,18-22,5,2,5,4,3,2,2,3,3,2,4,4,1,2,4,1,4,1,3,5,1,5,4,4,5,0,5,-6,ESTP
2026-07-19T21:17:56.881000+00:00,Juan Gutierrez Martinez,Femenino,18-22,5,2,1,3,5,4,2,2,3,3,3,4,2,3,4,2,2,3,1,3,5,5,3,2,2,-1,0,-1,ENTP
2026-07-13T14:15:42.675000+00:00,Pedro Morales Torres,Femenino,18-22,3,4,4,3,2,4,3,2,5,4,4,2,5,5,4,4,3,4,2,5,3,4,3,5,-2,4,-1,-6,ISFP
2026-07-26T02:45:09.634000+00:00,Pedro Flores Silva,Masculino,23-27,3,5,3,3,1,4,5,3,4,2,5,5,4,3,5,2,3,3,3,2,4,2,3,2,-5,4,4,4,ISTJ
2026-07-26T22:05:20.203000+00:00,Ana Silva Castro,Femenino,18-22,4,5,3,3,2,5,2,2,5,4,2,4,3,4,2,3,3,3,5,1,5,1,3,4,-4,-1,-2,7,INFJ
2026-07-14T16:17:20.671000+00:00,David Silva Ramirez,Femenino,18-22,2,3,5,1,3,1,5,1,3,3,3,5,2,4,4,4,4,5,5,4,5,2,5,1,5,2,-3,8,ESFJ
2026-07-15T01:05:20.641000+00:00,Elena Ramirez Munoz,Femenino,23-27,2,2,3,3,1,5,2,3,2,2,4,2,2,2,3,5,5,3,5,1,4,3,4,4,-4,1,0,5,ISTJ
2026-07-15T01:50:25.651000+00:00,Sara Medina Munoz,Masculino,18-22,3,3,1,5,1,5,5,3,5,1,5,2,2,3,4,3,4,4,4,4,3,3,5,3,-8,9,0,2,ISTJ
2026-07-14T07:24:17.004000+00:00,Martina Guzman Jimenez,Masculino,18-22,4,5,2,5,2,5,3,4,4,4,4,5,1,4,2,4,3,5,5,3,4,1,4,5,-7,-2,-7,4,INFJ
2026-07-19T11:51:53.029000+00:00,Nicolas Delgado Fernandez,Masculino,18-22,1,2,5,1,3,3,3,2,4,3,3,4,2,3,4,3,4,3,2,4,2,1,3,4,3,1,1,-2,ESTP
2026-07-21T14:12:04.989000+00:00,Matias Gutierrez Fernandez,Femenino,18-22,4,4,1,3,5,4,4,4,4,4,1,5,3,1,5,3,2,2,3,1,4,4,5,1,-1,-4,4,6,INTJ
2026-07-20T11:40:41.266000+00:00,Emilia Gomez Alvarez,Masculino,18-22,3,4,3,5,1,4,4,5,3,4,3,4,1,4,2,5,3,5,4,3,4,3,3,3,-6,-3,-8,2,INFJ
2026-07-27T20:33:18.617000+00:00,Nicolas Alvarez Rojas,Masculino,18-22,3,3,4,4,2,3,5,3,2,3,4,4,4,4,4,2,5,4,2,3,2,4,3,4,-1,1,3,-4,ISTP
2026-07-19T08:38:28.818000+00:00,Leonardo Vasquez Reyes,Masculino,18-22,5,5,4,1,2,2,4,3,4,3,3,1,5,1,4,3,4,4,5,1,5,1,3,3,3,4,5,8,ESTJ
2026-07-19T09:39:17.161000+00:00,Camila Morales Chavez,Masculino,18-22,1,4,3,5,2,5,1,3,5,5,3,3,5,5,3,4,1,4,5,3,4,3,5,4,-8,-2,-4,4,INFJ
2026-07-13T03:51:48.826000+00:00,Paulina Rios Vargas,Femenino,18-22,3,4,3,5,3,4,4,4,3,1,4,2,4,3,2,3,5,1,3,1,4,1,3,1,-4,4,4,7,ISTJ
2026-07-27T04:28:58.565000+00:00,Sebastian Perez Mendoza,Femenino,33+,2,5,3,5,2,5,4,3,2,3,5,3,4,3,3,3,3,4,3,3,5,3,4,5,-8,2,0,1,ISTJ
2026-07-21T08:43:03.080000+00:00,David Pena Herrera,Femenino,18-22,5,3,2,3,1,5,5,3,1,5,3,2,3,5,1,5,2,4,1,3,4,3,1,1,-3,-1,-8,-1,INFP
2026-07-21T04:43:58.762000+00:00,Fernando Medina Chavez,Femenino,23-27,5,4,5,5,3,2,3,1,2,3,4,2,3,3,5,2,5,2,3,1,4,2,4,1,2,3,6,7,ESTJ
2026-07-18T15:01:43.226000+00:00,Samuel Soto Lopez,Masculino,18-22,2,5,1,5,2,5,1,4,5,4,3,5,4,5,3,5,3,3,5,4,4,1,5,5,-10,-4,-3,4,INFJ
2026-07-14T17:04:25.399000+00:00,Eduardo Silva Ortiz,Masculino,18-22,4,3,5,2,3,4,3,2,2,2,4,3,1,5,3,5,4,1,5,2,4,2,4,2,3,2,-3,7,ESFJ
2026-07-22T00:12:05.108000+00:00,Mariana Gutierrez Rodriguez,Masculino,18-22,1,5,2,4,1,5,3,1,5,1,3,4,4,5,4,4,4,4,4,2,4,4,3,3,-10,5,-1,2,ISFJ
2026-07-23T12:20:10.374000+00:00,Valeria Castillo Castillo,Femenino,18-22,3,2,4,2,3,2,1,3,4,3,5,2,3,2,3,3,3,2,3,4,1,1,5,2,4,2,2,2,ESTJ
2026-07-16T00:48:15.976000+00:00,Gabriel Ortiz Navarro,Femenino,18-22,5,2,1,1,1,3,4,1,5,2,2,5,3,3,5,2,4,4,2,3,5,1,5,3,1,3,3,5,ESTJ
2026-07-26T00:16:38.572000+00:00,Regina Soto Ramos,Masculino,18-22,5,4,3,2,2,5,4,3,3,3,5,2,5,4,3,3,5,5,3,1,3,4,4,3,-1,4,1,2,ISTJ
2026-07-17T09:21:20.950000+00:00,Andrea Mendez Medina,Masculino,23-27,1,5,2,5,2,4,5,2,4,1,4,4,5,5,2,1,1,5,1,5,2,1,1,5,-9,6,-3,-7,ISFP
2026-07-16T09:07:01.471000+00:00,Valentina Torres Ramirez,Masculino,18-22,3,3,3,2,1,4,5,3,5,3,3,3,2,5,4,4,4,3,5,2,4,5,5,2,-2,4,-2,5,ISFJ
2026-07-13T06:38:05.108000+00:00,Sofia Munoz Rojas,Masculino,18-22,1,5,4,5,1,5,2,2,5,2,4,4,4,4,3,4,3,4,3,4,5,4,4,3,-9,3,-2,1,ISFJ
2026-07-23T06:33:51.949000+00:00,David Soto Gomez,Femenino,18-22,2,4,2,4,1,5,5,2,4,1,3,1,3,1,4,4,1,2,5,5,4,1,4,1,-8,8,1,6,ISTJ
2026-07-18T23:20:25.399000+00:00,Jorge Soto Vega,Masculino,18-22,5,4,5,2,3,4,2,2,3,2,2,4,2,4,3,3,3,2,4,1,5,4,2,2,3,-1,-1,4,ENFJ
2026-07-25T00:36:25.651000+00:00,Fernanda Castro Rojas,Masculino,18-22,3,5,3,4,2,5,3,2,5,2,4,2,2,2,5,4,5,4,3,3,4,4,5,2,-6,6,2,3,ISTJ
2026-07-13T09:19:51.949000+00:00,Miguel Munoz Ramos,Femenino,18-22,3,4,2,5,2,4,5,2,4,2,3,1,3,2,5,4,1,1,5,4,5,1,5,3,-6,7,2,7,ISTJ
2026-07-17T19:09:51.949000+00:00,Nicolas Navarro Gutierrez,Femenino,18-22,2,5,3,5,1,4,4,1,4,1,5,1,3,2,5,3,2,1,5,5,5,1,5,3,-8,10,4,6,ISTJ
2026-07-27T10:56:23.103000+00:00,Leonardo Vasquez Alvarez,Masculino,18-22,5,1,2,1,5,4,2,3,2,3,1,3,3,1,5,2,5,4,3,3,4,2,5,5,6,-4,6,2,ENTJ
2026-07-18T16:11:34.267000+00:00,Mariana Aguilar Gomez,Femenino,18-22,3,3,1,2,2,5,5,3,4,2,4,2,5,1,2,1,5,4,5,2,3,1,5,1,-4,6,6,9,ISTJ
2026-07-18T04:55:09.634000+00:00,Juan Mendez Morales,Masculino,23-27,3,4,3,4,1,4,3,3,5,3,4,5,4,2,4,2,4,3,4,3,4,1,4,2,-5,1,5,6,ISTJ
2026-07-22T17:36:15.831000+00:00,Joaquin Medina Acosta,Masculino,18-22,2,4,3,5,1,5,3,4,4,4,5,4,3,3,4,3,5,3,3,3,5,3,4,4,-8,0,3,2,ISTJ
2026-07-25T04:07:10.374000+00:00,Andrea Rodriguez Romero,Femenino,18-22,3,2,5,1,2,2,1,2,4,4,5,1,5,1,3,2,5,3,4,5,3,2,5,1,5,3,7,4,ESTJ
2026-07-14T16:48:32.944000+00:00,Jorge Aguilar Reyes,Masculino,18-22,3,5,1,4,2,5,3,1,3,3,3,3,3,2,3,4,3,5,3,4,3,1,5,5,-8,2,-2,1,ISFJ
2026-07-27T03:45:06.193000+00:00,Alejandro Moreno Mendoza,Femenino,18-22,2,3,1,1,2,3,2,1,5,4,2,1,3,4,3,3,3,2,5,2,3,2,2,2,-2,3,0,4,ISTJ
2026-07-20T00:45:11.216000+00:00,Ana Vasquez Flores,Masculino,18-22,3,2,3,4,1,4,3,3,4,2,4,3,2,3,3,2,4,2,2,2,3,5,3,2,-3,3,2,-1,ISTP
2026-07-17T19:40:30.977000+00:00,Alejandro Medina Flores,Masculino,18-22,4,3,4,3,2,4,3,4,5,5,4,4,5,3,3,3,1,3,5,4,4,2,5,2,0,-1,0,6,ENTJ
2026-07-21T11:44:48.826000+00:00,Emilio Cruz Vega,Femenino,18-22,2,4,2,5,2,3,3,3,4,1,4,3,3,3,4,2,5,3,3,2,3,2,5,3,-6,4,4,4,ISTJ
2026-07-21T11:35:37.003000+00:00,Valeria Castro Lopez,Femenino,33+,2,4,1,4,3,2,3,4,1,1,5,3,3,2,5,2,5,4,4,3,5,4,3,3,-4,1,5,2,ISTJ
2026-07-17T23:02:03.277000+00:00,Elena Mendoza Mendoza,Masculino,18-22,1,5,3,5,2,4,3,3,3,2,4,4,2,5,3,5,3,5,2,1,3,3,1,1,-8,1,-7,1,ISFJ
2026-07-14T19:34:03.277000+00:00,Sofia Delgado Silva,Masculino,18-22,3,4,4,3,2,5,4,5,5,2,3,4,1,5,1,4,3,3,1,1,4,3,2,1,-3,1,-7,2,ISFJ
2026-07-14T03:15:10.723000+00:00,Zoe Flores Ruiz,Masculino,18-22,4,5,4,5,1,5,4,4,5,5,2,4,5,2,5,1,5,1,5,2,4,3,4,4,-6,-2,11,4,INTJ
2026-07-16T21:37:56.881000+00:00,Elena Torres Castro,Femenino,18-22,4,2,3,2,5,2,4,2,4,4,1,2,2,2,3,4,4,3,2,3,4,5,3,3,6,1,0,-2,ESTP
2026-07-22T20:07:22.619000+00:00,Regina Herrera Chavez,Otro,18-22,3,4,1,5,3,5,4,2,4,5,2,5,3,4,2,3,1,3,2,5,3,2,3,4,-7,-2,-4,-3,INFP
2026-07-18T09:59:15.831000+00:00,Jorge Ramos Ortiz,Masculino,18-22,1,5,2,5,1,4,4,4,4,4,3,4,3,4,4,4,3,5,2,5,5,4,3,4,-10,-1,-3,-3,INFP
2026-07-19T20:24:18.617000+00:00,Fernando Gonzalez Flores,Masculino,18-22,4,4,5,5,4,3,5,3,4,4,2,4,3,5,3,4,4,2,1,3,1,2,5,4,1,0,-1,-2,ESFP
2026-07-20T11:02:01.471000+00:00,Joaquin Ortiz Garcia,Masculino,18-22,2,4,3,3,2,4,3,5,4,3,4,1,2,5,3,4,2,4,5,3,4,5,3,3,-4,2,-6,1,ISFJ
2026-07-26T04:43:34.267000+00:00,Miguel Mendez Jimenez,Femenino,18-22,3,3,2,3,3,4,5,3,3,1,2,1,5,1,4,2,5,2,5,1,4,2,5,1,-2,5,9,10,ISTJ
2026-07-19T16:13:32.753000+00:00,Camila Cruz Acosta,Femenino,18-22,1,5,3,5,3,4,4,2,3,1,5,4,2,2,4,5,3,3,3,3,4,5,3,1,-7,5,-1,1,ISFJ
2026-07-15T10:26:59.501000+00:00,Sebastian Acosta Vargas,Femenino,18-22,4,3,2,4,1,4,5,2,4,4,4,4,3,2,3,2,3,3,1,2,2,3,5,3,-4,3,2,0,ISTJ
2026-07-17T07:13:20.671000+00:00,Renata Gonzalez Rojas,Femenino,18-22,1,2,4,3,4,2,3,3,3,3,4,5,1,5,5,4,3,5,5,5,4,2,5,2,2,-1,-5,5,ENFJ
2026-07-24T07:33:38.529000+00:00,Mateo Rios Ramos,Otro,18-22,2,3,4,4,4,2,3,4,3,5,4,4,3,4,5,5,3,4,3,5,2,1,4,4,1,-3,-2,-1,ENFP
2026-07-27T18:07:34.267000+00:00,Pedro Reyes Vasquez,Femenino,18-22,2,3,2,3,3,5,5,1,5,1,3,3,5,1,3,2,5,3,5,3,3,1,4,1,-4,8,7,7,ISTJ
2026-07-14T10:01:03.080000+00:00,Leonardo Pena Rodriguez,Femenino,18-22,5,3,1,5,1,4,5,2,2,4,1,2,2,5,3,5,2,4,3,4,4,1,3,1,-5,0,-7,4,ISFJ
2026-07-25T12:59:53.029000+00:00,Santiago Chavez Rodriguez,Masculino,18-22,3,2,5,1,1,1,2,3,4,4,3,3,2,3,5,2,3,5,2,4,3,2,2,5,5,-1,0,-4,ENTP
2026-07-23T22:43:20.641000+00:00,Emilio Hernandez Chavez,Femenino,23-27,4,1,2,5,1,4,2,2,2,2,3,1,4,2,2,4,5,3,5,1,5,2,3,3,-3,2,2,7,ISTJ
2026-07-24T10:36:09.634000+00:00,Regina Silva Salazar,Masculino,23-27,4,5,4,3,1,5,5,3,4,4,4,4,2,3,4,3,3,4,5,4,3,2,3,2,-4,2,-1,3,ISFJ
2026-07-15T09:33:32.753000+00:00,Juan Herrera Moreno,Femenino,18-22,3,5,3,5,2,5,3,2,2,2,5,4,3,3,4,4,1,1,3,3,2,3,3,2,-7,2,0,0,ISTJ
2026-07-23T15:19:36.976000+00:00,Ana Vasquez Garcia,Femenino,18-22,5,2,5,4,5,3,1,3,5,5,1,4,1,4,5,3,5,5,2,4,4,1,3,5,6,-5,-1,-1,ENFP
2026-07-21T03:28:32.131000+00:00,Juan Torres Flores,Femenino,28-32,2,4,4,5,4,4,3,3,3,3,5,2,3,2,2,4,4,3,2,4,2,1,4,3,-3,3,0,0,ISTJ
2026-07-22T03:24:36.976000+00:00,Alejandro Diaz Chavez,Femenino,18-22,5,1,4,3,4,1,1,4,4,4,2,5,3,5,3,2,3,5,3,5,4,2,2,5,8,-6,-3,-3,ENFP
2026-07-19T06:18:15.976000+00:00,Regina Navarro Pena,Femenino,18-22,5,3,1,1,1,2,2,2,5,1,2,5,3,3,5,2,5,4,2,2,5,3,5,3,1,1,4,4,ESTJ
2026-07-20T09:59:20.203000+00:00,Samuel Aguilar Rios,Femenino,18-22,2,5,2,4,2,5,3,4,5,3,3,4,4,3,3,4,3,3,5,2,3,1,2,4,-8,0,0,3,ISTJ
2026-07-24T01:38:11.216000+00:00,Zoe Rivera Rodriguez,Masculino,18-22,5,4,2,5,2,5,3,2,5,2,2,3,3,4,4,3,3,3,4,3,3,5,3,3,-5,3,0,-1,ISTP
2026-07-18T04:18:20.203000+00:00,Miguel Mendez Soto,Femenino,18-22,4,5,3,4,3,5,2,3,3,5,4,4,2,5,4,4,3,2,5,1,5,2,4,2,-4,-3,-2,9,INFJ
2026-07-15T17:49:37.003000+00:00,Jorge Guerrero Perez,Femenino,33+,4,4,2,5,3,2,5,2,1,3,3,2,3,4,4,4,3,3,3,2,4,5,5,4,-2,2,-1,1,ISFJ
2026-07-22T01:57:05.108000+00:00,Pedro Salazar Perez,Masculino,18-22,1,5,4,5,1,5,2,1,5,2,2,5,3,4,3,2,3,4,3,2,3,3,5,3,-9,1,-1,3,ISFJ
2026-07-12T22:46:48.855000+00:00,Felipe Perez Guzman,Femenino,18-22,4,5,3,5,3,4,3,3,5,3,2,4,1,3,1,5,1,4,2,3,5,4,2,5,-4,0,-9,-3,ISFP
2026-07-19T15:29:43.226000+00:00,Victoria Pena Herrera,Masculino,18-22,1,4,1,5,2,5,1,5,4,4,1,5,3,5,2,5,1,3,5,4,5,1,5,4,-10,-8,-7,6,INFJ
2026-07-15T00:13:37.003000+00:00,Matias Gonzalez Rivera,Femenino,33+,4,4,1,5,1,3,5,2,3,3,3,2,4,2,5,2,5,3,4,4,5,4,4,2,-6,4,7,3,ISTJ
2026-07-22T12:07:17.161000+00:00,Luciana Delgado Medina,Masculino,18-22,1,4,3,5,2,3,2,3,4,4,2,3,4,5,3,5,1,5,3,5,5,2,5,5,-6,-2,-7,1,INFJ
2026-07-22T23:23:17.161000+00:00,Ana Silva Castillo,Masculino,18-22,2,5,5,5,4,5,1,4,4,4,2,3,4,5,2,4,2,4,3,4,4,2,3,4,-4,-4,-5,0,INFJ
2026-07-26T20:37:59.501000+00:00,Juan Sanchez Castillo,Femenino,18-22,4,5,3,4,1,5,5,4,2,5,3,2,3,3,4,4,5,4,1,3,3,3,4,3,-6,-1,1,-1,INTP
2026-07-14T11:30:38.572000+00:00,Emilio Ruiz Jimenez,Masculino,18-22,3,3,4,2,2,5,2,5,4,4,5,4,3,4,4,5,5,3,2,1,4,2,3,3,-1,-2,0,3,INTJ
2026-07-21T00:28:01.471000+00:00,Mateo Chavez Fernandez,Masculino,18-22,2,5,2,3,1,4,5,5,4,2,3,1,4,3,4,4,2,4,4,2,3,3,4,2,-7,4,-1,4,ISFJ
2026-07-15T05:31:32.944000+00:00,Mariana Gomez Ruiz,Masculino,18-22,2,4,2,4,2,5,4,2,5,4,4,5,3,2,3,4,3,4,4,2,2,2,4,5,-7,2,-1,1,ISFJ
2026-07-18T10:15:17.433000+00:00,Samantha Vargas Acosta,Masculino,18-22,5,3,5,4,5,3,3,3,5,2,3,5,2,1,2,2,3,1,2,5,1,4,5,5,5,1,3,-6,ESTP
2026-07-17T01:57:25.651000+00:00,Tomas Reyes Fernandez,Masculino,18-22,4,4,3,5,2,5,4,3,5,2,5,3,1,1,4,3,3,5,3,2,3,4,4,2,-5,6,-1,2,ISFJ
2026-07-24T20:54:38.529000+00:00,Valentina Silva Gutierrez,Otro,18-22,2,3,2,3,4,2,2,5,3,3,4,5,2,5,5,3,3,5,3,5,4,1,2,4,0,-4,-3,-1,ENFP
2026-07-21T06:36:18.617000+00:00,Valeria Silva Vega,Masculino,18-22,3,5,3,4,3,4,3,3,3,3,4,3,3,4,3,3,5,2,1,2,3,2,4,4,-4,1,2,0,ISTJ
2026-07-24T02:43:37.003000+00:00,Diego Guerrero Pena,Femenino,33+,2,5,1,4,3,4,4,4,1,1,5,3,3,2,5,2,4,4,5,2,5,5,3,4,-7,2,4,2,ISTJ
2026-07-17T04:59:17.161000+00:00,Antonella Castro Rios,Masculino,18-22,1,3,3,4,4,3,1,4,3,5,1,4,5,3,1,5,1,5,5,3,4,3,4,5,-2,-8,-6,2,INFJ
2026-07-20T21:38:03.080000+00:00,Elena Ramirez Vasquez,Femenino,18-22,4,4,3,4,1,5,3,3,1,5,2,1,3,4,2,4,2,4,2,2,3,2,3,2,-5,-3,-5,2,INFJ
2026-07-17T21:57:56.881000+00:00,Martina Ramirez Aguilar,Femenino,18-22,5,3,1,3,5,2,3,2,3,2,2,3,4,3,3,3,2,4,2,1,4,5,2,2,3,1,-1,0,ESFJ
2026-07-21T08:52:10.723000+00:00,Miguel Gutierrez Martinez,Masculino,18-22,3,5,5,5,1,5,5,5,4,5,2,3,4,1,5,1,5,1,5,2,5,4,5,4,-6,-2,11,5,INTJ
2026-07-22T13:10:51.949000+00:00,Andres Mendoza Guerrero,Femenino,18-22,3,5,2,4,1,4,5,1,5,2,4,1,3,1,4,3,1,1,5,3,5,1,5,2,-7,10,3,9,ISTJ
2026-07-17T10:24:42.675000+00:00,Paulina Guerrero Rios,Femenino,18-22,3,2,4,2,2,5,4,1,5,4,4,4,4,5,3,5,2,2,2,4,3,4,5,4,0,4,-3,-2,ESFP
2026-07-22T04:35:40.939000+00:00,Matias Maldonado Medina,Masculino,18-22,2,5,2,5,3,5,1,4,4,1,4,3,3,4,3,3,2,3,4,5,1,1,4,1,-8,1,-2,2,ISFJ
2026-07-19T08:59:43.226000+00:00,Alejandro Gonzalez Pena,Masculino,18-22,2,5,2,5,1,5,3,3,5,4,1,5,3,4,1,5,1,4,5,5,4,2,5,5,-10,-3,-8,2,INFJ
2026-07-23T23:13:20.203000+00:00,Gabriel Castro Guzman,Femenino,18-22,4,5,4,2,1,5,1,3,3,3,2,4,3,4,3,2,2,4,5,2,4,3,4,2,-3,-4,-2,6,INFJ
2026-07-22T07:06:03.080000+00:00,Julieta Garcia Silva,Femenino,18-22,3,3,3,5,1,5,3,2,1,3,1,2,2,5,2,4,1,4,1,4,4,2,3,1,-6,-2,-8,1,INFJ
2026-07-22T04:37:25.399000+00:00,Ana Sanchez Pena,Masculino,18-22,5,3,4,3,3,4,2,1,3,1,4,3,2,4,3,4,3,1,5,1,5,3,3,2,2,4,-1,7,ESFJ
2026-07-23T17:09:11.216000+00:00,Luis Jimenez Gutierrez,Masculino,18-22,4,2,3,5,3,4,5,2,5,3,2,1,4,2,5,3,3,2,3,2,3,4,4,2,-1,6,5,2,ISTJ
2026-07-19T09:50:51.949000+00:00,Jorge Morales Lopez,Femenino,18-22,4,5,2,5,2,5,5,3,5,1,4,2,2,2,4,4,1,1,4,4,5,1,5,2,-7,8,0,7,ISTJ
2026-07-24T21:48:42.675000+00:00,Alejandro Lopez Castillo,Femenino,18-22,2,2,2,2,1,4,2,2,4,2,4,2,4,4,2,5,2,4,2,5,2,4,5,5,-3,4,-5,-5,ISFP
2026-07-22T14:13:58.762000+00:00,Samantha Aguilar Guzman,Femenino,23-27,5,3,5,3,4,1,3,2,2,2,4,2,1,3,5,1,3,2,5,1,3,2,5,1,7,3,3,9,ESTJ
2026-07-22T02:47:15.976000+00:00,Mariana Ortiz Gonzalez,Femenino,18-22,4,4,2,1,1,1,4,2,5,2,2,4,4,4,5,4,3,3,2,4,3,1,4,1,1,3,1,3,ESTJ
2026-07-17T01:37:10.723000+00:00,Nicolas Diaz Morales,Masculino,18-22,2,5,5,4,2,4,5,4,4,4,1,3,4,1,5,2,5,2,5,2,5,4,4,3,-4,-1,9,5,INTJ
2026-07-19T19:09:59.501000+00:00,Sofia Rios Guerrero,Femenino,18-22,4,5,2,5,1,5,5,3,3,3,3,2,3,3,3,4,3,4,2,1,4,3,5,1,-8,3,-2,6,ISFJ
2026-07-16T03:02:23.103000+00:00,Martina Flores Jimenez,Masculino,18-22,5,2,3,2,5,5,3,1,3,3,2,4,3,2,5,3,5,3,3,4,5,2,5,3,4,0,5,4,ESTJ
2026-07-18T12:44:32.753000+00:00,Mia Gutierrez Castillo,Femenino,18-22,3,4,2,5,2,4,4,2,3,2,4,4,3,2,3,5,2,2,2,3,3,4,3,1,-6,3,-1,0,ISFJ
2026-07-23T03:10:58.565000+00:00,Valentina Lopez Gutierrez,Femenino,33+,2,4,4,5,1,4,5,3,1,1,4,4,3,2,4,4,2,2,4,4,4,4,4,4,-6,2,1,0,ISTJ
2026-07-19T07:20:34.267000+00:00,Pedro Chavez Ruiz,Femenino,18-22,1,4,2,4,2,5,5,1,4,2,2,2,3,1,3,2,4,4,5,1,2,2,5,1,-8,6,3,8,ISTJ
2026-07-20T13:13:10.723000+00:00,Alejandro Munoz Hernandez,Masculino,18-22,3,4,5,5,1,5,5,5,5,5,1,5,4,2,4,2,5,1,5,1,5,3,5,4,-5,-4,8,7,INTJ
2026-07-21T21:23:43.226000+00:00,Juan Munoz Mendez,Masculino,18-22,1,4,1,5,1,4,1,4,5,3,2,5,4,5,3,5,3,3,5,4,4,1,5,5,-10,-4,-3,4,INFJ
2026-07-17T07:49:03.080000+00:00,Andres Sanchez Maldonado,Femenino,18-22,5,4,3,3,1,5,5,2,1,4,3,1,2,3,3,5,1,4,2,3,5,3,2,1,-3,2,-6,2,ISFJ
2026-07-23T12:15:20.203000+00:00,Regina Torres Ruiz,Femenino,18-22,3,4,3,4,1,4,1,3,3,3,4,3,3,4,4,3,4,2,4,2,4,2,4,4,-5,-1,2,4,INTJ
2026-07-17T20:02:20.203000+00:00,Mia Medina Aguilar,Femenino,18-22,4,4,4,4,1,4,3,2,5,3,4,5,3,3,3,3,4,2,4,2,3,1,3,2,-3,2,2,5,ISTJ
2026-07-14T18:30:17.433000+00:00,Sebastian Vasquez Medina,Masculino,18-22,5,4,5,4,4,2,2,4,5,2,5,4,2,2,3,1,4,2,3,4,2,5,4,5,4,2,4,-5,ESTP
2026-07-15T20:49:04.462000+00:00,Miguel Rios Perez,Masculino,23-27,5,1,4,3,2,1,2,5,2,3,1,3,3,1,5,1,4,2,5,5,3,1,4,5,6,-6,8,1,ENTJ
2026-07-14T17:35:56.881000+00:00,Valentina Moreno Munoz,Femenino,18-22,5,3,2,4,5,2,4,1,5,4,3,2,3,1,3,2,2,2,3,1,5,4,1,2,3,5,3,2,ESTJ
2026-07-21T23:18:41.266000+00:00,Natalia Moreno Ramos,Masculino,18-22,3,3,2,5,1,5,3,5,3,4,3,4,1,5,2,5,1,4,4,3,3,2,3,2,-7,-4,-10,3,INFJ
2026-07-15T02:54:30.977000+00:00,Carlos Ramos Flores,Masculino,18-22,4,3,4,1,2,5,5,4,5,3,2,3,3,2,2,5,2,4,5,5,5,2,3,4,1,2,-4,2,ESFJ
2026-07-19T22:20:32.753000+00:00,Alejandro Delgado Herrera,Femenino,18-22,2,4,4,5,3,4,5,1,2,1,5,3,2,2,5,4,1,2,4,3,4,4,3,1,-4,7,0,3,ISTJ
2026-07-22T21:37:11.216000+00:00,Camila Cruz Rivera,Masculino,18-22,3,2,4,4,3,5,5,3,5,3,3,3,3,2,3,3,4,2,2,3,3,4,3,4,-1,4,3,-3,ISTP
2026-07-19T18:13:05.108000+00:00,Fernando Lopez Castillo,Masculino,18-22,1,4,3,5,2,5,4,2,4,1,2,3,3,3,4,2,3,5,4,4,4,4,5,1,-8,4,0,4,ISTJ
2026-07-24T14:17:17.020000+00:00,Miguel Ramirez Soto,Femenino,18-22,3,3,5,2,5,4,3,5,4,2,4,2,3,1,4,1,3,3,4,3,4,5,5,1,4,2,5,4,ESTJ
2026-07-23T02:29:32.944000+00:00,Paulina Fernandez Rodriguez,Masculino,18-22,4,4,1,5,2,5,4,3,3,2,4,3,2,2,3,2,2,4,2,3,2,2,5,5,-7,3,-1,-1,ISFP
2026-07-14T16:57:10.723000+00:00,Martina Diaz Vega,Masculino,18-22,2,4,5,4,2,4,4,5,5,4,1,4,5,1,5,1,4,1,4,1,5,3,4,4,-3,-3,11,5,INTJ
2026-07-14T12:53:41.266000+00:00,Samantha Medina Medina,Masculino,18-22,3,3,1,4,1,5,2,4,5,4,4,3,1,3,4,5,2,4,5,5,3,1,3,3,-7,0,-5,2,ISFJ
2026-07-22T10:21:38.572000+00:00,Victoria Torres Herrera,Masculino,18-22,3,2,4,3,2,5,2,3,5,2,5,2,4,4,4,5,4,3,3,1,5,3,3,1,-1,5,0,6,ISTJ
2026-07-24T07:37:34.267000+00:00,Daniel Maldonado Gutierrez,Femenino,18-22,1,5,1,4,2,5,5,2,3,2,4,1,4,1,2,2,4,3,5,3,2,1,5,2,-10,7,4,6,ISTJ
2026-07-26T06:15:09.573000+00:00,Elena Rojas Hernandez,Masculino,18-22,5,2,2,3,2,4,4,3,5,4,3,5,4,4,2,5,4,5,5,5,5,5,4,5,0,0,-4,-1,ESFP
2026-07-16T20:34:17.020000+00:00,Sebastian Mendez Martinez,Femenino,18-22,2,3,5,4,5,3,5,5,3,2,3,4,4,1,5,2,4,5,5,1,5,3,4,2,2,0,5,8,ESTJ
2026-07-21T03:22:36.976000+00:00,Eduardo Gonzalez Guzman,Femenino,18-22,3,1,4,5,5,1,3,2,5,3,2,5,3,4,5,1,5,5,2,5,2,1,3,5,5,0,3,-4,ESTP
2026-07-26T05:04:01.471000+00:00,Miguel Aguilar Mendez,Masculino,18-22,3,5,4,3,1,4,4,5,5,4,2,1,4,5,4,4,4,2,5,2,4,3,4,1,-4,1,1,7,ISTJ
2026-07-11T12:45:17.161000+00:00,Sofia Torres Vargas,Masculino,18-22,2,4,3,5,3,3,3,5,3,4,1,3,3,4,1,3,1,5,3,3,5,2,3,4,-4,-5,-7,2,INFJ
2026-07-19T05:06:10.723000+00:00,Emilia Acosta Delgado,Masculino,18-22,4,5,4,5,2,5,4,5,5,4,1,4,5,2,5,2,5,2,4,2,5,3,5,3,-5,-3,9,6,INTJ
2026-07-22T00:56:18.617000+00:00,Carlos Medina Gonzalez,Masculino,18-22,3,4,5,5,3,5,3,3,4,5,4,4,4,4,3,3,4,3,1,3,2,4,3,2,-3,-1,1,-3,INTP
2026-07-16T15:50:22.619000+00:00,Ximena Torres Hernandez,Otro,18-22,3,5,3,4,3,5,4,3,2,5,3,3,3,3,4,5,2,3,4,4,3,2,5,3,-5,-2,-2,3,INFJ
2026-07-25T14:53:03.080000+00:00,Sofia Ruiz Vasquez,Femenino,18-22,5,2,3,4,1,5,3,2,1,5,3,1,3,5,3,4,2,4,1,4,5,2,1,1,-2,-1,-5,0,INFJ
2026-07-19T22:39:17.004000+00:00,Ana Torres Maldonado,Masculino,18-22,2,4,3,5,2,5,3,5,4,4,3,5,2,3,1,4,3,5,4,4,4,2,4,4,-7,-4,-6,2,INFJ
2026-07-19T20:31:03.080000+00:00,Paulina Fernandez Garcia,Femenino,18-22,5,4,2,3,2,5,5,1,1,3,1,1,3,5,3,4,2,3,2,4,4,1,3,2,-3,2,-4,2,ISFJ
2026-07-19T10:57:20.950000+00:00,Ana Sanchez Martinez,Masculino,23-27,3,5,2,5,3,4,5,2,5,3,5,4,4,4,2,2,1,5,1,5,1,1,1,4,-6,6,-4,-7,ISFP
2026-07-17T19:19:23.103000+00:00,Pedro Silva Rivera,Masculino,18-22,4,2,2,2,3,4,3,3,2,4,1,4,2,3,4,4,5,2,4,3,4,1,4,4,1,-5,2,4,ENTJ
2026-07-16T08:15:15.976000+00:00,Diego Lopez Ortiz,Femenino,18-22,5,4,1,1,1,1,4,1,4,2,4,4,5,4,4,3,3,3,2,3,3,1,5,2,1,5,2,4,ESTJ
2026-07-24T14:45:01.471000+00:00,Natalia Gutierrez Fernandez,Masculino,18-22,3,3,2,2,2,4,5,5,5,2,2,3,2,5,3,4,3,4,3,4,2,3,5,2,-2,2,-5,1,ISFJ
2026-07-21T12:30:30.205000+00:00,Sebastian Maldonado Gutierrez,Masculino,33+,1,1,5,3,1,3,4,3,1,3,5,5,4,2,4,5,3,3,3,4,4,3,3,3,0,-1,1,0,ENTJ
2026-07-15T16:59:28.818000+00:00,Eduardo Mendez Gutierrez,Masculino,18-22,3,5,4,1,3,1,4,4,3,3,3,3,4,2,4,3,3,4,5,1,4,2,4,2,3,0,2,8,ESTJ
2026-07-20T04:10:17.004000+00:00,Ximena Soto Ramirez,Masculino,18-22,4,5,3,5,2,5,4,4,5,5,5,5,3,5,3,5,3,3,5,4,4,3,5,5,-6,0,-4,2,ISFJ
2026-07-23T05:43:43.226000+00:00,Paulina Ruiz Soto,Masculino,18-22,2,5,2,4,1,5,2,4,5,5,3,4,4,5,1,5,1,3,5,4,5,2,5,5,-9,-3,-7,4,INFJ
2026-07-20T11:00:20.641000+00:00,Andrea Ramirez Guerrero,Femenino,23-27,3,3,3,5,3,4,2,1,4,2,2,2,4,2,3,5,5,3,4,1,5,3,3,2,-3,3,2,6,ISTJ
2026-07-20T11:28:20.671000+00:00,Gabriel Sanchez Medina,Femenino,18-22,2,1,4,3,5,2,3,3,4,2,3,4,2,5,4,5,4,5,5,4,5,2,4,1,5,1,-5,7,ESFJ
2026-07-16T16:00:30.977000+00:00,Eduardo Vega Aguilar,Masculino,18-22,3,3,3,1,2,4,4,5,5,5,4,4,5,4,3,3,2,3,5,5,4,3,3,3,0,-1,0,1,ENTJ
2026-07-23T18:48:30.977000+00:00,Emilia Perez Delgado,Masculino,18-22,3,2,2,1,2,4,4,4,4,3,3,3,5,4,3,3,1,5,5,4,3,1,5,4,0,1,-3,4,ESFJ
2026-07-15T11:36:25.399000+00:00,Andres Hernandez Munoz,Masculino,18-22,4,2,5,3,3,4,3,1,2,1,2,4,2,5,3,5,4,1,4,1,5,4,3,1,3,1,-2,6,ESFJ
2026-07-17T22:33:06.193000+00:00,Julieta Sanchez Mendez,Femenino,18-22,3,3,2,3,1,3,2,3,5,4,3,2,1,3,3,3,2,2,4,4,3,1,2,2,-3,1,-2,2,ISFJ
2026-07-16T07:21:11.216000+00:00,Matias Ortiz Rodriguez,Masculino,18-22,3,2,4,5,2,5,5,3,5,1,2,1,2,3,5,2,4,1,4,3,4,4,3,4,-3,7,5,0,ISTJ
2026-07-17T07:10:43.226000+00:00,Fernando Silva Vega,Masculino,18-22,1,5,1,5,2,5,2,3,5,5,3,5,4,5,1,5,1,4,4,5,5,2,5,4,-11,-3,-8,3,INFJ
2026-07-20T07:26:40.939000+00:00,Mateo Jimenez Alvarez,Masculino,18-22,1,4,1,5,2,5,1,4,5,1,5,5,4,4,4,5,1,4,5,3,2,2,3,2,-10,1,-4,3,ISFJ
2026-07-22T21:31:17.161000+00:00,Alejandro Herrera Medina,Masculino,18-22,1,4,4,4,3,4,3,4,4,4,2,4,4,3,2,4,2,4,3,3,4,3,5,5,-4,-3,-3,1,INFJ
2026-07-27T11:14:30.977000+00:00,Samantha Ramos Vega,Masculino,18-22,4,1,2,2,3,4,3,4,5,3,2,5,5,4,2,4,1,5,5,4,3,2,3,3,2,-2,-5,2,ENFJ
2026-07-20T07:31:38.529000+00:00,Paulina Morales Acosta,Otro,18-22,2,3,3,4,3,4,2,3,3,5,3,5,3,5,3,4,4,4,4,3,2,1,2,4,-3,-5,-3,0,INFJ
2026-07-12T20:22:17.020000+00:00,Samantha Cruz Rodriguez,Femenino,18-22,2,2,5,2,5,2,4,5,4,4,2,2,4,1,4,1,3,3,4,3,3,5,5,1,6,-1,6,3,ENTJ
2026-07-22T23:47:06.193000+00:00,Mariana Delgado Ramos,Femenino,18-22,2,3,1,2,1,3,2,3,4,4,3,2,1,4,3,4,2,4,3,2,5,3,2,1,-4,0,-6,4,ISFJ
2026-07-22T15:00:03.277000+00:00,Zoe Gonzalez Moreno,Masculino,18-22,1,4,4,4,2,5,4,4,5,4,5,5,3,5,3,5,3,5,3,2,5,3,1,2,-6,1,-6,2,ISFJ
2026-07-22T14:34:42.675000+00:00,Mariana Pena Reyes,Femenino,18-22,2,4,3,2,1,4,2,3,5,3,2,4,5,5,3,4,3,2,2,4,2,4,3,5,-4,-1,0,-6,INTP
2026-07-15T10:57:53.029000+00:00,Zoe Lopez Guzman,Masculino,18-22,2,4,5,1,3,2,2,1,2,2,1,3,2,2,4,3,4,4,2,3,2,1,3,4,3,-1,1,-1,ENTP
2026-07-16T16:47:43.226000+00:00,Felipe Acosta Rodriguez,Masculino,18-22,1,5,1,5,1,4,2,4,5,5,2,4,5,5,2,5,3,3,4,5,4,1,5,4,-11,-4,-3,3,INFJ
2026-07-20T18:49:09.573000+00:00,Diego Gomez Lopez,Masculino,18-22,5,2,1,1,1,5,5,5,4,3,2,5,3,5,4,4,3,4,4,5,5,5,5,5,-1,-2,-3,-1,INFP
2026-07-21T11:22:58.565000+00:00,Felipe Lopez Medina,Femenino,33+,2,5,3,5,2,4,5,4,2,3,4,5,4,4,5,5,4,2,3,4,5,5,4,4,-7,-1,2,-1,INTP
2026-07-17T03:41:20.950000+00:00,Natalia Alvarez Gutierrez,Masculino,23-27,1,4,2,4,4,5,5,2,4,1,4,5,4,4,1,1,2,4,1,4,1,2,3,5,-6,5,-2,-6,ISFP
2026-07-18T21:55:25.399000+00:00,Luis Vargas Rivera,Masculino,18-22,4,2,4,1,2,5,3,1,2,1,2,4,1,4,2,5,4,2,5,2,5,3,3,3,2,1,-4,5,ESFJ
2026-07-26T19:57:20.641000+00:00,Tomas Ramirez Munoz,Femenino,23-27,4,3,3,5,3,5,2,1,4,3,4,2,4,3,2,5,4,2,4,1,5,2,4,4,-3,4,0,6,ISTJ
2026-07-20T16:27:20.671000+00:00,Eduardo Rojas Vega,Femenino,18-22,1,3,5,1,5,2,4,1,3,3,3,3,1,4,3,3,5,5,5,5,5,2,5,1,5,3,-3,7,ESFJ
2026-07-26T03:47:05.108000+00:00,Zoe Jimenez Alvarez,Masculino,18-22,1,5,2,4,1,5,3,3,4,2,2,4,3,4,2,3,4,3,3,3,3,3,3,2,-10,0,-1,1,ISFJ
2026-07-23T07:25:32.131000+00:00,Andrea Jimenez Silva,Femenino,28-32,3,5,4,5,4,2,2,3,4,3,5,2,5,1,4,3,3,3,1,4,2,1,4,5,-1,3,5,-3,ISTP
2026-07-23T00:49:20.203000+00:00,Leonardo Lopez Romero,Femenino,18-22,3,4,4,4,1,3,1,3,3,3,2,4,3,5,4,4,3,4,5,1,3,1,3,3,-3,-4,-3,6,INFJ
2026-07-13T08:46:48.826000+00:00,Samuel Martinez Guzman,Femenino,18-22,2,5,1,4,3,3,2,2,4,2,3,2,4,4,4,4,3,3,3,1,3,2,5,2,-6,3,0,6,ISTJ
2026-07-16T21:53:42.675000+00:00,Mateo Fernandez Castro,Femenino,18-22,4,4,4,2,2,5,2,3,5,2,3,3,5,4,4,4,3,3,3,4,3,5,5,5,-1,2,1,-3,ISTP
2026-07-22T19:03:20.203000+00:00,Fernando Ramirez Morales,Femenino,18-22,2,5,4,3,1,3,2,2,5,3,2,3,2,5,2,2,2,3,3,1,5,1,3,3,-4,1,-4,6,ISFJ
2026-07-18T09:02:17.020000+00:00,Regina Vega Vasquez,Femenino,18-22,4,2,5,3,5,3,3,5,5,4,4,4,4,2,5,1,3,5,3,2,3,4,4,1,6,-1,4,3,ENTJ
2026-07-14T18:51:20.203000+00:00,Nicolas Maldonado Perez,Femenino,18-22,2,4,3,3,1,4,2,4,4,5,3,4,2,4,4,4,3,4,4,3,5,1,2,2,-5,-4,-3,5,INFJ
2026-07-19T13:05:38.572000+00:00,Juan Gutierrez Chavez,Masculino,18-22,4,2,4,3,1,4,2,3,5,4,5,3,3,4,3,4,3,3,4,2,5,3,5,2,0,2,-2,7,ESFJ
2026-07-21T19:02:25.399000+00:00,Regina Mendoza Guzman,Masculino,18-22,4,2,5,3,1,3,2,1,4,2,4,4,2,5,4,4,5,3,5,2,4,3,4,1,2,3,-1,7,ESFJ
2026-07-24T08:07:58.085000+00:00,Pedro Jimenez Lopez,Masculino,18-22,4,5,5,3,3,2,4,3,4,4,4,5,3,4,5,5,5,5,5,4,3,2,4,1,2,0,-1,5,ESFJ
2026-07-17T02:28:04.989000+00:00,Leonardo Ruiz Chavez,Femenino,18-22,3,5,1,1,5,5,3,4,4,3,3,3,1,1,4,2,1,1,4,1,2,3,5,2,-2,0,2,5,ISTJ
2026-07-20T13:26:22.619000+00:00,Isabella Maldonado Moreno,Otro,18-22,1,5,3,5,3,5,4,2,3,5,2,5,4,4,3,3,1,4,4,5,4,2,5,5,-8,-3,-3,1,INFJ
2026-07-18T16:25:37.003000+00:00,Sara Rios Cruz,Femenino,33+,2,5,1,4,2,4,3,3,1,1,3,4,5,3,3,4,4,4,4,3,3,4,3,4,-8,-1,1,-1,INTP
2026-07-17T20:24:20.641000+00:00,Miguel Fernandez Ramos,Femenino,23-27,3,1,3,4,3,5,2,3,2,1,2,1,2,1,1,4,4,2,5,1,4,3,5,3,-1,1,0,7,ISTJ
2026-07-25T15:56:18.617000+00:00,Pedro Medina Ortiz,Masculino,18-22,3,4,5,5,3,3,4,2,3,3,3,3,4,4,5,2,5,2,1,2,1,3,3,4,-1,2,6,-4,ISTP
2026-07-23T06:23:12.944000+00:00,Fernanda Silva Guerrero,Masculino,18-22,3,4,5,4,3,5,5,1,4,3,5,3,1,4,5,5,5,5,5,3,4,5,4,2,-2,7,-3,3,ISFJ
2026-07-24T13:55:42.675000+00:00,Mia Rojas Vargas,Femenino,18-22,4,3,3,3,3,5,2,1,4,3,2,2,5,5,2,5,3,4,2,4,4,4,4,5,-1,2,-4,-3,ISFP
2026-07-15T18:50:41.266000+00:00,Mia Hernandez Aguilar,Masculino,18-22,2,3,3,5,2,4,4,3,4,3,4,4,2,4,2,5,1,5,4,3,4,3,4,3,-5,2,-9,3,ISFJ
2026-07-14T03:48:25.651000+00:00,Emilia Jimenez Moreno,Masculino,18-22,2,3,2,5,1,5,4,2,4,2,4,3,1,3,4,3,4,4,4,3,4,2,4,2,-8,5,-1,5,ISFJ
2026-07-19T14:51:04.462000+00:00,Julieta Ortiz Gomez,Masculino,23-27,3,3,3,3,4,2,3,3,2,2,1,3,2,1,3,1,4,1,5,4,2,1,4,5,2,-2,6,1,ENTJ
2026-07-26T08:47:41.266000+00:00,Julieta Perez Ramirez,Masculino,18-22,4,3,3,5,2,5,4,4,5,4,3,2,1,3,3,5,1,5,4,4,5,1,3,2,-4,2,-8,5,ISFJ
2026-07-13T05:48:17.020000+00:00,Matias Diaz Diaz,Femenino,18-22,4,2,4,3,4,3,4,4,5,2,3,2,4,3,4,1,3,3,3,3,5,5,4,2,4,4,4,2,ESTJ
2026-07-14T05:54:11.216000+00:00,Andres Rodriguez Guerrero,Masculino,18-22,4,2,4,5,1,3,5,4,5,1,3,1,4,4,4,3,5,1,3,4,2,3,4,2,-1,7,5,0,ISTJ
2026-07-19T22:22:48.855000+00:00,Isabella Soto Soto,Femenino,18-22,3,5,4,5,2,5,3,4,5,4,1,3,2,3,3,4,2,5,3,3,4,4,1,5,-6,-2,-5,-4,INFP
2026-07-17T14:50:17.004000+00:00,Daniel Romero Vargas,Masculino,18-22,4,5,4,4,3,4,5,5,4,5,3,4,3,3,1,3,3,3,5,3,5,2,4,4,-2,-2,-2,5,INFJ
2026-07-20T03:19:20.671000+00:00,Valentina Reyes Rodriguez,Femenino,18-22,1,3,4,3,3,3,3,3,3,2,3,4,1,4,3,3,5,5,4,5,5,1,5,2,-1,0,-3,6,ISFJ
2026-07-25T22:13:23.103000+00:00,Daniel Romero Ortiz,Masculino,18-22,5,1,3,2,3,5,1,1,2,3,1,5,4,1,5,3,5,3,2,4,4,1,5,3,3,-5,7,3,ENTJ
2026-07-15T05:50:20.671000+00:00,Santiago Guzman Herrera,Femenino,18-22,1,3,5,3,4,1,4,1,4,1,4,4,1,4,3,4,5,3,5,5,5,1,5,1,3,6,-2,8,ESFJ
2026-07-24T08:10:17.433000+00:00,Valentina Salazar Aguilar,Masculino,18-22,4,4,5,5,4,2,2,4,3,2,3,4,1,3,3,1,3,3,4,5,1,4,4,5,2,-2,0,-5,ENTP
2026-07-22T06:49:41.266000+00:00,Luciana Moreno Castillo,Masculino,18-22,4,4,3,4,1,5,4,4,5,3,2,2,2,3,2,5,2,4,5,5,5,3,5,2,-5,2,-6,5,ISFJ
2026-07-23T10:19:11.506000+00:00,Ana Martinez Vasquez,Masculino,18-22,3,1,1,3,2,5,4,3,3,4,1,4,1,3,1,5,4,3,3,1,5,5,5,1,-3,-3,-5,6,INFJ
2026-07-23T06:22:23.103000+00:00,Leonardo Garcia Perez,Masculino,18-22,5,2,4,2,4,3,2,2,3,2,1,4,2,2,5,3,4,4,3,4,4,1,5,3,6,-2,2,4,ENTJ
2026-07-15T16:23:56.881000+00:00,Renata Soto Silva,Femenino,18-22,4,4,1,2,5,2,2,2,4,4,3,2,2,3,5,3,4,2,1,3,3,4,2,1,2,1,3,-2,ESTP
2026-07-14T13:32:01.471000+00:00,Matias Castillo Aguilar,Masculino,18-22,3,3,4,3,1,3,5,5,5,2,2,2,2,5,3,4,3,4,5,4,4,3,3,2,-1,3,-5,3,ISFJ
2026-07-19T13:45:17.004000+00:00,Isabella Morales Medina,Masculino,18-22,4,4,4,5,3,4,4,3,5,5,3,4,3,5,1,5,2,3,5,5,5,2,5,5,-2,0,-7,3,ISFJ
2026-07-17T00:05:05.108000+00:00,Felipe Soto Gomez,Masculino,18-22,1,5,2,5,2,4,4,2,4,1,2,3,4,3,4,2,3,3,2,2,4,3,3,3,-9,4,3,1,ISTJ
2026-07-23T23:01:01.471000+00:00,Valentina Munoz Vargas,Masculino,18-22,2,5,2,2,1,4,5,3,5,4,3,3,3,3,5,4,2,3,4,2,2,4,3,3,-6,3,0,0,ISTJ
2026-07-17T20:20:11.216000+00:00,Mia Chavez Guerrero,Masculino,18-22,5,3,2,4,1,3,3,2,5,1,3,1,4,2,4,3,5,3,4,4,4,5,5,3,-2,7,5,1,ISTJ
2026-07-21T10:12:43.226000+00:00,Emilio Salazar Pena,Masculino,18-22,1,5,2,5,2,4,2,4,4,5,2,5,4,5,3,4,3,2,4,5,5,1,5,5,-9,-6,-1,3,INFJ
2026-07-16T04:33:23.103000+00:00,Natalia Vasquez Rios,Masculino,18-22,5,1,4,1,3,3,3,3,3,2,2,4,3,3,5,4,5,2,2,5,4,2,4,3,7,-1,4,0,ENTJ
2026-07-17T13:55:53.029000+00:00,Emilia Flores Ruiz,Masculino,18-22,1,4,5,2,1,1,3,3,2,3,3,4,1,2,4,3,4,3,1,3,2,1,2,4,0,-2,1,-3,ENTP
2026-07-18T06:47:05.108000+00:00,Andrea Cruz Mendoza,Masculino,18-22,2,5,2,5,1,5,3,1,5,3,4,5,2,5,3,3,3,5,3,3,3,2,3,1,-10,3,-5,3,ISFJ
2026-07-13T19:46:25.651000+00:00,Felipe Gomez Vargas,Masculino,18-22,4,3,1,4,1,5,5,3,4,1,5,2,2,1,4,5,5,4,2,4,5,4,4,3,-6,8,1,0,ISTJ
2026-07-17T06:05:20.671000+00:00,Emilia Mendoza Mendoza,Femenino,18-22,1,2,5,3,3,3,5,2,4,2,3,3,3,3,5,5,5,5,5,5,5,2,4,1,1,5,0,6,ESTJ
2026-07-17T23:38:58.085000+00:00,Leonardo Salazar Delgado,Masculino,18-22,3,5,5,2,2,2,5,2,5,5,4,3,1,5,4,4,5,5,3,5,3,2,5,1,1,4,-4,3,ESFJ
2026-07-21T13:34:32.753000+00:00,Pedro Ortiz Aguilar,Femenino,18-22,3,5,3,5,1,4,4,3,2,1,4,3,3,4,3,4,2,3,2,4,3,3,3,2,-7,3,-3,-1,ISFP
2026-07-13T01:40:32.131000+00:00,Leonardo Fernandez Guerrero,Femenino,28-32,4,5,4,5,4,2,2,3,2,4,5,4,5,1,4,3,3,5,3,5,1,1,4,3,0,-2,3,-1,ENTP
2026-07-20T05:06:23.103000+00:00,Ximena Reyes Hernandez,Masculino,18-22,4,1,3,1,5,3,3,3,3,2,1,5,4,2,5,2,5,3,3,3,5,1,5,5,7,-3,7,4,ENTJ
2026-07-16T09:36:28.818000+00:00,Eduardo Hernandez Guzman,Masculino,18-22,5,5,2,1,3,1,3,4,3,2,5,2,5,2,5,3,3,5,5,2,5,3,4,2,3,3,3,7,ESTJ
2026-07-23T09:23:17.433000+00:00,Tomas Herrera Rodriguez,Masculino,18-22,5,2,4,4,4,3,2,4,5,3,5,5,1,1,3,1,3,2,2,5,1,5,4,4,4,0,3,-7,ESTP
2026-07-21T08:15:25.651000+00:00,Gabriel Rojas Fernandez,Masculino,18-22,3,4,1,3,1,4,5,3,5,2,5,4,1,2,3,5,3,5,2,3,4,3,5,2,-6,6,-5,3,ISFJ
2026-07-19T20:56:51.949000+00:00,David Medina Flores,Femenino,18-22,4,5,3,5,1,4,5,1,5,1,5,2,3,2,4,4,1,2,4,4,5,2,4,3,-6,11,0,4,ISTJ
2026-07-19T20:13:53.029000+00:00,Valeria Alvarez Rojas,Masculino,18-22,1,3,5,2,1,2,1,1,2,2,2,2,3,2,5,3,4,3,2,5,1,1,2,4,0,0,4,-5,ESTP
2026-07-14T06:34:36.976000+00:00,Paulina Vasquez Rivera,Femenino,18-22,5,2,5,5,4,3,1,4,3,5,1,4,3,4,5,3,3,5,1,4,3,2,2,4,4,-8,-1,-4,ENFP
2026-07-15T00:15:23.103000+00:00,Valentina Mendoza Reyes,Masculino,18-22,5,1,4,1,3,5,3,2,2,3,1,4,4,2,5,4,5,2,2,3,4,1,4,5,5,-3,6,1,ENTJ
2026-07-16T06:35:41.266000+00:00,Emilio Cruz Mendez,Masculino,18-22,3,4,1,5,1,5,4,3,3,4,3,3,1,5,4,5,2,5,4,5,3,3,4,2,-9,0,-8,1,ISFJ
2026-07-15T23:29:43.226000+00:00,Juan Flores Ramos,Masculino,18-22,1,5,2,5,1,4,1,4,5,3,1,5,5,5,2,4,3,3,4,4,5,2,5,5,-10,-5,-2,3,INFJ
2026-07-14T14:04:58.085000+00:00,Emilia Reyes Rios,Masculino,18-22,4,3,5,2,1,3,4,2,5,5,5,3,1,4,5,5,5,5,4,4,2,1,4,2,2,4,-3,3,ESFJ
2026-07-18T19:27:36.976000+00:00,Sofia Vargas Medina,Femenino,18-22,3,2,5,4,5,1,2,4,3,4,1,5,2,5,4,3,3,5,3,4,2,2,1,5,6,-7,-4,-5,ENFP
2026-07-11T12:35:43.226000+00:00,Jorge Alvarez Garcia,Masculino,18-22,1,4,1,5,1,5,2,4,5,3,1,5,3,5,2,4,2,4,4,4,4,1,5,5,-11,-4,-6,3,INFJ
2026-07-19T04:32:48.855000+00:00,Andrea Reyes Jimenez,Femenino,18-22,3,5,5,5,2,5,3,3,5,5,1,4,2,5,1,5,1,5,2,3,5,4,1,4,-5,-3,-11,-3,INFP
2026-07-17T23:56:04.989000+00:00,Luciana Sanchez Acosta,Femenino,18-22,4,3,2,2,4,5,3,3,4,5,3,5,3,1,4,2,1,1,5,2,4,4,4,1,0,-3,4,6,ENTJ
2026-07-15T15:27:15.976000+00:00,Paulina Guerrero Morales,Femenino,18-22,5,3,1,2,2,1,4,1,5,1,4,5,5,2,5,3,5,2,2,4,4,2,5,1,2,6,8,4,ESTJ
2026-07-21T06:35:58.762000+00:00,Victoria Acosta Munoz,Femenino,23-27,5,4,5,5,4,2,5,2,3,4,3,4,3,5,5,3,5,3,5,2,3,4,4,1,3,1,2,5,ESTJ
2026-07-25T21:39:09.573000+00:00,Camila Vega Hernandez,Masculino,18-22,4,4,2,3,2,3,3,4,5,3,3,4,5,4,4,5,3,3,3,4,4,4,5,3,-2,0,0,1,ISTJ
2026-07-23T21:44:34.267000+00:00,Miguel Munoz Rivera,Femenino,18-22,2,5,2,2,2,5,5,1,5,1,2,2,5,1,3,1,3,4,5,1,4,1,5,3,-6,8,5,9,ISTJ
2026-07-17T07:29:36.976000+00:00,Alejandro Delgado Ramirez,Femenino,18-22,5,2,4,4,5,3,3,3,5,3,3,4,3,5,3,2,3,5,2,5,2,1,3,5,5,1,-3,-4,ESFP
2026-07-27T23:14:59.501000+00:00,Samuel Diaz Lopez,Femenino,18-22,4,4,2,5,1,5,5,3,4,5,3,3,5,3,2,4,4,4,2,2,3,3,4,1,-7,1,0,3,ISTJ
2026-07-12T10:57:03.080000+00:00,Mateo Vargas Alvarez,Femenino,18-22,5,3,2,3,2,5,3,1,2,4,3,1,1,4,1,5,2,4,1,2,5,2,3,1,-2,2,-9,4,ISFJ
2026-07-15T01:12:37.003000+00:00,Carlos Moreno Vasquez,Femenino,33+,2,4,1,4,1,2,5,4,2,3,4,3,3,2,3,3,5,2,3,2,5,3,5,3,-6,1,4,5,ISTJ
2026-07-11T15:46:10.723000+00:00,Daniel Ramirez Flores,Masculino,18-22,2,4,5,5,1,5,5,5,4,5,2,5,4,2,5,1,5,1,4,2,5,3,5,3,-6,-4,10,6,INTJ
2026-07-23T04:50:20.671000+00:00,Zoe Lopez Morales,Femenino,18-22,2,1,4,3,4,1,5,2,4,1,4,4,2,5,4,4,3,3,5,5,4,2,5,1,5,6,-3,6,ESFJ
2026-07-14T01:47:43.226000+00:00,Jorge Martinez Romero,Masculino,18-22,2,4,1,4,2,4,3,4,5,5,2,5,3,4,3,5,3,2,5,4,5,2,5,5,-7,-4,-2,4,INFJ
2026-07-19T06:04:25.651000+00:00,Isabella Mendoza Reyes,Masculino,18-22,2,3,1,3,1,4,3,1,5,2,5,2,1,2,4,3,4,5,2,3,3,2,4,3,-6,8,-1,1,ISFJ
2026-07-16T10:29:34.267000+00:00,Isabella Perez Flores,Femenino,18-22,1,5,1,2,2,4,4,2,3,2,4,2,3,1,3,2,5,3,5,1,2,1,5,1,-7,5,5,9,ISTJ
2026-07-24T13:36:04.462000+00:00,Valeria Rios Rojas,Masculino,23-27,4,2,4,5,2,2,1,5,2,2,1,3,2,2,3,1,3,2,4,4,2,1,3,5,1,-6,3,-1,ENTP
2026-07-19T12:54:41.266000+00:00,Nicolas Sanchez Perez,Masculino,18-22,2,4,2,5,1,4,3,5,4,4,4,2,1,3,2,4,3,4,4,5,5,1,3,4,-8,0,-5,2,ISFJ
2026-07-18T12:39:37.003000+00:00,Santiago Fernandez Mendoza,Femenino,33+,3,5,1,4,3,4,4,4,2,3,5,4,4,2,4,2,5,2,3,4,3,5,5,3,-6,0,7,-1,ISTP
2026-07-22T13:25:05.108000+00:00,Diego Hernandez Vargas,Masculino,18-22,1,5,2,5,1,5,2,2,5,3,4,5,4,4,3,4,3,4,3,4,3,3,4,1,-11,1,-2,2,ISFJ
2026-07-21T08:01:03.080000+00:00,Luciana Maldonado Ramirez,Femenino,18-22,5,2,1,4,1,5,5,1,1,5,1,1,1,5,2,5,3,2,1,3,5,3,2,1,-4,0,-6,1,ISFJ
2026-07-21T13:42:56.881000+00:00,Zoe Herrera Guzman,Femenino,18-22,5,3,1,4,5,3,4,1,5,2,3,4,2,1,5,2,3,4,2,2,5,4,3,3,1,5,3,1,ESTJ
2026-07-26T04:45:18.617000+00:00,Leonardo Martinez Diaz,Masculino,18-22,5,4,3,5,4,5,5,3,4,3,2,3,2,4,3,4,5,4,1,4,3,3,5,4,-2,2,-2,-2,ISFP
2026-07-19T20:00:37.003000+00:00,Santiago Navarro Jimenez,Femenino,33+,4,5,2,4,2,4,4,4,3,3,5,4,3,4,3,3,4,3,5,4,5,4,3,4,-5,1,0,1,ISTJ
2026-07-24T01:25:09.634000+00:00,Fernando Guerrero Morales,Masculino,23-27,2,4,3,3,2,4,4,2,4,2,5,5,2,2,5,3,3,3,3,4,3,3,4,4,-4,4,2,-1,ISTP
2026-07-24T10:43:56.881000+00:00,Zoe Gomez Gutierrez,Femenino,18-22,5,4,3,3,5,4,2,3,5,3,3,3,4,1,3,3,4,4,1,2,5,4,3,3,2,1,3,0,ESTJ
2026-07-19T08:23:58.762000+00:00,Mia Fernandez Guzman,Femenino,23-27,5,4,3,4,4,1,5,2,2,3,2,4,2,3,5,2,4,2,5,3,4,4,4,3,3,0,4,3,ESTJ
2026-07-14T14:15:09.573000+00:00,Leonardo Martinez Gonzalez,Masculino,18-22,3,4,1,1,1,5,3,5,4,4,3,5,3,5,3,4,5,4,3,4,5,5,5,3,-5,-4,-2,1,INFJ
2026-07-16T16:32:10.723000+00:00,Elena Vega Lopez,Masculino,18-22,4,4,5,5,2,5,4,5,4,4,2,5,4,1,5,1,5,1,5,2,5,3,5,3,-3,-4,11,7,INTJ
2026-07-24T20:14:20.671000+00:00,Fernando Guzman Reyes,Femenino,18-22,1,2,5,1,5,1,4,3,3,3,3,4,3,5,5,4,3,3,5,4,5,2,5,1,7,0,-1,8,ESFJ
2026-07-21T14:08:05.108000+00:00,Mateo Mendoza Diaz,Masculino,18-22,1,5,3,5,1,5,4,2,4,3,3,4,4,4,3,2,3,3,3,4,5,2,5,3,-10,2,1,4,ISTJ
2026-07-26T11:01:42.675000+00:00,Sofia Ruiz Chavez,Femenino,18-22,2,2,3,4,2,4,2,1,5,4,3,4,4,5,2,3,3,2,2,4,2,5,4,5,-3,1,-1,-6,ISFP
2026-07-16T11:26:06.193000+00:00,Gabriel Navarro Herrera,Femenino,18-22,3,4,1,1,1,5,2,2,5,2,3,2,3,5,3,2,3,3,4,2,3,3,3,1,-5,4,-1,4,ISFJ
2026-07-13T13:54:12.944000+00:00,Sara Romero Gutierrez,Masculino,18-22,4,3,3,4,3,5,5,2,5,1,5,5,3,5,5,3,5,5,4,2,4,4,5,1,-2,7,0,6,ISTJ
2026-07-17T11:13:11.506000+00:00,Matias Ramirez Jimenez,Masculino,18-22,3,2,3,4,2,4,2,3,3,4,2,3,1,5,3,4,4,3,3,1,5,4,4,1,-2,-3,-4,6,INFJ
2026-07-21T18:37:59.501000+00:00,Felipe Rios Rivera,Femenino,18-22,5,4,4,5,1,5,5,3,4,5,4,3,4,4,4,3,3,4,1,2,4,1,4,3,-4,2,0,3,ISTJ
2026-07-20T20:35:43.226000+00:00,Regina Diaz Mendoza,Masculino,18-22,1,4,1,4,1,4,1,4,5,5,1,5,5,4,1,4,1,4,4,5,5,1,4,4,-9,-7,-5,3,INFJ
2026-07-18T11:10:48.855000+00:00,Jorge Salazar Hernandez,Femenino,18-22,4,5,3,5,2,5,3,4,5,5,1,5,1,4,2,4,3,5,3,3,5,5,2,5,-6,-5,-7,-3,INFP
2026-07-22T06:14:17.020000+00:00,Regina Navarro Perez,Femenino,18-22,2,3,5,2,5,3,5,4,5,3,4,3,2,3,4,1,3,5,5,3,3,4,5,1,4,4,0,5,ESTJ
2026-07-15T14:53:03.277000+00:00,Joaquin Jimenez Navarro,Masculino,18-22,3,4,3,5,2,4,4,3,3,2,3,4,3,4,3,4,4,4,3,1,3,3,2,1,-5,1,-2,3,ISFJ
2026-07-14T03:52:32.131000+00:00,Natalia Sanchez Gutierrez,Femenino,28-32,4,3,5,5,4,2,1,5,4,4,5,2,5,1,3,3,5,5,1,5,1,1,4,4,3,-1,4,-4,ENTP
2026-07-24T20:13:27.487000+00:00,Elena Rios Navarro,Femenino,18-22,3,2,4,3,5,4,4,2,5,2,4,2,4,3,5,1,5,2,5,3,5,1,5,3,3,7,8,8,ESTJ
2026-07-23T16:21:04.989000+00:00,Juan Jimenez Pena,Femenino,18-22,2,5,1,2,4,5,2,5,4,3,3,4,1,1,4,4,1,1,4,3,4,2,5,2,-5,-3,0,6,INTJ
2026-07-27T07:11:58.565000+00:00,Mia Rios Ramos,Femenino,33+,1,4,4,4,1,4,5,5,3,1,5,4,2,2,5,4,3,4,5,3,5,4,2,5,-6,3,0,0,ISTJ
2026-07-24T15:18:53.029000+00:00,Victoria Rojas Mendez,Masculino,18-22,1,2,3,1,3,2,3,1,4,4,1,3,3,2,4,3,2,4,3,5,2,2,4,5,2,0,0,-3,ESTP
2026-07-18T22:56:38.529000+00:00,Pedro Salazar Ramos,Otro,18-22,2,4,3,3,3,4,3,4,4,5,4,5,3,5,3,3,3,5,5,4,2,1,4,2,-3,-3,-4,4,INFJ
2026-07-24T00:44:09.634000+00:00,Mateo Medina Salazar,Masculino,23-27,2,3,3,4,1,5,5,2,5,3,5,3,2,3,5,3,2,4,5,4,3,1,2,2,-6,7,-1,3,ISFJ
2026-07-13T08:03:48.855000+00:00,Emilio Fernandez Navarro,Femenino,18-22,3,5,4,5,4,4,3,3,4,3,1,4,2,4,3,5,2,5,3,4,5,5,1,5,-3,-2,-7,-5,INFP
2026-07-18T21:54:20.641000+00:00,Martina Pena Navarro,Femenino,23-27,4,3,4,5,2,5,2,2,2,1,4,2,3,1,1,3,4,3,5,1,5,3,3,4,-3,3,1,5,ISTJ
2026-07-26T08:21:30.205000+00:00,Gabriel Silva Torres,Masculino,33+,2,1,5,3,1,3,3,4,3,3,3,4,5,3,3,5,5,3,4,5,2,1,3,1,1,-2,2,2,ENTJ
2026-07-21T22:51:20.950000+00:00,Miguel Ramirez Jimenez,Masculino,23-27,2,5,4,5,2,4,5,1,4,3,5,5,4,4,3,2,1,4,2,4,1,1,1,5,-6,5,-2,-6,ISFP
2026-07-14T12:16:10.723000+00:00,Martina Salazar Medina,Masculino,18-22,4,4,4,4,1,4,5,5,5,5,1,5,4,1,4,2,5,2,4,1,4,4,5,2,-3,-4,8,6,INTJ
2026-07-16T06:39:42.675000+00:00,Valeria Rojas Garcia,Femenino,18-22,2,2,2,4,3,4,3,1,5,3,4,4,5,5,2,3,4,4,3,3,2,5,5,4,-3,4,-1,-2,ISFP
2026-07-23T16:20:11.216000+00:00,Luciana Mendez Vargas,Masculino,18-22,4,3,2,5,1,5,3,3,5,3,3,3,2,2,4,1,3,1,3,2,4,5,4,4,-6,2,5,0,ISTJ
2026-07-25T20:39:27.487000+00:00,Joaquin Ramos Castillo,Femenino,18-22,2,2,3,3,5,3,2,1,5,3,4,2,2,5,4,3,4,3,5,2,3,2,5,3,2,5,-1,6,ESFJ
2026-07-12T03:35:36.976000+00:00,Gabriel Romero Delgado,Femenino,18-22,3,2,5,5,5,2,1,4,5,4,1,4,1,5,3,1,4,4,2,5,4,1,3,5,4,-5,-2,-2,ENFP
2026-07-19T21:44:48.826000+00:00,Leonardo Lopez Gutierrez,Femenino,18-22,3,4,1,4,2,3,4,2,3,1,4,1,3,3,3,4,3,2,2,3,4,2,3,1,-5,7,0,3,ISTJ
2026-07-27T17:56:17.433000+00:00,Isabella Acosta Mendoza,Masculino,18-22,5,2,5,5,5,1,3,4,5,1,4,4,1,1,3,2,5,1,3,5,1,4,5,5,7,3,5,-5,ESTP
2026-07-14T05:07:18.617000+00:00,Sara Guzman Medina,Masculino,18-22,3,5,5,5,2,3,3,2,2,5,3,4,3,5,5,3,5,3,2,4,1,3,4,4,-3,-3,2,-4,INTP
2026-07-17T19:23:17.161000+00:00,Luis Sanchez Rios,Masculino,18-22,1,4,4,4,2,4,2,3,3,5,2,4,3,3,1,5,1,3,5,3,4,1,3,5,-5,-5,-6,3,INFJ
2026-07-22T15:33:51.949000+00:00,Paulina Maldonado Ramirez,Femenino,18-22,4,4,1,5,1,5,4,2,4,1,5,1,3,1,5,3,2,2,5,4,4,1,5,1,-8,9,4,8,ISTJ
2026-07-16T14:02:34.267000+00:00,Emilia Garcia Guzman,Femenino,18-22,2,5,1,3,1,4,5,1,4,1,2,1,3,1,4,1,4,2,4,2,3,2,5,2,-8,8,7,6,ISTJ
2026-07-18T22:46:32.131000+00:00,Andres Sanchez Morales,Femenino,28-32,2,4,4,4,5,2,1,3,4,4,4,3,5,2,4,3,4,4,3,5,2,1,5,3,1,-1,4,1,ENTJ
2026-07-15T17:38:04.989000+00:00,David Fernandez Cruz,Femenino,18-22,2,5,1,2,4,5,2,5,4,3,2,4,2,2,4,2,1,2,5,1,4,2,4,2,-5,-4,1,8,INTJ
2026-07-24T01:57:25.651000+00:00,David Moreno Maldonado,Masculino,18-22,2,3,1,4,1,5,4,1,5,2,5,4,1,1,3,3,4,5,3,4,4,2,5,1,-8,7,-1,5,ISFJ
2026-07-14T11:42:18.617000+00:00,Jorge Lopez Vargas,Masculino,18-22,5,5,4,5,2,5,5,2,4,5,4,5,4,5,4,4,4,3,1,4,3,2,4,2,-4,1,0,0,ISTJ
2026-07-12T00:55:22.619000+00:00,Pedro Gomez Rivera,Otro,18-22,2,5,3,5,2,5,3,4,4,5,3,5,4,3,4,3,3,3,2,4,5,3,5,3,-8,-4,2,2,INTJ
2026-07-23T06:42:41.266000+00:00,Sebastian Morales Navarro,Masculino,18-22,3,5,3,5,1,4,3,4,3,2,2,3,1,3,3,5,3,5,3,3,3,2,4,2,-7,-1,-6,3,INFJ
2026-07-15T21:02:15.831000+00:00,Renata Fernandez Alvarez,Masculino,18-22,3,5,3,5,2,5,3,4,5,3,5,4,1,3,4,4,3,4,3,3,3,3,3,4,-7,2,-3,-1,ISFP
2026-07-25T10:54:09.573000+00:00,David Gomez Morales,Masculino,18-22,4,4,1,1,1,4,3,3,5,5,4,4,5,5,4,4,3,5,3,4,5,5,5,5,-3,0,-2,-1,ISFP
2026-07-25T03:03:36.976000+00:00,Samantha Aguilar Reyes,Femenino,18-22,5,2,5,5,4,1,1,2,4,3,3,5,3,5,5,2,5,5,1,4,4,1,2,5,6,-2,1,-3,ENTP
2026-07-26T05:07:03.277000+00:00,Julieta Silva Chavez,Masculino,18-22,1,4,3,4,1,5,4,5,3,4,4,5,2,5,1,5,2,3,1,1,5,2,1,1,-8,-3,-8,3,INFJ
2026-07-21T11:57:32.944000+00:00,Pedro Rodriguez Gonzalez,Masculino,18-22,3,5,1,4,1,5,5,1,4,4,3,3,4,4,1,2,4,4,4,4,2,1,5,5,-9,4,-1,1,ISFJ
2026-07-23T14:00:56.881000+00:00,Daniel Rivera Navarro,Femenino,18-22,5,4,1,3,5,3,4,3,4,4,3,2,3,1,5,3,2,4,1,2,3,5,2,1,1,2,2,-2,ESTP
2026-07-21T08:37:30.205000+00:00,Diego Pena Flores,Masculino,33+,2,1,5,5,2,3,3,3,2,5,5,5,5,1,4,5,4,2,3,4,4,3,4,3,0,-3,5,1,ENTJ
2026-07-20T03:44:17.020000+00:00,Gabriel Jimenez Rios,Femenino,18-22,2,3,5,2,5,3,5,5,4,4,3,3,4,1,5,2,4,4,3,2,4,5,5,1,4,0,6,4,ESTJ
2026-07-14T18:09:20.203000+00:00,Martina Ortiz Romero,Femenino,18-22,3,4,2,4,2,3,2,2,3,4,4,3,4,4,3,4,4,2,3,3,5,1,3,4,-4,0,1,3,ISTJ
2026-07-21T05:26:36.976000+00:00,Sara Munoz Martinez,Femenino,18-22,5,2,5,3,5,1,2,2,4,4,2,4,3,5,5,3,3,5,1,5,2,1,2,4,9,-2,-2,-5,ENFP
2026-07-18T19:51:56.881000+00:00,Daniel Castro Mendez,Femenino,18-22,4,4,3,2,5,4,4,3,3,2,3,3,2,1,3,3,4,3,1,2,3,4,1,2,2,2,2,-3,ESTP
2026-07-18T10:13:40.939000+00:00,Jorge Castillo Mendoza,Masculino,18-22,3,5,1,5,2,5,1,2,5,2,5,4,3,5,2,5,1,3,5,5,1,1,5,2,-9,3,-7,3,ISFJ
2026-07-20T06:24:18.617000+00:00,Zoe Acosta Vasquez,Masculino,18-22,3,5,4,5,2,4,5,3,4,3,4,3,4,4,5,4,5,4,3,2,3,4,5,2,-5,4,2,3,ISTJ
2026-07-21T05:25:53.029000+00:00,Valeria Ramos Gutierrez,Masculino,18-22,2,4,3,1,2,1,2,2,3,4,1,2,2,3,3,3,4,4,2,5,2,2,4,5,1,-2,-1,-4,ENFP
2026-07-19T18:52:20.641000+00:00,Juan Castillo Navarro,Femenino,23-27,4,3,3,5,3,5,1,2,4,2,4,1,4,1,2,4,5,3,5,2,4,1,3,4,-3,4,3,5,ISTJ
2026-07-16T09:06:15.976000+00:00,Andres Pena Lopez,Femenino,18-22,5,4,2,1,1,3,3,2,4,2,3,5,3,3,4,2,4,2,3,4,5,1,4,3,0,1,4,4,ESTJ
2026-07-24T08:49:28.818000+00:00,Emilia Diaz Vargas,Masculino,18-22,5,4,2,1,3,1,4,4,5,2,3,3,5,1,5,2,5,3,5,1,3,1,2,3,4,3,9,5,ESTJ
2026-07-26T08:06:15.976000+00:00,Nicolas Gomez Rivera,Femenino,18-22,4,2,1,2,2,2,2,1,5,1,3,5,4,4,5,4,4,3,3,3,3,2,5,2,1,3,2,4,ESTJ
2026-07-14T18:33:48.826000+00:00,Mateo Vasquez Gonzalez,Femenino,18-22,2,5,2,5,2,4,3,3,5,1,5,2,3,4,2,2,5,3,2,2,3,1,4,2,-8,7,1,4,ISTJ
2026-07-23T04:32:58.085000+00:00,Luciana Silva Vargas,Masculino,18-22,3,3,5,2,2,2,5,3,3,4,4,5,2,5,5,5,4,4,3,5,4,1,4,1,3,0,-3,4,ESFJ
2026-07-16T15:24:56.881000+00:00,Antonella Gomez Gomez,Femenino,18-22,4,2,2,2,5,3,3,3,5,3,2,3,2,2,5,2,3,2,1,1,3,5,3,1,4,1,4,0,ESTJ
2026-07-11T23:43:17.161000+00:00,Diego Martinez Rios,Masculino,18-22,1,5,4,5,4,5,2,3,3,5,1,3,4,5,3,4,2,5,4,5,4,1,3,3,-6,-5,-5,2,INFJ
2026-07-24T06:22:40.939000+00:00,Elena Medina Martinez,Masculino,18-22,3,5,1,4,2,5,1,4,5,2,4,5,4,4,2,5,1,2,4,3,3,1,3,3,-8,-1,-4,3,INFJ
2026-07-23T00:01:53.029000+00:00,Sebastian Rios Diaz,Masculino,18-22,2,2,4,1,3,3,3,2,4,2,2,4,2,3,3,3,3,5,1,4,1,1,4,5,3,1,-3,-4,ESFP
2026-07-18T14:30:15.976000+00:00,Ximena Medina Chavez,Femenino,18-22,5,3,1,1,1,1,2,3,5,1,3,5,4,3,5,3,4,4,2,2,3,1,4,1,2,1,3,5,ESTJ
2026-07-17T15:02:23.103000+00:00,Fernanda Hernandez Acosta,Masculino,18-22,5,1,3,2,5,5,3,2,3,4,2,3,3,2,5,2,4,4,3,5,5,2,5,3,5,-1,4,3,ENTJ
2026-07-24T09:45:25.651000+00:00,Samuel Morales Chavez,Masculino,18-22,2,3,1,5,2,5,5,1,4,2,4,4,1,3,5,3,3,5,3,2,3,3,5,3,-8,6,-2,3,ISFJ
2026-07-18T06:11:30.977000+00:00,Daniel Alvarez Chavez,Masculino,18-22,2,2,4,1,3,5,5,5,4,4,4,3,4,2,3,3,1,5,5,5,3,3,3,4,1,1,-2,-1,ESFP
2026-07-22T22:29:27.487000+00:00,Isabella Soto Herrera,Femenino,18-22,3,2,5,2,5,2,3,2,4,3,4,3,4,4,5,2,4,2,5,1,5,1,5,1,7,3,5,12,ESTJ
2026-07-24T22:31:37.003000+00:00,Ximena Fernandez Rojas,Femenino,33+,4,5,1,5,3,4,3,2,3,3,5,4,5,3,3,4,5,2,3,4,4,5,5,4,-6,2,4,-1,ISTP
2026-07-16T21:21:15.831000+00:00,Pedro Sanchez Vargas,Masculino,18-22,3,5,2,5,2,5,3,4,5,5,3,5,3,3,3,4,4,5,3,3,4,3,3,5,-8,-3,-2,-1,INFP
2026-07-17T03:59:03.277000+00:00,Samantha Castillo Munoz,Masculino,18-22,2,5,3,3,1,5,4,5,5,3,5,5,1,5,1,4,4,5,1,2,4,2,2,1,-7,1,-8,2,ISFJ
2026-07-19T11:06:18.617000+00:00,Eduardo Munoz Gonzalez,Masculino,18-22,5,3,3,4,4,5,5,3,2,4,2,5,2,3,5,4,4,4,3,4,1,2,3,2,0,-3,0,-1,ENTP
2026-07-14T18:00:01.471000+00:00,Victoria Vargas Mendoza,Masculino,18-22,2,3,2,2,1,2,3,3,5,4,3,2,3,4,3,4,2,4,5,4,4,5,5,2,-2,2,-4,3,ISFJ
2026-07-22T19:55:18.617000+00:00,Jorge Gonzalez Rojas,Masculino,18-22,3,3,5,4,3,3,4,3,2,4,2,5,2,5,4,3,5,2,3,2,3,4,3,3,1,-4,1,0,ENTJ
2026-07-20T09:01:59.501000+00:00,Valentina Castillo Guzman,Femenino,18-22,4,5,4,3,1,5,5,3,4,4,5,2,3,2,2,4,3,3,2,1,2,2,5,2,-4,5,-1,4,ISFJ
2026-07-25T13:10:04.462000+00:00,Renata Rojas Medina,Masculino,23-27,4,2,3,4,2,2,1,4,2,4,1,3,2,1,3,1,4,2,4,5,2,2,3,5,1,-7,5,-3,ENTP
2026-07-17T05:34:03.080000+00:00,Camila Cruz Maldonado,Femenino,18-22,4,2,2,5,1,4,4,3,2,4,3,1,1,5,3,4,2,4,1,3,4,3,1,1,-4,1,-7,-1,ISFP
2026-07-26T19:37:32.944000+00:00,David Hernandez Ramirez,Masculino,18-22,2,5,2,5,2,5,5,2,3,3,4,4,2,4,1,4,3,5,4,4,3,3,3,5,-9,3,-7,-2,ISFP
2026-07-24T04:50:04.462000+00:00,Santiago Ruiz Perez,Masculino,23-27,5,3,5,4,4,1,2,3,2,4,1,2,2,1,3,2,3,2,3,5,4,1,3,4,6,-4,3,0,ENTJ
2026-07-13T01:49:12.944000+00:00,Paulina Herrera Castillo,Masculino,18-22,3,4,5,4,4,5,5,2,5,1,5,3,2,4,5,3,5,5,4,1,5,4,5,2,-1,9,0,7,ISTJ
2026-07-21T00:23:11.216000+00:00,Fernando Moreno Mendez,Masculino,18-22,3,3,3,5,2,5,3,4,5,1,3,2,3,4,3,1,3,3,4,4,4,3,4,2,-5,4,1,3,ISTJ
2026-07-27T16:39:41.266000+00:00,Fernando Herrera Ramirez,Masculino,18-22,4,5,2,4,1,5,2,3,3,4,3,3,2,5,2,5,1,5,4,5,5,2,4,2,-7,-2,-10,4,INFJ
2026-07-16T05:46:20.671000+00:00,Andres Guzman Delgado,Femenino,18-22,2,2,5,2,4,2,3,2,4,3,3,3,3,3,3,4,4,3,5,5,4,2,4,1,5,2,0,5,ESTJ
2026-07-21T04:59:36.976000+00:00,Natalia Moreno Silva,Femenino,18-22,3,2,5,4,4,1,2,2,3,3,2,5,1,5,3,3,5,5,3,5,2,1,1,5,5,-3,-4,-5,ENFP
2026-07-23T23:10:28.818000+00:00,Sebastian Reyes Guerrero,Masculino,18-22,5,5,2,1,4,2,5,3,3,2,3,2,4,1,5,2,3,4,4,1,4,3,4,3,3,4,5,5,ESTJ
2026-07-13T11:06:11.506000+00:00,Ana Reyes Mendoza,Masculino,18-22,1,1,3,4,1,5,2,3,1,5,1,4,1,4,1,5,3,3,3,1,5,4,5,1,-5,-8,-7,7,INFJ
2026-07-18T15:06:59.501000+00:00,Mariana Castillo Delgado,Femenino,18-22,3,3,3,3,1,5,5,4,2,3,4,3,5,4,2,4,5,3,3,3,3,3,5,1,-4,1,1,4,ISTJ
2026-07-17T04:35:58.085000+00:00,Diego Ruiz Jimenez,Masculino,18-22,4,5,5,3,3,3,5,2,4,5,3,5,2,5,5,4,5,5,3,5,4,2,4,1,1,0,-2,3,ESFJ
2026-07-18T17:16:23.103000+00:00,Zoe Rodriguez Pena,Masculino,18-22,5,2,2,1,5,3,1,2,2,2,1,4,4,3,5,3,4,4,2,3,5,1,4,5,6,-4,3,2,ENTJ
2026-07-20T07:09:58.762000+00:00,Joaquin Lopez Rios,Femenino,23-27,4,3,5,3,3,1,4,2,2,3,3,4,2,3,5,2,4,1,5,3,3,4,4,2,5,0,5,3,ESTJ
2026-07-24T10:39:10.374000+00:00,Luis Torres Vega,Femenino,18-22,4,1,5,2,2,1,1,2,5,4,5,1,5,1,4,3,3,2,4,5,3,1,5,1,7,4,6,5,ESTJ
2026-07-23T22:32:09.573000+00:00,Zoe Gonzalez Delgado,Masculino,18-22,5,3,2,1,1,4,3,3,5,3,4,4,5,3,4,4,4,3,3,5,5,5,5,5,0,2,3,-2,ESTP
2026-07-10T12:21:17.161000+00:00,Eduardo Moreno Gomez,Masculino,18-22,2,5,3,4,2,3,1,4,5,5,1,5,5,3,1,4,2,5,4,5,5,1,5,5,-5,-7,-4,3,INFJ
2026-07-18T03:47:37.003000+00:00,Luis Guerrero Moreno,Femenino,33+,2,5,1,5,3,4,4,2,2,2,5,2,5,2,3,2,5,2,3,3,4,5,4,2,-8,5,7,1,ISTJ
2026-07-14T10:51:32.944000+00:00,Nicolas Vega Mendez,Masculino,18-22,2,5,2,4,1,5,3,2,3,4,2,4,4,4,3,4,3,4,4,4,2,1,4,5,-9,-2,-2,0,INFJ
2026-07-15T05:01:32.944000+00:00,Emilio Sanchez Alvarez,Masculino,18-22,3,4,1,5,1,4,4,3,5,2,3,5,4,4,3,3,4,3,2,4,1,1,3,5,-8,2,1,-4,ISTP
2026-07-17T16:00:40.939000+00:00,Matias Mendoza Hernandez,Masculino,18-22,3,5,1,5,3,4,1,4,5,1,4,4,4,4,2,3,2,2,5,5,3,1,3,1,-7,1,-1,4,ISFJ
2026-07-24T11:13:03.080000+00:00,Fernando Castillo Vega,Femenino,18-22,4,4,3,3,1,5,4,3,2,3,3,1,2,3,2,5,3,3,1,2,4,2,1,1,-4,2,-4,1,ISFJ
2026-07-14T14:45:05.108000+00:00,Antonella Munoz Vargas,Masculino,18-22,1,5,4,5,1,5,2,2,5,2,4,3,2,5,3,4,4,4,3,2,5,2,4,3,-9,4,-4,5,ISFJ
2026-07-17T04:09:12.944000+00:00,Fernando Ortiz Silva,Masculino,18-22,5,5,3,5,3,5,4,2,5,2,5,5,2,4,4,3,5,5,5,2,4,4,5,1,-4,5,-1,7,ISFJ
2026-07-16T01:49:43.226000+00:00,Sara Gonzalez Vasquez,Masculino,18-22,1,5,1,4,1,5,1,4,5,4,1,5,3,5,1,5,3,3,4,5,4,2,4,5,-11,-6,-6,0,INFJ
2026-07-24T03:03:17.020000+00:00,Gabriel Maldonado Vargas,Femenino,18-22,4,2,4,2,5,3,3,3,3,4,2,4,2,3,5,3,2,4,3,1,5,5,5,1,6,-3,-1,6,ENFJ
2026-07-25T08:18:01.471000+00:00,Mateo Rodriguez Chavez,Masculino,18-22,3,3,2,2,1,2,4,4,5,2,2,3,2,4,5,5,3,3,5,4,4,4,4,3,-1,2,-2,2,ISFJ
2026-07-16T08:25:03.080000+00:00,Eduardo Moreno Munoz,Femenino,18-22,3,2,3,5,2,5,4,1,1,3,1,1,2,5,1,4,3,2,2,3,4,3,1,1,-4,1,-5,0,ISFJ
2026-07-16T21:54:48.826000+00:00,Alejandro Ramirez Acosta,Femenino,18-22,3,5,1,5,3,3,2,3,3,1,4,1,2,5,4,2,3,1,3,3,3,1,5,3,-6,4,1,4,ISTJ
2026-07-17T19:22:27.487000+00:00,Miguel Hernandez Mendoza,Femenino,18-22,2,2,5,1,5,4,3,3,4,4,4,4,2,4,4,1,5,3,4,3,4,1,5,3,5,0,3,6,ESTJ
2026-07-12T23:19:43.226000+00:00,Matias Hernandez Morales,Masculino,18-22,2,5,1,5,2,5,3,4,4,5,3,4,4,5,3,4,3,2,5,4,5,2,5,5,-10,-3,-1,4,INFJ
2026-07-18T04:22:17.004000+00:00,Camila Ramirez Perez,Masculino,18-22,2,5,3,5,1,5,5,4,4,5,4,5,2,3,3,3,3,3,4,5,5,1,4,4,-9,-1,-1,3,INFJ
2026-07-17T08:30:15.976000+00:00,David Chavez Gonzalez,Femenino,18-22,5,2,2,1,2,1,4,1,4,2,2,3,4,2,5,3,4,3,4,2,5,1,5,3,5,4,5,8,ESTJ
2026-07-16T14:57:37.003000+00:00,Mariana Martinez Cruz,Femenino,33+,2,5,1,5,3,4,3,4,1,3,3,4,5,4,3,2,3,4,3,2,4,5,5,2,-8,-4,1,3,INTJ
2026-07-16T01:47:48.826000+00:00,Alejandro Vasquez Gonzalez,Femenino,18-22,2,4,3,5,2,4,2,4,3,1,4,3,2,3,2,4,3,2,3,1,4,2,4,1,-6,1,-2,7,ISFJ
2026-07-13T09:04:15.976000+00:00,Santiago Perez Castro,Femenino,18-22,5,2,1,2,2,1,3,2,5,1,3,5,3,4,5,2,3,2,4,2,5,1,5,1,3,3,3,10,ESTJ
2026-07-23T07:20:41.266000+00:00,Ximena Pena Delgado,Masculino,18-22,4,5,3,4,1,5,3,5,3,2,4,4,2,3,2,4,2,4,5,5,4,1,5,3,-6,-1,-5,5,INFJ
2026-07-22T04:48:20.203000+00:00,Andres Medina Delgado,Femenino,18-22,2,4,4,2,1,3,2,3,3,5,2,4,3,5,3,3,3,3,3,2,3,3,3,2,-2,-5,-2,2,INFJ
2026-07-13T00:07:48.826000+00:00,Isabella Herrera Guerrero,Femenino,18-22,4,5,2,5,2,3,3,4,4,2,4,3,2,4,3,3,3,3,3,3,3,3,3,3,-5,2,-2,0,ISFJ
2026-07-23T14:32:20.641000+00:00,Luciana Rivera Munoz,Femenino,23-27,3,1,3,5,3,5,1,2,2,1,2,1,2,2,1,3,5,2,5,1,5,3,3,4,-2,1,1,5,ISTJ
2026-07-21T03:06:15.976000+00:00,Emilia Ramos Acosta,Femenino,18-22,5,4,2,1,1,3,2,1,5,2,4,5,3,4,5,3,5,4,4,2,5,3,5,1,0,3,2,8,ESTJ
2026-07-18T18:37:15.976000+00:00,Mia Navarro Vega,Femenino,18-22,5,3,2,1,2,3,4,3,5,1,2,3,5,3,4,2,5,3,3,2,4,3,4,2,2,4,6,4,ESTJ
2026-07-25T23:03:11.216000+00:00,Andres Chavez Navarro,Masculino,18-22,3,2,2,5,1,3,5,2,4,1,4,2,4,4,4,2,3,2,4,3,3,4,5,3,-4,8,3,2,ISTJ
2026-07-26T19:31:58.085000+00:00,Sofia Morales Diaz,Masculino,18-22,4,4,5,3,2,2,5,4,5,5,5,5,2,4,5,4,5,5,5,5,3,1,5,2,2,1,-1,5,ESFJ
2026-07-27T09:03:41.266000+00:00,Andrea Rojas Ortiz,Masculino,18-22,4,4,1,5,1,5,2,3,3,3,3,3,1,5,4,4,3,5,5,4,5,1,4,2,-8,-1,-6,7,INFJ
2026-07-22T08:55:30.205000+00:00,Renata Guerrero Silva,Masculino,33+,3,1,5,4,2,4,4,3,2,3,3,4,3,2,4,3,3,2,5,5,2,2,2,2,1,-1,3,0,ENTJ
2026-07-17T00:00:32.944000+00:00,Nicolas Soto Reyes,Masculino,18-22,3,4,2,5,2,5,5,1,3,2,3,3,3,3,2,2,4,3,3,4,2,1,5,5,-7,5,1,0,ISTJ
2026-07-17T06:13:32.131000+00:00,Leonardo Castillo Rojas,Femenino,28-32,2,5,4,4,5,4,3,5,2,4,5,3,3,1,2,2,4,5,3,5,1,2,5,4,-2,-2,1,-2,INTP
2026-07-14T15:39:48.855000+00:00,Victoria Mendez Diaz,Femenino,18-22,3,5,5,5,4,4,2,5,5,4,1,5,2,5,2,3,1,5,1,4,4,5,2,4,-2,-6,-8,-6,INFP
2026-07-25T20:58:30.977000+00:00,Emilio Delgado Delgado,Masculino,18-22,3,2,4,1,2,5,4,5,4,5,3,4,5,3,3,3,1,4,4,3,4,1,5,2,1,-3,-1,7,ENFJ
2026-07-22T06:04:37.003000+00:00,Elena Vega Aguilar,Femenino,33+,2,5,2,4,1,3,4,4,3,3,3,2,3,2,4,4,3,4,3,2,4,3,4,3,-7,1,0,3,ISTJ
2026-07-16T13:31:28.818000+00:00,Ximena Rivera Martinez,Masculino,18-22,3,4,2,2,3,1,5,4,3,2,4,3,5,2,4,2,3,3,4,1,3,2,4,2,1,3,5,6,ESTJ
2026-07-20T02:18:53.029000+00:00,Carlos Guerrero Ramos,Masculino,18-22,3,2,5,1,1,3,1,3,4,2,3,4,3,2,3,3,2,5,2,5,2,2,4,4,3,-1,-2,-3,ENFP
2026-07-18T15:38:15.976000+00:00,Samuel Navarro Guerrero,Femenino,18-22,3,2,1,2,2,2,2,3,5,1,4,5,5,2,4,3,4,3,4,4,3,2,4,1,0,2,5,4,ESTJ
2026-07-19T06:32:17.433000+00:00,Valeria Medina Alvarez,Masculino,18-22,5,3,4,5,4,1,3,4,3,1,5,5,1,3,2,1,5,2,2,5,1,4,4,4,4,1,2,-6,ESTP
2026-07-15T13:49:42.675000+00:00,Luciana Salazar Rodriguez,Femenino,18-22,2,3,2,2,2,4,3,3,5,2,4,4,5,5,2,5,2,3,3,5,3,5,4,5,-3,3,-4,-5,ISFP
2026-07-17T23:38:53.029000+00:00,Samuel Cruz Ramos,Masculino,18-22,2,3,3,1,2,2,1,1,2,2,3,2,1,1,5,4,2,5,1,5,2,1,2,5,1,1,-2,-6,ESFP
2026-07-26T18:59:58.565000+00:00,Fernanda Vega Medina,Femenino,33+,3,5,5,4,2,5,5,5,1,1,5,4,3,2,4,3,4,3,3,4,5,3,3,3,-4,1,3,1,ISTJ
2026-07-24T17:46:20.671000+00:00,Sara Rodriguez Fernandez,Femenino,18-22,1,1,5,1,5,1,4,2,5,2,4,3,1,3,4,5,4,3,5,5,4,2,5,1,8,6,-2,6,ESFJ
2026-07-14T10:56:15.831000+00:00,Daniel Castro Cruz,Masculino,18-22,1,5,1,4,1,4,3,4,3,5,4,5,2,3,4,5,4,5,2,4,3,4,4,5,-10,-4,-3,-4,INFP
2026-07-22T22:55:11.506000+00:00,Regina Ramirez Rojas,Masculino,18-22,1,1,2,4,3,4,2,4,3,3,2,3,1,5,2,3,3,3,4,1,5,5,5,1,-3,-3,-5,7,INFJ
2026-07-27T01:57:25.399000+00:00,Fernando Munoz Guerrero,Masculino,18-22,5,2,5,3,2,5,2,2,3,1,4,3,1,4,2,4,3,1,4,1,4,3,2,3,2,3,-3,3,ESFJ
2026-07-11T09:59:10.723000+00:00,Gabriel Rios Herrera,Masculino,18-22,2,5,5,5,1,4,5,5,4,4,1,3,4,2,4,2,5,2,5,1,5,5,5,3,-6,-2,7,6,INTJ
2026-07-23T07:49:59.501000+00:00,Andrea Silva Silva,Femenino,18-22,3,5,4,4,1,4,4,3,3,4,3,2,5,2,2,3,5,3,3,1,3,2,5,3,-5,1,4,5,ISTJ
2026-07-25T08:13:25.651000+00:00,Luciana Rojas Perez,Masculino,18-22,4,5,2,5,2,5,4,1,5,1,5,4,3,3,5,4,3,3,4,2,5,3,5,2,-7,8,1,7,ISTJ
2026-07-15T08:41:20.950000+00:00,Victoria Maldonado Ramirez,Masculino,23-27,1,5,4,5,4,5,5,1,4,1,4,4,4,4,3,1,1,4,1,5,1,1,2,5,-6,7,-1,-7,ISFP
2026-07-21T11:23:17.020000+00:00,Sara Torres Morales,Femenino,18-22,3,3,4,4,4,2,3,4,5,3,3,3,3,3,5,2,3,4,4,3,4,5,5,1,2,1,2,4,ESTJ
2026-07-15T08:47:32.753000+00:00,Sara Flores Acosta,Femenino,18-22,2,4,3,5,2,5,3,2,3,1,3,4,2,3,4,5,1,2,2,3,4,5,2,2,-7,2,-3,-2,ISFP
2026-07-26T23:29:20.641000+00:00,Daniel Acosta Mendoza,Femenino,23-27,3,3,2,4,2,4,1,3,4,3,3,1,4,3,2,3,5,2,4,2,5,3,4,4,-4,1,3,4,ISTJ
2026-07-14T05:19:18.617000+00:00,Sofia Jimenez Lopez,Masculino,18-22,3,4,4,4,2,5,3,3,3,5,2,4,3,3,3,3,5,3,3,4,3,4,4,4,-4,-4,2,-2,INTP
2026-07-20T00:44:10.723000+00:00,Ana Soto Rodriguez,Masculino,18-22,3,5,5,5,1,4,4,5,5,5,2,3,5,2,5,1,5,2,4,1,5,5,5,2,-5,-2,10,6,INTJ
2026-07-27T15:48:30.977000+00:00,Luis Vasquez Ortiz,Masculino,18-22,2,3,3,2,4,5,4,4,5,4,3,4,3,4,4,5,3,5,4,3,3,1,5,3,-1,0,-4,5,ISFJ
2026-07-25T14:25:32.944000+00:00,Ana Moreno Munoz,Masculino,18-22,3,4,2,5,1,5,3,3,5,4,4,5,4,3,1,2,2,3,2,4,2,1,3,5,-8,0,-1,-3,ISFP
2026-07-13T19:58:17.161000+00:00,Leonardo Maldonado Morales,Masculino,18-22,1,4,3,5,3,4,3,4,3,5,3,5,4,4,2,4,3,3,3,3,4,1,3,4,-6,-5,-2,2,INFJ
2026-07-18T10:47:11.506000+00:00,Mariana Lopez Acosta,Masculino,18-22,3,1,2,4,1,4,4,4,1,5,1,3,1,5,2,3,3,1,2,2,5,5,5,1,-3,-6,-3,4,INFJ
2026-07-25T18:19:01.471000+00:00,Daniel Sanchez Maldonado,Masculino,18-22,4,5,3,2,2,4,4,5,5,3,2,3,3,3,5,5,2,2,4,4,3,5,4,1,-2,0,0,1,ISTJ
2026-07-19T23:45:59.501000+00:00,Luis Pena Soto,Femenino,18-22,5,4,3,4,1,4,4,2,4,5,4,2,3,3,2,2,4,2,3,3,2,1,4,1,-3,3,2,4,ISTJ
2026-07-21T04:09:23.103000+00:00,Valentina Rojas Reyes,Masculino,18-22,5,1,2,1,4,3,3,1,1,3,1,5,3,3,5,3,5,4,4,5,5,1,5,3,6,-4,3,5,ENTJ
2026-07-11T20:09:12.944000+00:00,Alejandro Munoz Guerrero,Masculino,18-22,5,5,4,5,5,4,5,1,5,3,4,3,3,4,5,5,5,5,5,1,5,4,4,1,0,7,-1,8,ESFJ
2026-07-19T00:51:04.462000+00:00,Gabriel Rios Castro,Masculino,23-27,3,2,3,3,2,2,2,3,1,2,2,4,2,1,4,1,2,2,4,5,2,1,3,4,1,-4,4,-1,ENTP
2026-07-25T02:56:20.203000+00:00,Sebastian Gomez Navarro,Femenino,18-22,2,5,2,2,1,3,1,3,4,5,2,3,2,3,2,2,2,2,4,2,4,2,2,4,-5,-4,-1,2,INFJ
2026-07-16T01:38:25.651000+00:00,Joaquin Castro Martinez,Masculino,18-22,4,4,2,4,1,5,4,1,5,3,5,3,2,1,5,3,3,4,4,3,3,2,4,1,-6,7,2,5,ISTJ
2026-07-18T12:17:51.949000+00:00,Martina Herrera Ramirez,Femenino,18-22,4,5,3,5,1,4,4,1,4,1,5,1,1,1,5,4,1,1,5,5,4,1,5,3,-6,10,1,5,ISTJ
2026-07-17T00:00:30.205000+00:00,Valeria Fernandez Reyes,Masculino,33+,1,2,4,4,1,4,3,3,3,4,4,5,5,2,5,3,4,3,5,5,3,2,3,2,-4,-2,6,2,INTJ
2026-07-16T12:40:23.103000+00:00,Martina Ortiz Ruiz,Masculino,18-22,5,2,2,1,3,4,2,3,3,2,2,4,2,3,5,4,4,3,4,3,4,1,5,5,3,-2,1,4,ENTJ
2026-07-13T00:29:53.029000+00:00,Valentina Hernandez Mendez,Masculino,18-22,3,4,4,1,2,3,2,3,3,4,3,4,1,1,4,2,4,3,2,5,1,1,2,4,1,-3,3,-5,ENTP
2026-07-15T18:13:30.977000+00:00,Fernanda Rivera Salazar,Masculino,18-22,2,1,2,3,3,5,3,4,5,4,4,5,4,4,4,3,3,3,5,3,4,2,5,2,-2,-1,1,7,INTJ
2026-07-18T23:24:38.572000+00:00,Leonardo Pena Diaz,Masculino,18-22,5,2,4,2,3,5,4,4,5,3,4,4,4,4,3,4,3,3,2,1,4,3,5,2,3,2,-1,5,ESFJ
2026-07-19T16:04:58.085000+00:00,Antonella Moreno Morales,Masculino,18-22,2,5,5,2,1,1,5,3,3,4,3,4,1,5,5,5,5,5,5,5,3,1,4,2,0,0,-4,4,ESFJ
2026-07-13T21:07:20.671000+00:00,Mateo Gutierrez Jimenez,Femenino,18-22,2,3,4,1,4,2,4,2,3,2,5,5,2,5,5,5,4,3,5,5,4,1,4,1,4,3,-2,6,ESFJ
2026-07-18T11:29:17.161000+00:00,Martina Munoz Herrera,Masculino,18-22,2,5,4,4,4,4,1,5,4,5,2,5,5,3,2,4,3,5,3,3,5,3,4,4,-3,-8,-2,2,INFJ
2026-07-17T11:12:04.462000+00:00,Juan Castro Reyes,Masculino,23-27,4,1,4,4,3,1,1,3,2,4,1,2,2,1,4,1,4,1,3,5,2,1,5,5,5,-5,7,-1,ENTP
2026-07-27T03:32:17.433000+00:00,Matias Ruiz Salazar,Masculino,18-22,5,2,4,5,4,1,2,4,4,1,3,4,2,2,3,2,5,3,3,4,1,4,4,5,5,0,3,-5,ESTP
2026-07-14T14:02:15.831000+00:00,Daniel Cruz Diaz,Masculino,18-22,3,5,1,5,2,5,4,2,3,4,4,3,2,5,3,5,5,3,3,5,5,4,2,4,-9,2,-3,-3,ISFP
2026-07-17T23:19:15.976000+00:00,Emilia Rodriguez Navarro,Femenino,18-22,5,2,1,2,2,1,2,2,5,2,2,5,3,2,5,2,3,2,2,2,3,2,5,2,3,0,5,4,ESTJ
2026-07-23T18:04:32.131000+00:00,Mateo Gutierrez Soto,Femenino,28-32,4,3,5,5,5,2,2,5,3,5,5,3,4,1,2,4,3,5,2,5,2,2,4,4,4,-3,-1,-3,ENFP
2026-07-18T02:46:10.723000+00:00,Matias Cruz Lopez,Masculino,18-22,3,4,5,4,1,5,3,5,5,5,1,5,5,1,4,1,5,1,5,1,5,4,5,3,-4,-6,11,7,INTJ
2026-07-20T19:04:09.573000+00:00,Andrea Herrera Rios,Masculino,18-22,5,2,3,2,2,3,3,4,5,3,2,5,3,5,3,3,3,3,3,4,4,5,5,3,3,-2,-2,0,ENFJ
2026-07-12T02:41:10.723000+00:00,Zoe Ruiz Torres,Masculino,18-22,3,4,5,5,2,4,3,5,5,5,2,5,5,1,4,1,5,1,4,1,5,5,5,4,-3,-5,11,4,INTJ
2026-07-20T05:41:27.487000+00:00,Felipe Pena Vargas,Femenino,18-22,4,3,5,1,5,2,4,3,4,2,5,4,2,3,4,2,4,3,4,3,5,2,4,3,8,4,2,5,ESTJ
2026-07-11T03:57:40.939000+00:00,Regina Medina Rojas,Masculino,18-22,1,4,1,4,3,4,3,3,4,3,5,3,3,4,3,5,1,3,4,4,1,2,3,3,-7,3,-5,-1,ISFP
2026-07-14T04:05:37.003000+00:00,Andres Hernandez Gonzalez,Femenino,33+,3,5,2,4,2,4,3,4,3,3,3,2,4,3,5,4,4,2,4,3,3,3,3,4,-6,0,4,0,ISTJ
2026-07-17T23:18:05.108000+00:00,Isabella Fernandez Alvarez,Masculino,18-22,2,5,3,5,1,4,3,2,5,1,4,4,4,3,4,4,4,3,3,3,3,2,4,3,-8,5,2,2,ISTJ
2026-07-20T19:07:11.216000+00:00,Gabriel Morales Cruz,Masculino,18-22,3,2,2,4,1,5,5,2,4,1,4,3,2,2,5,3,5,3,2,3,2,4,5,4,-5,7,4,-2,ISTP
2026-07-15T13:37:37.003000+00:00,Fernando Gomez Alvarez,Femenino,33+,4,5,1,5,3,4,3,3,2,2,4,2,5,2,4,4,5,3,5,2,3,5,5,4,-6,2,5,2,ISTJ
2026-07-16T03:34:11.216000+00:00,Renata Medina Garcia,Masculino,18-22,5,3,2,4,3,3,4,4,5,2,2,2,4,4,3,2,5,2,4,4,4,3,5,4,0,3,4,2,ESTJ
2026-07-17T21:32:17.020000+00:00,Martina Castillo Aguilar,Femenino,18-22,3,4,5,2,5,4,3,5,5,2,4,3,3,2,5,2,4,4,3,3,4,5,4,1,3,2,4,2,ESTJ
2026-07-18T11:04:17.020000+00:00,Renata Garcia Romero,Femenino,18-22,3,2,5,4,5,4,5,3,4,3,2,4,3,3,5,3,4,3,4,3,4,3,5,2,3,1,3,5,ESTJ
2026-07-12T15:11:36.976000+00:00,Luis Jimenez Castillo,Femenino,18-22,4,1,5,4,3,3,2,3,5,4,1,5,3,5,4,2,3,5,1,5,4,1,2,5,4,-4,-2,-4,ENFP
2026-07-23T10:47:32.131000+00:00,Fernanda Medina Salazar,Femenino,28-32,3,5,5,5,5,4,2,4,3,3,5,2,5,2,3,2,4,4,1,5,1,2,5,4,-1,1,4,-4,ISTP
2026-07-16T20:30:04.462000+00:00,Felipe Soto Pena,Masculino,23-27,4,3,5,5,4,1,2,4,3,4,1,3,2,1,3,2,2,3,5,5,3,1,4,4,4,-5,1,2,ENTJ
2026-07-14T19:10:58.762000+00:00,Julieta Diaz Guzman,Femenino,23-27,3,2,4,3,3,1,4,1,3,4,4,2,1,5,4,2,5,2,4,3,3,2,3,3,4,4,1,2,ESTJ
2026-07-23T08:56:48.855000+00:00,Camila Rios Diaz,Femenino,18-22,5,5,3,5,2,5,2,4,5,5,2,3,2,5,3,4,2,5,1,4,5,5,1,4,-5,-3,-7,-6,INFP
2026-07-17T10:36:58.565000+00:00,Valentina Soto Herrera,Femenino,33+,2,5,3,4,1,4,4,5,2,3,5,5,3,2,5,5,3,4,3,3,5,4,3,3,-7,-2,0,1,INTJ
2026-07-22T14:02:17.161000+00:00,Sofia Gonzalez Romero,Masculino,18-22,1,5,3,5,4,5,2,4,4,5,1,5,4,5,1,5,1,5,4,3,5,3,3,3,-7,-7,-9,3,INFJ
2026-07-16T16:36:25.399000+00:00,Mariana Rodriguez Moreno,Masculino,18-22,5,2,5,2,3,3,2,1,3,1,3,3,1,5,4,3,4,2,5,2,5,3,4,2,6,3,-1,7,ESFJ
2026-07-22T13:21:18.617000+00:00,Fernanda Guerrero Romero,Masculino,18-22,3,4,3,5,2,3,3,3,3,5,4,4,3,3,4,3,4,2,1,2,3,2,4,2,-4,-2,3,2,INTJ
2026-07-17T00:15:53.029000+00:00,Carlos Pena Gomez,Masculino,18-22,3,4,5,1,2,1,2,2,3,3,2,3,3,2,5,3,3,5,1,5,2,1,2,4,4,-1,1,-5,ENTP
2026-07-16T08:24:22.619000+00:00,Alejandro Jimenez Martinez,Otro,18-22,3,3,2,4,3,4,2,3,3,5,3,3,2,2,4,5,1,3,4,3,4,2,5,3,-3,-3,-3,5,INFJ
2026-07-11T23:14:17.161000+00:00,Felipe Rios Moreno,Masculino,18-22,1,5,4,4,4,3,3,4,4,4,2,4,5,5,3,5,1,5,4,5,5,3,5,4,-3,-3,-6,2,INFJ
2026-07-26T17:29:23.103000+00:00,Valentina Flores Perez,Masculino,18-22,5,1,2,2,5,4,1,3,2,2,2,4,2,2,4,4,5,3,3,5,4,1,4,3,5,-4,2,2,ENTJ
2026-07-21T14:54:38.529000+00:00,Tomas Guerrero Perez,Otro,18-22,2,5,4,3,4,3,4,3,4,4,4,4,2,5,3,4,4,3,4,3,3,2,4,4,-1,1,-3,2,ISFJ
2026-07-20T11:05:01.471000+00:00,Daniel Martinez Rivera,Masculino,18-22,2,4,2,3,3,3,5,5,5,2,3,2,4,3,3,5,2,3,5,4,2,3,3,1,-3,4,-2,2,ISFJ
2026-07-25T21:36:38.572000+00:00,Carlos Morales Guerrero,Masculino,18-22,3,3,3,2,3,4,2,5,5,4,4,3,3,4,4,5,5,3,4,1,4,2,4,3,0,-1,0,6,ENTJ
2026-07-24T03:01:15.976000+00:00,Jorge Sanchez Maldonado,Femenino,18-22,3,2,1,2,1,1,3,3,4,1,2,3,4,4,5,3,4,4,2,3,5,1,5,3,0,2,2,5,ESTJ
2026-07-14T20:38:09.573000+00:00,Pedro Vasquez Guerrero,Masculino,18-22,3,4,3,1,1,4,5,4,3,4,3,5,4,3,4,4,4,5,4,4,5,5,5,3,-2,-2,0,2,INTJ
2026-07-18T03:41:48.826000+00:00,Gabriel Ramos Munoz,Femenino,18-22,2,4,2,4,3,5,4,3,4,3,4,2,3,3,4,4,5,3,2,3,3,1,3,3,-6,4,2,1,ISTJ
2026-07-27T11:59:56.881000+00:00,Santiago Chavez Flores,Femenino,18-22,5,3,2,2,5,2,4,1,5,4,2,2,2,3,3,4,4,3,3,3,4,5,1,3,5,4,-1,-3,ESFP
2026-07-19T23:47:20.203000+00:00,Ana Reyes Rios,Femenino,18-22,3,5,4,4,3,4,3,4,5,5,3,5,3,4,2,4,3,3,4,3,5,3,3,4,-3,-3,-3,2,INFJ
2026-07-16T17:16:38.572000+00:00,Fernanda Garcia Guzman,Masculino,18-22,5,4,3,4,1,4,2,3,4,4,5,3,5,4,5,5,5,5,2,1,4,4,5,1,-3,1,1,5,ISTJ
2026-07-28T01:22:32.944000+00:00,Ana Torres Rodriguez,Masculino,18-22,3,4,1,4,1,5,5,2,4,3,2,4,2,3,2,2,4,4,4,2,1,1,5,4,-8,2,-1,3,ISFJ
2026-07-14T21:17:32.944000+00:00,Martina Perez Navarro,Masculino,18-22,2,5,2,5,1,5,3,1,5,2,4,4,4,2,2,3,4,3,2,4,3,3,5,5,-10,5,2,-2,ISTP
2026-07-14T21:57:40.939000+00:00,Ana Guerrero Mendez,Masculino,18-22,1,5,1,5,1,5,2,2,5,2,5,5,3,4,3,3,3,4,5,5,3,2,3,3,-12,3,-2,1,ISFJ
2026-07-24T16:40:20.641000+00:00,Joaquin Romero Rios,Femenino,23-27,4,1,4,4,1,4,2,2,2,3,4,1,2,3,1,5,4,2,4,2,4,3,4,3,0,2,-3,4,ESFJ
2026-07-14T04:11:43.226000+00:00,Daniel Maldonado Maldonado,Masculino,18-22,2,5,1,4,1,5,2,3,5,3,3,5,4,5,1,5,3,2,4,5,5,1,4,5,-10,-1,-4,2,INFJ
2026-07-14T17:11:17.161000+00:00,Carlos Hernandez Herrera,Masculino,18-22,2,4,3,5,2,4,3,5,4,4,2,4,3,4,1,3,3,4,5,5,5,2,5,3,-6,-4,-4,5,INFJ
2026-07-18T23:13:32.944000+00:00,Santiago Morales Munoz,Masculino,18-22,3,4,2,4,2,4,5,2,5,3,3,3,3,4,2,3,4,3,2,4,2,2,4,4,-5,5,-1,-2,ISFP
2026-07-27T08:15:03.277000+00:00,Nicolas Soto Maldonado,Masculino,18-22,2,5,3,4,1,4,2,4,4,2,4,5,3,4,3,4,4,3,2,1,3,3,1,1,-7,-1,-1,1,INFJ
2026-07-23T11:19:10.723000+00:00,Isabella Acosta Diaz,Masculino,18-22,4,5,5,5,1,4,4,4,5,4,2,3,5,1,5,1,5,2,5,1,4,3,5,4,-4,0,11,6,ISTJ
2026-07-23T20:23:32.753000+00:00,Daniel Vasquez Ramos,Femenino,18-22,2,5,2,5,3,5,4,2,3,1,4,3,2,2,5,5,3,1,2,4,2,3,2,1,-8,5,2,-2,ISTP
2026-07-24T09:55:32.753000+00:00,Sara Guerrero Rodriguez,Femenino,18-22,2,4,3,4,3,3,4,3,3,3,4,4,2,4,5,3,3,2,2,3,4,4,3,1,-3,1,1,1,ISTJ
2026-07-21T15:17:32.131000+00:00,Zoe Gutierrez Salazar,Femenino,28-32,3,4,5,5,5,4,3,5,2,5,4,2,5,2,3,4,5,4,2,5,1,1,5,3,0,-3,3,-1,ENTP
2026-07-21T14:15:17.433000+00:00,Fernanda Rivera Perez,Masculino,18-22,5,4,5,4,4,1,3,4,3,1,5,5,2,3,2,1,4,2,4,4,1,5,3,5,5,1,2,-6,ESTP
2026-07-25T13:17:59.501000+00:00,Samantha Silva Mendoza,Femenino,18-22,5,3,4,4,1,5,5,3,4,5,4,4,3,4,2,2,4,3,2,2,2,2,4,1,-2,1,0,3,ISTJ
2026-07-13T10:58:05.108000+00:00,Pedro Ramirez Soto,Masculino,18-22,2,4,4,4,1,4,4,3,5,1,2,5,2,4,2,3,4,3,2,3,3,4,3,1,-5,2,-2,0,ISFJ
2026-07-14T01:06:10.374000+00:00,Isabella Guerrero Medina,Femenino,18-22,4,1,5,3,3,1,1,1,3,4,5,1,3,1,5,4,4,3,5,5,2,1,5,1,7,3,4,5,ESTJ
2026-07-17T11:51:11.216000+00:00,Ximena Munoz Silva,Masculino,18-22,4,3,2,5,3,3,3,4,5,3,4,2,2,4,3,1,4,3,3,2,4,5,5,4,-2,3,1,1,ISTJ
2026-07-22T23:05:04.462000+00:00,Sara Cruz Guerrero,Masculino,23-27,3,3,4,4,4,1,1,3,1,3,1,3,2,1,3,1,2,2,5,5,4,1,3,5,3,-6,3,1,ENTJ
2026-07-14T09:01:58.762000+00:00,Isabella Perez Ramirez,Femenino,23-27,3,4,5,3,2,1,4,1,4,3,2,4,2,3,4,2,3,1,5,2,4,4,5,1,2,2,3,7,ESTJ
2026-07-12T08:26:20.950000+00:00,Jorge Rios Soto,Masculino,23-27,1,4,2,5,3,4,5,2,5,1,4,5,5,4,2,2,2,4,1,5,1,1,3,5,-7,6,-1,-6,ISFP
2026-07-11T18:42:12.944000+00:00,Daniel Gomez Silva,Masculino,18-22,3,3,4,3,3,5,5,1,4,2,4,5,2,4,4,3,5,5,4,1,4,3,4,2,-1,5,-1,6,ISFJ
2026-07-22T18:47:25.399000+00:00,Sofia Mendez Perez,Masculino,18-22,5,2,5,3,2,3,4,1,3,1,2,2,1,5,3,5,4,3,5,1,5,2,4,1,4,5,-5,10,ESFJ
2026-07-26T09:33:56.881000+00:00,Leonardo Munoz Soto,Femenino,18-22,4,3,1,3,5,3,2,2,3,2,1,3,3,1,3,3,2,2,3,2,3,4,2,1,1,-1,2,1,ENTJ
2026-07-18T19:16:27.487000+00:00,Miguel Alvarez Navarro,Femenino,18-22,4,2,3,1,5,4,4,1,5,3,4,4,3,4,4,2,5,2,4,3,3,1,5,3,5,5,4,5,ESTJ
2026-07-21T21:05:38.572000+00:00,Alejandro Cruz Soto,Masculino,18-22,4,2,3,2,2,5,2,5,4,4,5,4,5,2,5,3,4,4,4,2,5,4,4,1,0,-2,5,6,ENTJ
2026-07-22T14:48:27.487000+00:00,Leonardo Mendez Ramirez,Femenino,18-22,2,1,3,1,5,4,2,2,5,4,3,2,3,5,5,3,4,4,5,3,4,1,5,3,4,2,0,7,ESTJ
2026-07-23T20:37:20.641000+00:00,Felipe Rios Fernandez,Femenino,23-27,4,3,3,3,1,5,1,1,2,3,4,1,3,2,2,3,5,4,4,1,5,3,3,4,-3,2,1,4,ISTJ
2026-07-16T08:03:38.572000+00:00,Mia Cruz Morales,Masculino,18-22,5,2,4,3,3,5,2,3,4,3,4,2,4,4,5,5,5,3,3,3,5,4,3,1,2,2,2,3,ESTJ
2026-07-19T12:56:11.506000+00:00,Fernando Soto Flores,Masculino,18-22,1,1,3,4,3,5,3,3,1,5,1,3,1,5,3,4,4,2,3,1,4,5,4,1,-3,-6,-3,4,INFJ
2026-07-14T20:10:32.753000+00:00,Samantha Vasquez Munoz,Femenino,18-22,1,4,4,5,2,5,5,1,2,2,4,3,2,2,3,3,1,1,4,5,3,3,2,3,-7,5,0,-2,ISTP
2026-07-21T06:56:10.374000+00:00,Leonardo Acosta Vasquez,Femenino,18-22,3,1,5,1,4,1,1,3,5,5,5,1,3,1,3,3,3,1,5,4,2,2,5,2,9,2,4,4,ESTJ
2026-07-16T18:07:30.205000+00:00,Mariana Garcia Diaz,Masculino,33+,1,1,5,4,1,4,5,4,3,5,5,5,4,3,5,5,3,2,3,5,4,2,3,3,-2,-1,2,0,INTJ
2026-07-15T23:47:25.399000+00:00,Paulina Soto Hernandez,Masculino,18-22,5,3,5,2,2,3,2,1,2,2,4,4,1,5,2,3,4,1,4,2,4,3,2,1,4,1,-2,4,ESFJ
2026-07-25T18:04:38.572000+00:00,Emilio Rios Chavez,Masculino,18-22,3,3,3,4,3,5,4,4,5,3,5,4,3,4,4,3,3,3,4,2,5,2,3,2,-3,3,0,6,ISTJ
2026-07-18T18:04:34.267000+00:00,Sofia Ramirez Garcia,Femenino,18-22,2,3,1,3,2,4,5,2,4,2,4,3,4,1,4,2,4,3,5,2,2,2,4,1,-5,6,6,6,ISTJ
2026-07-15T06:00:27.487000+00:00,Tomas Herrera Rios,Femenino,18-22,4,1,4,3,5,2,2,3,5,2,5,4,2,3,5,1,5,3,5,2,3,1,5,1,7,3,5,9,ESTJ
2026-07-14T14:26:30.977000+00:00,Gabriel Vega Rodriguez,Masculino,18-22,4,2,4,1,3,5,5,5,4,4,2,4,5,2,3,4,1,3,5,4,3,1,4,2,3,-2,0,5,ENTJ
2026-07-16T21:31:17.004000+00:00,Sofia Gonzalez Reyes,Masculino,18-22,4,4,4,4,3,5,4,3,5,4,5,5,1,5,1,5,2,4,5,3,5,3,5,4,-2,2,-10,5,ISFJ
2026-07-12T19:59:10.374000+00:00,Eduardo Reyes Martinez,Femenino,18-22,2,1,5,1,2,1,1,2,4,3,4,1,3,2,3,4,3,2,3,4,1,2,5,1,6,3,1,2,ESTJ
2026-07-17T21:40:32.753000+00:00,Miguel Acosta Perez,Femenino,18-22,1,5,4,5,2,3,4,1,2,1,5,4,4,4,4,3,2,3,3,4,3,3,3,2,-6,5,0,0,ISTJ
2026-07-21T02:47:09.634000+00:00,Elena Soto Alvarez,Masculino,23-27,3,5,3,4,2,3,3,2,4,2,5,4,3,2,4,4,2,3,3,2,4,2,4,4,-4,4,0,3,ISTJ
2026-07-18T18:50:25.399000+00:00,Alejandro Acosta Gonzalez,Masculino,18-22,5,3,5,1,2,3,3,2,3,1,3,3,2,4,2,4,3,3,5,1,5,4,2,2,5,3,-4,5,ESFJ
2026-07-22T10:13:32.131000+00:00,Santiago Rodriguez Ruiz,Femenino,28-32,2,5,5,5,5,3,2,5,3,3,4,3,3,2,3,3,5,4,3,5,2,1,5,4,-1,-2,2,0,INTJ
2026-07-12T21:49:10.723000+00:00,Nicolas Perez Hernandez,Masculino,18-22,4,4,5,4,2,4,4,4,4,5,1,5,5,2,5,1,5,1,4,1,5,4,4,3,-1,-5,11,5,INTJ
2026-07-14T13:13:42.675000+00:00,Luis Alvarez Flores,Femenino,18-22,3,4,3,4,2,5,2,1,4,2,3,4,5,5,4,5,3,2,2,4,4,4,3,5,-5,2,0,-4,ISTP
2026-07-17T08:47:22.619000+00:00,Regina Torres Gonzalez,Otro,18-22,2,5,1,4,2,5,4,4,3,4,4,5,2,4,2,4,1,3,4,4,3,3,3,4,-9,-2,-6,-1,INFP
2026-07-24T10:44:17.020000+00:00,Isabella Rojas Fernandez,Femenino,18-22,3,4,5,2,5,2,5,5,4,4,3,4,2,2,5,2,2,4,3,1,3,3,4,1,5,-1,1,5,ENTJ
2026-07-20T13:27:32.131000+00:00,Andrea Torres Chavez,Femenino,28-32,3,3,5,5,4,2,3,3,2,3,4,4,4,1,3,4,5,5,2,4,1,1,4,3,2,-1,2,-1,ENTP
2026-07-22T14:13:17.020000+00:00,Julieta Lopez Perez,Femenino,18-22,3,2,4,2,4,2,5,3,3,4,3,4,4,3,5,1,2,3,4,1,3,3,5,1,5,0,4,7,ESTJ
2026-07-14T18:34:32.131000+00:00,David Rojas Maldonado,Femenino,28-32,2,3,5,5,5,2,3,4,4,5,5,2,5,1,4,3,3,4,3,5,2,1,5,5,2,1,4,-1,ESTP
2026-07-18T00:12:28.818000+00:00,Emilia Vasquez Navarro,Masculino,18-22,3,5,4,1,4,2,5,3,4,2,5,1,4,1,5,2,3,4,5,1,5,1,2,2,3,8,5,8,ESTJ
2026-07-17T01:20:17.004000+00:00,Sara Rodriguez Vasquez,Masculino,18-22,4,5,4,5,3,5,3,4,4,5,5,4,3,3,2,3,2,3,5,3,5,3,5,4,-4,-1,-2,5,INFJ
2026-07-21T18:31:10.723000+00:00,Camila Navarro Hernandez,Masculino,18-22,2,4,4,5,2,5,5,5,5,5,1,3,5,1,5,1,4,1,5,1,5,3,4,2,-6,-2,11,8,INTJ
2026-07-20T08:51:38.572000+00:00,Tomas Silva Medina,Masculino,18-22,5,2,5,4,3,5,3,4,4,4,4,2,3,4,4,5,4,3,2,1,4,2,3,1,2,1,-1,5,ESFJ
2026-07-19T23:13:15.831000+00:00,Mia Pena Vargas,Masculino,18-22,3,4,2,5,2,5,4,3,4,4,4,5,2,3,3,4,5,5,2,3,4,5,4,4,-7,0,-2,-2,ISFP
2026-07-19T17:20:37.003000+00:00,Felipe Guerrero Ramos,Femenino,33+,4,5,2,5,1,2,4,2,3,1,4,3,3,3,3,2,4,2,3,2,4,3,5,4,-5,5,3,3,ISTJ
2026-07-16T22:44:20.950000+00:00,Miguel Salazar Sanchez,Masculino,23-27,1,5,2,5,4,5,4,3,5,1,5,4,5,5,2,2,1,4,1,4,1,1,3,5,-8,6,-3,-5,ISFP
2026-07-25T18:38:53.029000+00:00,Elena Gonzalez Ramirez,Masculino,18-22,1,2,4,1,1,1,1,2,2,3,2,4,2,3,5,3,4,4,2,5,1,1,4,5,2,-4,1,-4,ENTP
2026-07-21T12:56:06.193000+00:00,Camila Rodriguez Acosta,Femenino,18-22,2,4,2,1,1,3,3,1,3,3,3,2,2,3,4,4,4,3,3,3,4,1,4,2,-3,3,0,5,ISTJ
2026-07-21T07:59:06.193000+00:00,Carlos Diaz Rivera,Femenino,18-22,4,3,1,3,1,4,3,2,3,2,2,3,2,5,4,4,2,3,4,3,3,2,4,1,-4,1,-4,5,ISFJ
2026-07-27T17:39:17.433000+00:00,Valentina Navarro Ramirez,Masculino,18-22,5,2,4,5,4,1,2,4,4,2,5,5,1,2,3,1,3,1,3,4,1,4,3,5,5,0,3,-6,ESTP
2026-07-15T17:29:12.944000+00:00,David Morales Silva,Masculino,18-22,3,5,4,3,4,5,5,2,5,3,5,3,2,5,5,3,4,4,5,2,5,3,5,1,-2,7,-1,9,ISFJ
2026-07-18T08:19:25.399000+00:00,Leonardo Mendoza Maldonado,Masculino,18-22,5,3,4,2,3,4,4,1,4,1,3,2,1,5,2,4,4,2,5,2,5,2,3,1,3,7,-4,8,ESFJ
2026-07-26T17:12:59.501000+00:00,Paulina Soto Medina,Femenino,18-22,5,4,2,4,1,5,5,2,2,4,5,3,5,2,2,3,3,4,1,2,2,3,5,2,-5,3,1,1,ISTJ
2026-07-24T02:15:05.108000+00:00,Luis Sanchez Martinez,Masculino,18-22,1,5,2,5,2,4,2,3,5,3,4,4,4,3,3,4,5,3,3,4,5,3,5,3,-9,1,2,3,ISTJ
2026-07-17T10:27:03.080000+00:00,Luciana Vega Gutierrez,Femenino,18-22,3,2,3,4,1,4,4,1,1,3,3,2,3,3,2,4,3,3,3,2,4,3,2,1,-3,2,-2,3,ISFJ
2026-07-19T13:53:09.573000+00:00,Leonardo Castro Vasquez,Masculino,18-22,3,3,1,3,2,5,4,4,4,3,4,5,5,5,3,4,5,4,4,5,4,5,4,5,-5,0,0,-3,ISTP
2026-07-11T17:24:12.944000+00:00,Pedro Ortiz Perez,Masculino,18-22,3,5,4,3,3,5,4,1,5,1,5,5,1,4,4,5,4,4,5,1,5,3,4,1,-3,7,-4,9,ISFJ
2026-07-24T18:55:32.944000+00:00,Diego Pena Vargas,Masculino,18-22,3,5,1,5,2,4,4,1,4,2,2,4,2,4,3,3,2,4,3,4,2,3,5,4,-8,3,-4,-1,ISFP
2026-07-12T20:29:03.080000+00:00,Fernando Vega Silva,Femenino,18-22,4,2,1,4,2,4,3,3,1,3,1,1,3,4,3,5,1,2,2,2,5,2,2,1,-3,-2,-4,4,INFJ
2026-07-12T20:28:48.826000+00:00,Juan Vega Vega,Femenino,18-22,2,5,3,4,1,4,3,2,3,1,4,1,3,3,3,4,3,1,3,3,3,1,3,2,-7,6,1,3,ISTJ
2026-07-21T12:25:22.619000+00:00,Camila Romero Romero,Otro,18-22,1,4,2,5,4,4,2,3,2,5,3,4,3,2,4,3,3,3,4,3,5,3,4,4,-6,-5,2,3,INTJ
2026-07-15T08:39:38.529000+00:00,Santiago Aguilar Alvarez,Otro,18-22,2,4,4,5,5,4,3,3,5,5,3,5,3,4,3,4,4,3,4,3,4,1,2,4,-2,-2,-1,2,INFJ
2026-07-13T18:12:22.619000+00:00,David Fernandez Munoz,Otro,18-22,2,3,2,5,2,5,4,3,2,4,3,5,3,3,3,5,2,3,3,3,5,4,4,4,-7,-3,-3,1,INFJ
2026-07-17T22:43:25.651000+00:00,Antonella Castillo Moreno,Masculino,18-22,4,4,2,5,2,5,5,2,4,2,5,2,3,3,4,4,3,4,4,3,4,3,4,1,-6,8,-1,5,ISFJ
2026-07-12T03:09:40.939000+00:00,Leonardo Castillo Acosta,Masculino,18-22,3,4,2,5,1,5,1,4,4,1,4,3,4,5,2,5,1,3,5,5,3,1,5,1,-8,1,-6,6,ISFJ
2026-07-17T16:13:01.471000+00:00,Julieta Rojas Romero,Masculino,18-22,2,4,2,2,1,2,3,3,4,3,2,1,2,4,5,5,3,2,3,4,4,3,4,2,-3,2,-1,2,ISFJ
2026-07-18T14:14:40.939000+00:00,Juan Jimenez Vargas,Masculino,18-22,3,5,1,4,2,5,3,4,5,2,5,3,5,4,2,3,1,3,4,4,1,2,4,1,-8,4,-2,2,ISFJ
2026-07-13T10:55:30.205000+00:00,Emilio Navarro Ramirez,Masculino,33+,3,1,5,5,2,5,5,4,1,3,3,5,4,1,3,5,3,2,4,5,3,2,4,3,-1,-3,2,1,INTJ
2026-07-16T09:03:42.675000+00:00,Pedro Gutierrez Ramos,Femenino,18-22,2,2,2,2,2,5,2,1,5,3,3,4,5,5,2,3,2,3,1,5,3,5,3,5,-3,2,-2,-8,ISFP
2026-07-18T08:29:01.471000+00:00,Ana Gutierrez Gutierrez,Masculino,18-22,3,4,4,2,3,2,3,4,5,2,4,1,2,4,4,4,4,3,3,3,3,4,4,1,2,5,-1,2,ESFJ
2026-07-25T16:42:20.641000+00:00,Natalia Pena Castillo,Femenino,23-27,4,2,3,4,1,4,2,1,4,2,2,1,2,1,1,5,5,2,5,2,5,2,4,2,-2,4,0,8,ISTJ
2026-07-20T06:37:25.399000+00:00,Matias Aguilar Castillo,Masculino,18-22,4,2,4,3,1,3,3,2,2,1,3,2,1,4,3,3,5,1,4,2,5,2,3,1,1,3,1,7,ESTJ
2026-07-13T05:52:36.976000+00:00,Felipe Morales Delgado,Femenino,18-22,5,1,5,5,4,3,1,3,4,5,1,5,3,5,4,1,3,4,3,5,2,2,2,5,5,-7,0,-5,ENTP
2026-07-19T11:21:04.462000+00:00,Carlos Munoz Gutierrez,Masculino,23-27,5,3,3,5,2,2,1,4,3,3,1,2,2,1,5,1,4,1,3,4,2,2,5,5,0,-4,8,-1,ENTP
2026-07-20T20:41:10.723000+00:00,Sofia Romero Fernandez,Masculino,18-22,3,4,5,5,1,4,4,5,5,5,2,4,5,1,4,2,5,2,5,1,5,5,5,2,-4,-3,9,7,INTJ
2026-07-24T10:36:11.506000+00:00,Gabriel Ramos Alvarez,Masculino,18-22,1,1,3,4,3,5,2,3,1,3,3,5,1,4,2,3,5,3,2,1,5,4,5,1,-3,-5,-2,6,INFJ
2026-07-21T19:20:15.976000+00:00,Mariana Torres Aguilar,Femenino,18-22,3,4,1,1,2,1,2,1,5,1,2,5,3,3,5,4,5,3,2,3,4,1,5,2,0,2,3,5,ESTJ
2026-07-18T07:25:09.634000+00:00,Elena Lopez Ramirez,Masculino,23-27,4,4,3,5,1,3,3,1,3,3,3,4,4,4,4,4,2,2,5,4,5,2,3,2,-4,1,0,5,ISTJ
2026-07-23T08:22:51.949000+00:00,Santiago Fernandez Castro,Femenino,18-22,2,4,2,5,1,5,5,1,5,1,4,1,1,1,5,4,2,1,4,5,4,2,4,1,-9,11,2,4,ISTJ
2026-07-14T01:57:04.462000+00:00,Natalia Gonzalez Vargas,Masculino,23-27,5,1,3,4,2,2,3,3,1,2,1,3,1,1,5,1,3,1,5,4,3,1,5,4,3,-3,6,4,ENTJ
2026-07-21T13:50:15.831000+00:00,Martina Rivera Medina,Masculino,18-22,2,5,1,5,1,5,3,2,5,5,4,3,2,4,2,4,4,3,3,5,5,4,2,4,-11,2,-3,-3,ISFP
2026-07-22T21:56:17.161000+00:00,Andrea Sanchez Gutierrez,Masculino,18-22,1,3,4,4,2,4,2,3,4,5,3,3,3,5,1,3,1,4,3,3,5,3,4,4,-4,-2,-7,2,INFJ
2026-07-13T04:43:10.723000+00:00,Leonardo Ramos Morales,Masculino,18-22,3,5,4,4,2,4,4,5,5,5,1,5,4,1,4,1,5,2,5,2,5,4,5,2,-4,-5,9,7,INTJ
2026-07-23T14:07:58.085000+00:00,Miguel Sanchez Soto,Masculino,18-22,4,3,5,4,2,1,5,2,4,5,3,4,2,5,4,5,5,5,3,4,3,2,5,2,3,1,-4,3,ESFJ
2026-07-15T09:53:43.226000+00:00,Luis Torres Castro,Masculino,18-22,1,5,2,4,1,4,2,5,4,4,2,5,4,4,2,4,1,3,5,5,5,1,5,5,-9,-6,-4,4,INFJ
2026-07-26T07:29:20.203000+00:00,Felipe Moreno Acosta,Femenino,18-22,3,5,4,2,1,4,2,4,4,5,2,4,2,4,4,4,2,3,5,2,3,1,4,3,-3,-5,-3,6,INFJ
2026-07-20T02:25:58.565000+00:00,Matias Diaz Guerrero,Femenino,33+,1,5,3,4,2,5,4,5,2,3,5,4,4,3,3,3,3,4,4,3,5,5,4,3,-8,-1,0,2,INTJ
2026-07-14T13:59:38.572000+00:00,Natalia Chavez Garcia,Masculino,18-22,5,2,4,4,1,5,4,4,3,3,5,4,5,3,5,3,4,3,3,3,5,3,4,1,-1,1,5,5,ISTJ
2026-07-24T12:27:23.103000+00:00,Tomas Sanchez Jimenez,Masculino,18-22,4,1,4,1,3,5,2,3,2,3,1,4,3,1,5,3,4,3,4,3,5,2,5,5,4,-5,5,4,ENTJ
2026-07-14T02:10:58.762000+00:00,Daniel Ortiz Guerrero,Femenino,23-27,5,3,5,5,4,3,3,1,2,3,3,4,1,5,4,1,5,2,4,1,5,3,5,3,3,0,2,7,ESTJ
2026-07-22T01:04:20.203000+00:00,Carlos Hernandez Delgado,Femenino,18-22,2,5,2,3,2,4,1,3,3,3,4,3,3,4,3,4,4,2,3,1,4,2,4,3,-6,-1,0,5,INTJ
2026-07-18T20:12:18.617000+00:00,Natalia Navarro Romero,Masculino,18-22,3,4,4,5,2,5,3,2,4,3,3,4,3,5,5,3,4,4,1,4,2,4,5,4,-5,1,0,-4,ISTP
2026-07-23T02:17:30.205000+00:00,Luciana Rodriguez Gutierrez,Masculino,33+,2,1,5,4,2,5,3,3,2,3,5,5,3,2,5,3,5,3,5,5,4,2,3,1,-1,-1,5,4,INTJ
2026-07-18T06:13:48.855000+00:00,Matias Castillo Maldonado,Femenino,18-22,5,5,3,5,4,5,3,3,4,3,2,4,1,4,3,5,2,5,1,4,5,5,2,5,-3,-1,-8,-6,INFP
2026-07-13T23:01:20.203000+00:00,Juan Ruiz Martinez,Femenino,18-22,3,5,2,2,1,3,2,2,5,5,2,4,2,5,4,2,4,4,3,3,5,3,2,3,-4,-2,-1,1,INFJ
2026-07-16T19:38:59.501000+00:00,Valentina Aguilar Mendoza,Femenino,18-22,5,3,3,5,1,4,4,3,2,4,5,2,5,3,3,4,4,2,2,3,3,1,4,1,-3,2,3,4,ISTJ
2026-07-26T17:11:51.949000+00:00,Leonardo Garcia Diaz,Femenino,18-22,4,5,3,4,1,5,4,2,5,2,5,2,3,1,4,4,1,2,5,4,5,1,5,3,-6,8,1,7,ISTJ
2026-07-18T04:12:59.501000+00:00,Valentina Romero Ortiz,Femenino,18-22,3,5,3,5,1,4,4,3,3,5,5,2,4,2,4,4,5,3,3,1,2,3,4,3,-7,2,4,2,ISTJ
2026-07-15T01:18:32.753000+00:00,Juan Vega Castro,Femenino,18-22,2,5,4,4,2,4,5,1,3,3,4,5,3,4,3,5,1,2,4,5,4,3,1,2,-5,3,-4,-1,ISFP
2026-07-19T18:40:06.193000+00:00,Fernando Perez Soto,Femenino,18-22,4,5,2,1,3,5,2,2,3,2,3,1,1,4,3,4,2,3,5,3,3,2,2,1,-2,3,-5,4,ISFJ
2026-07-14T19:44:17.433000+00:00,Mateo Munoz Castillo,Masculino,18-22,5,4,5,4,5,3,2,4,3,2,3,5,1,3,3,2,3,3,3,5,2,5,3,5,4,-3,-1,-7,ENFP
2026-07-12T13:18:32.131000+00:00,Daniel Acosta Perez,Femenino,28-32,3,3,5,5,5,4,2,5,2,5,5,3,5,1,2,2,4,5,1,5,2,2,4,5,1,-4,3,-5,ENTP
2026-07-26T22:22:20.203000+00:00,Miguel Martinez Pena,Femenino,18-22,3,4,2,3,2,4,1,2,5,3,4,3,2,3,4,2,3,2,5,1,4,1,4,3,-4,2,2,8,ISTJ
2026-07-20T05:33:41.266000+00:00,Emilia Rivera Gutierrez,Masculino,18-22,3,3,2,5,1,5,4,3,5,3,3,4,2,4,2,4,1,4,5,5,4,3,5,2,-7,2,-7,4,ISFJ
2026-07-16T16:12:17.161000+00:00,Ximena Mendoza Soto,Masculino,18-22,1,5,4,4,3,5,1,5,3,4,1,4,4,3,1,3,3,4,5,4,5,3,3,3,-6,-8,-2,3,INFJ
2026-07-24T23:20:48.826000+00:00,Valentina Diaz Jimenez,Femenino,18-22,3,5,2,4,1,4,2,3,4,1,5,2,2,4,3,2,5,2,3,3,3,3,5,2,-7,5,2,3,ISTJ
2026-07-22T11:23:23.103000+00:00,Zoe Munoz Moreno,Masculino,18-22,5,2,2,1,4,5,2,3,3,2,1,4,4,3,5,3,4,4,3,4,5,1,5,3,3,-3,3,5,ENTJ
2026-07-18T08:12:20.671000+00:00,Ximena Gutierrez Castro,Femenino,18-22,1,1,5,1,4,2,4,3,5,3,4,4,3,3,3,4,5,4,5,5,5,1,4,2,6,3,0,6,ESTJ
2026-07-15T06:32:34.267000+00:00,Mateo Mendoza Herrera,Femenino,18-22,2,3,2,4,2,4,4,2,5,2,2,1,4,1,3,1,4,4,5,2,2,1,5,2,-5,6,5,7,ISTJ
2026-07-25T23:58:10.374000+00:00,Diego Maldonado Guerrero,Femenino,18-22,4,2,5,1,4,2,2,3,5,3,4,2,5,2,4,3,5,3,4,5,2,1,5,1,8,3,6,4,ESTJ
2026-07-22T13:21:59.501000+00:00,Santiago Chavez Romero,Femenino,18-22,4,3,3,3,1,5,5,2,2,5,4,4,3,2,3,2,5,4,3,1,4,1,4,1,-3,0,3,8,ISTJ
2026-07-22T10:01:51.949000+00:00,David Mendoza Acosta,Femenino,18-22,2,4,1,4,1,5,4,3,5,2,4,1,1,2,5,5,1,1,5,5,5,1,4,2,-9,7,-1,6,ISFJ
2026-07-24T22:36:58.762000+00:00,Felipe Castillo Mendoza,Femenino,23-27,3,2,4,3,2,1,5,2,3,3,2,4,3,4,4,1,5,3,5,2,5,3,5,2,3,1,4,8,ESTJ
2026-07-20T01:03:20.203000+00:00,Luis Diaz Cruz,Femenino,18-22,2,5,4,4,1,4,1,3,5,5,4,3,2,5,2,2,3,2,3,3,4,2,3,4,-6,-1,-2,1,INFJ
2026-07-15T15:22:15.976000+00:00,Elena Rios Garcia,Femenino,18-22,5,3,2,2,1,1,4,3,4,2,3,4,5,2,4,2,4,4,3,2,5,1,5,3,2,2,5,7,ESTJ
2026-07-22T13:27:05.108000+00:00,Camila Rios Castillo,Masculino,18-22,1,4,4,5,2,5,3,1,5,3,4,4,2,4,2,3,4,4,2,4,3,3,3,1,-7,4,-3,0,ISFJ
2026-07-16T12:37:58.762000+00:00,Valentina Alvarez Delgado,Femenino,23-27,4,4,5,4,3,1,3,1,3,3,3,2,3,3,4,2,4,1,3,2,3,4,5,1,3,3,5,4,ESTJ
2026-07-14T07:00:17.004000+00:00,Martina Rodriguez Navarro,Masculino,18-22,2,5,3,5,3,5,5,5,4,5,3,5,2,3,1,4,1,3,5,5,4,2,5,5,-7,-3,-6,2,INFJ
2026-07-21T06:47:20.950000+00:00,Andres Reyes Munoz,Masculino,23-27,2,5,4,4,3,5,5,1,5,3,5,5,4,4,2,1,1,5,1,5,1,1,3,4,-5,6,-3,-5,ISFP
2026-07-24T18:19:18.617000+00:00,Elena Gonzalez Soto,Masculino,18-22,5,3,5,5,3,3,4,4,2,5,2,5,4,4,3,3,5,3,1,3,1,4,3,4,2,-6,2,-6,ENTP
2026-07-21T08:07:20.203000+00:00,Eduardo Hernandez Rios,Femenino,18-22,4,4,3,3,3,5,1,4,5,3,3,4,3,4,4,4,3,4,4,1,5,3,2,3,-2,-2,-2,4,INFJ
2026-07-13T04:11:58.762000+00:00,Renata Navarro Ramos,Femenino,23-27,5,3,4,3,2,2,3,2,2,2,4,3,2,4,4,3,4,1,3,3,5,4,3,1,3,2,2,3,ESTJ
2026-07-15T23:22:25.399000+00:00,Pedro Vega Fernandez,Masculino,18-22,5,2,5,1,3,4,3,1,4,2,2,2,2,5,4,5,4,3,5,2,5,4,2,3,6,4,-3,3,ESFJ
2026-07-21T04:50:04.989000+00:00,Daniel Perez Gonzalez,Femenino,18-22,4,5,1,1,5,5,2,5,5,4,1,4,2,3,4,4,2,1,3,3,2,3,5,1,-1,-5,0,3,INTJ
2026-07-14T02:58:40.939000+00:00,Joaquin Vasquez Medina,Masculino,18-22,1,4,1,5,2,5,2,2,5,3,4,4,4,4,4,5,3,4,5,3,3,1,3,3,-10,2,-2,4,ISFJ
2026-07-16T18:15:59.501000+00:00,Sofia Castillo Mendez,Femenino,18-22,5,5,4,3,2,5,5,4,3,3,3,2,3,4,2,3,4,2,1,2,4,2,5,2,-2,2,0,4,ISTJ
2026-07-26T00:40:05.108000+00:00,Ximena Soto Jimenez,Masculino,18-22,1,5,2,5,1,4,4,1,4,3,4,4,2,4,3,4,5,3,2,2,4,2,5,2,-10,4,-1,5,ISFJ
2026-07-14T04:51:58.565000+00:00,Natalia Gutierrez Navarro,Femenino,33+,2,5,4,5,2,5,5,4,3,3,4,5,4,4,3,5,2,2,4,3,5,4,4,3,-7,0,-2,3,ISFJ
2026-07-27T01:15:06.193000+00:00,Valentina Maldonado Munoz,Femenino,18-22,3,5,1,3,2,4,3,2,4,2,3,1,1,4,5,4,3,2,4,2,3,1,4,2,-6,5,-1,6,ISFJ
2026-07-15T18:20:59.501000+00:00,Paulina Salazar Ramirez,Femenino,18-22,5,5,3,3,1,5,5,4,3,3,3,3,5,3,2,3,3,3,1,1,3,2,4,2,-4,1,1,3,ISTJ
2026-07-14T05:33:18.617000+00:00,Jorge Ramirez Gonzalez,Masculino,18-22,4,3,3,5,4,5,3,4,4,4,3,3,4,5,5,2,4,2,3,2,3,2,3,2,-2,-1,4,3,INTJ
2026-07-17T12:27:11.506000+00:00,Elena Moreno Moreno,Masculino,18-22,3,1,1,4,1,4,4,3,2,3,3,3,1,4,3,4,5,3,3,1,4,5,5,1,-4,0,-2,5,ISFJ
2026-07-22T20:20:27.487000+00:00,Fernanda Perez Vega,Femenino,18-22,2,1,5,3,5,3,2,1,5,3,4,3,4,4,5,2,5,4,4,1,4,1,5,3,5,4,4,8,ESTJ
2026-07-27T14:41:20.671000+00:00,Andres Morales Alvarez,Femenino,18-22,1,3,5,2,3,3,3,1,5,1,5,5,1,5,5,5,4,4,5,5,5,1,5,1,1,6,-4,8,ESFJ
2026-07-21T15:13:25.399000+00:00,Sara Maldonado Ortiz,Masculino,18-22,5,3,4,1,3,5,3,1,2,1,4,3,1,5,4,4,4,1,4,1,4,3,2,2,3,4,-1,4,ESFJ
2026-07-24T10:33:10.374000+00:00,Zoe Mendoza Sanchez,Femenino,18-22,3,1,4,1,3,1,2,1,4,4,4,1,3,1,3,3,5,2,3,4,2,1,5,1,7,4,5,4,ESTJ
2026-07-14T19:36:25.651000+00:00,Samantha Vega Herrera,Masculino,18-22,3,3,3,5,2,4,4,2,4,2,4,2,2,3,4,5,3,4,2,2,4,3,4,1,-4,6,-3,4,ISFJ
2026-07-19T10:40:11.216000+00:00,Felipe Cruz Soto,Masculino,18-22,5,3,3,5,3,4,3,4,5,2,4,3,3,2,3,3,4,3,3,4,2,4,5,3,-1,3,2,-1,ISTP
2026-07-16T02:44:15.976000+00:00,Mariana Ramos Delgado,Femenino,18-22,5,4,1,2,2,3,4,3,5,1,4,4,5,3,5,2,4,3,3,2,5,1,4,2,-1,5,6,7,ISTJ
2026-07-24T21:57:17.020000+00:00,Camila Guzman Alvarez,Femenino,18-22,3,3,5,4,5,3,4,5,3,3,4,3,2,1,4,3,4,4,4,3,3,5,5,1,3,0,2,3,ESTJ
2026-07-14T01:59:56.881000+00:00,Fernando Sanchez Guerrero,Femenino,18-22,5,2,3,2,4,2,4,2,4,3,1,2,2,1,5,4,4,4,2,1,5,4,1,3,6,2,2,0,ESTJ
2026-07-21T07:54:32.131000+00:00,Fernando Munoz Perez,Femenino,28-32,3,4,4,4,5,2,2,3,2,4,5,3,5,2,4,2,4,3,2,5,1,2,5,3,2,-1,6,-2,ENTP
2026-07-19T00:58:56.881000+00:00,Samuel Perez Rojas,Femenino,18-22,5,4,2,4,4,2,2,1,5,2,1,4,2,2,5,2,2,3,3,1,3,4,3,2,1,1,2,2,ESTJ
2026-07-19T22:26:51.949000+00:00,Santiago Diaz Aguilar,Femenino,18-22,2,4,2,5,2,4,5,3,5,1,5,1,3,1,5,4,1,1,5,5,5,1,5,1,-7,10,3,8,ISTJ
2026-07-23T08:28:20.203000+00:00,Joaquin Soto Ruiz,Femenino,18-22,3,5,4,4,3,5,1,2,5,3,2,3,2,5,3,3,2,2,5,1,3,2,4,4,-4,0,-3,5,ISFJ
2026-07-17T11:06:03.277000+00:00,Samantha Acosta Gomez,Masculino,18-22,1,5,4,4,1,4,2,3,4,4,5,5,1,5,2,5,4,4,1,1,3,2,2,1,-7,-1,-7,2,INFJ
2026-07-14T11:08:25.651000+00:00,Juan Gutierrez Soto,Masculino,18-22,2,4,1,4,2,5,3,3,5,2,3,4,2,1,5,3,5,4,4,3,5,2,4,2,-8,2,4,6,ISTJ
2026-07-18T06:23:32.131000+00:00,Andrea Guerrero Cruz,Femenino,28-32,2,5,5,5,4,3,3,3,3,4,5,2,4,2,2,3,3,3,1,4,2,1,4,5,-2,2,1,-3,ISTP
2026-07-20T05:27:53.029000+00:00,Regina Chavez Salazar,Masculino,18-22,3,3,4,1,3,1,2,3,3,3,2,4,2,3,5,2,2,5,1,5,3,2,4,5,5,-3,-1,-4,ENFP
2026-07-25T04:45:28.818000+00:00,Eduardo Mendoza Reyes,Masculino,18-22,5,5,3,2,2,2,5,4,5,3,3,3,5,2,5,2,3,4,5,2,5,1,2,2,1,3,5,7,ESTJ
2026-07-23T04:56:25.651000+00:00,Jorge Diaz Vasquez,Masculino,18-22,3,3,1,3,2,4,5,2,5,1,3,2,1,3,5,5,5,5,4,2,5,2,5,3,-4,8,-2,7,ISFJ
2026-07-17T15:17:22.619000+00:00,David Martinez Alvarez,Otro,18-22,3,4,1,5,2,4,4,2,2,5,3,4,4,4,2,3,1,5,4,5,4,3,4,3,-7,-2,-5,1,INFJ
2026-07-14T18:33:17.020000+00:00,Zoe Mendoza Chavez,Femenino,18-22,3,3,5,3,5,4,5,4,3,4,4,4,2,1,4,2,4,5,5,3,4,3,5,2,3,0,2,6,ESTJ
2026-07-23T13:20:40.939000+00:00,Andrea Pena Morales,Masculino,18-22,2,4,1,5,1,5,3,2,5,1,5,5,4,5,4,4,2,3,5,5,3,2,5,2,-10,5,-2,4,ISFJ
2026-07-22T21:25:58.085000+00:00,Mia Rivera Chavez,Masculino,18-22,2,5,5,4,2,3,5,4,4,5,4,3,3,5,4,4,5,5,3,4,3,1,4,2,-3,1,-2,3,ISFJ
2026-07-15T09:23:18.617000+00:00,Carlos Maldonado Lopez,Masculino,18-22,5,3,4,4,3,4,3,2,2,4,3,4,3,5,4,4,5,3,2,3,2,4,5,3,1,-2,0,-1,ENTP
2026-07-19T10:59:11.506000+00:00,Paulina Lopez Torres,Masculino,18-22,2,1,2,4,1,4,3,3,2,4,1,3,1,4,3,4,4,3,3,2,4,5,5,1,-4,-4,-3,4,INFJ
2026-07-22T05:17:59.501000+00:00,Fernando Moreno Guerrero,Femenino,18-22,3,4,3,4,1,5,4,2,2,4,4,3,3,4,4,4,4,3,1,1,2,1,5,2,-6,1,0,4,ISTJ
2026-07-26T00:09:41.266000+00:00,Zoe Hernandez Maldonado,Masculino,18-22,3,3,3,4,1,5,2,5,3,3,2,2,1,3,2,5,2,5,3,3,5,3,4,2,-5,-3,-8,4,INFJ
2026-07-18T00:46:59.501000+00:00,Andrea Gutierrez Gonzalez,Femenino,18-22,3,5,3,5,1,5,5,4,4,3,3,4,4,4,2,2,4,4,3,1,4,2,5,1,-8,1,0,8,ISTJ
2026-07-27T01:57:51.949000+00:00,Antonella Vega Chavez,Femenino,18-22,3,5,2,5,1,4,5,2,4,2,4,1,1,1,5,5,1,2,4,4,5,1,5,1,-8,8,-1,8,ISFJ
2026-07-21T21:31:38.572000+00:00,Renata Torres Acosta,Masculino,18-22,4,4,4,3,3,4,4,4,4,4,5,2,5,3,5,3,4,5,4,3,3,2,5,2,0,3,3,5,ESTJ
2026-07-14T02:41:59.501000+00:00,Diego Moreno Maldonado,Femenino,18-22,3,5,4,4,1,4,5,2,2,3,4,4,5,2,3,4,4,4,1,2,2,2,4,1,-5,2,2,2,ISTJ
2026-07-16T06:21:48.826000+00:00,Mariana Rios Mendez,Femenino,18-22,2,5,3,5,3,4,3,3,5,2,4,2,4,4,2,4,4,1,4,2,5,2,5,3,-6,5,1,7,ISTJ
2026-07-17T14:14:38.529000+00:00,Alejandro Guerrero Guerrero,Otro,18-22,2,3,4,5,5,2,4,4,5,5,4,5,3,5,3,5,3,3,3,5,2,1,3,2,1,-1,-4,0,ENFJ
2026-07-22T07:46:23.103000+00:00,Mariana Soto Silva,Masculino,18-22,5,2,3,2,5,4,1,2,2,3,1,5,2,1,5,2,5,2,3,4,4,2,4,5,5,-6,7,0,ENTJ
2026-07-16T00:05:03.277000+00:00,Emilia Pena Morales,Masculino,18-22,2,4,5,3,1,5,4,3,4,2,4,5,2,5,2,5,4,5,3,1,4,2,1,1,-4,2,-7,4,ISFJ
2026-07-22T14:13:36.976000+00:00,Valentina Mendez Guzman,Femenino,18-22,5,1,4,5,4,1,2,4,5,5,1,4,1,4,4,3,5,4,1,5,3,1,2,5,6,-5,-1,-5,ENFP
2026-07-26T08:27:09.634000+00:00,Fernanda Castillo Garcia,Masculino,23-27,4,5,4,3,2,5,4,2,4,4,4,5,3,2,5,3,3,3,4,3,3,3,4,2,-3,1,3,3,ISTJ
2026-07-26T09:06:58.085000+00:00,Samantha Delgado Aguilar,Masculino,18-22,4,5,5,2,2,3,4,3,5,4,4,5,1,5,5,5,4,5,5,5,3,2,5,2,1,1,-5,4,ESFJ
2026-07-22T18:02:11.216000+00:00,Martina Morales Lopez,Masculino,18-22,3,3,4,4,3,4,5,4,5,2,2,3,2,2,3,3,4,2,2,2,2,5,4,4,-1,3,2,-3,ISTP
2026-07-13T13:15:15.831000+00:00,Mia Romero Navarro,Masculino,18-22,1,4,3,5,2,4,4,3,5,3,5,5,1,3,4,5,5,5,3,4,5,3,4,4,-7,3,-3,1,ISFJ
2026-07-14T17:28:34.267000+00:00,Fernanda Silva Cruz,Femenino,18-22,3,4,1,3,2,5,5,1,3,1,3,3,3,1,3,1,5,4,4,2,4,2,4,1,-6,6,5,7,ISTJ
2026-07-19T12:54:20.203000+00:00,Martina Ramirez Mendez,Femenino,18-22,4,5,4,3,3,4,3,3,3,3,4,4,2,4,3,3,3,4,5,2,5,3,2,2,-1,0,-3,5,ISFJ
2026-07-21T13:00:38.572000+00:00,Mateo Reyes Diaz,Masculino,18-22,4,4,4,2,2,5,2,5,3,2,5,2,3,3,4,4,5,3,4,2,4,4,3,2,-1,1,2,3,ISTJ
2026-07-16T22:19:18.617000+00:00,Emilia Guerrero Guerrero,Masculino,18-22,5,3,5,5,4,5,5,4,2,5,3,5,3,4,3,3,5,4,3,2,1,2,4,2,1,-4,0,2,ENTJ
2026-07-18T02:22:15.831000+00:00,Mariana Vasquez Rivera,Masculino,18-22,2,4,3,5,1,4,2,4,4,3,3,4,3,4,2,4,5,4,3,5,3,5,2,5,-7,-2,-2,-7,INFP
2026-07-23T19:52:11.216000+00:00,Sofia Gonzalez Gutierrez,Masculino,18-22,4,4,3,5,1,3,3,4,5,3,3,2,3,4,4,2,4,2,4,3,2,3,4,4,-4,2,3,0,ISTJ
2026-07-23T13:23:30.977000+00:00,Regina Navarro Flores,Masculino,18-22,3,1,2,2,2,4,5,5,5,3,3,5,5,2,2,4,3,4,5,4,5,1,5,4,0,0,0,6,ESTJ
2026-07-17T11:29:37.003000+00:00,Sofia Salazar Munoz,Femenino,33+,4,5,1,4,3,3,5,4,1,3,3,2,5,2,4,4,4,4,5,3,5,3,3,2,-4,0,3,5,ISTJ
2026-07-17T05:50:51.949000+00:00,Emilia Garcia Gonzalez,Femenino,18-22,3,4,2,5,1,4,5,2,5,2,4,2,1,2,5,4,1,1,4,4,5,1,5,3,-7,8,0,6,ISTJ
2026-07-17T22:54:04.462000+00:00,David Ramirez Soto,Masculino,23-27,4,1,5,3,3,2,3,5,2,4,1,4,1,2,4,1,4,3,3,5,2,1,3,5,6,-7,3,-3,ENTP
2026-07-11T09:01:15.831000+00:00,Valeria Diaz Vasquez,Masculino,18-22,1,4,1,5,2,4,3,4,5,3,5,4,1,3,3,4,5,4,2,5,3,5,4,5,-9,2,-2,-6,ISFP
2026-07-23T21:01:15.831000+00:00,Sara Rivera Sanchez,Masculino,18-22,1,5,2,5,1,4,4,2,5,5,3,5,2,4,4,5,3,3,1,3,4,5,3,5,-10,0,-3,-5,ISFP
2026-07-14T18:54:17.433000+00:00,Valeria Morales Gonzalez,Masculino,18-22,5,4,5,5,4,3,2,3,5,1,4,5,1,2,2,2,5,2,3,5,1,4,3,4,2,2,2,-6,ESTP
2026-07-18T05:01:22.619000+00:00,Luciana Ramirez Castillo,Otro,18-22,3,4,1,5,2,4,2,2,2,5,4,3,3,4,4,5,1,3,2,5,4,3,5,3,-7,-2,-4,0,INFJ
2026-07-22T22:04:32.753000+00:00,Paulina Ramos Morales,Femenino,18-22,2,5,4,5,1,3,4,2,4,1,4,3,4,3,4,4,1,2,3,3,4,3,1,1,-6,6,0,1,ISTJ
2026-07-19T01:42:12.944000+00:00,Alejandro Guerrero Torres,Masculino,18-22,3,4,4,4,4,5,5,1,5,1,4,5,2,4,5,3,5,4,4,3,5,4,5,2,-2,7,1,5,ISTJ
2026-07-22T00:27:32.753000+00:00,Renata Flores Acosta,Femenino,18-22,3,5,3,5,3,3,5,1,3,3,4,4,3,2,4,5,1,1,2,5,3,3,1,3,-4,4,0,-5,ISTP
2026-07-21T08:01:09.573000+00:00,Alejandro Alvarez Gomez,Masculino,18-22,4,2,3,3,1,4,4,5,4,5,3,5,3,3,4,5,3,5,3,5,5,4,4,3,-1,-4,-3,0,INFJ
2026-07-19T00:26:17.004000+00:00,Andres Rios Aguilar,Masculino,18-22,3,5,3,5,3,5,3,4,5,5,4,5,1,3,2,3,1,4,5,5,5,3,5,5,-6,-2,-6,2,INFJ
2026-07-24T12:15:48.855000+00:00,Eduardo Moreno Mendez,Femenino,18-22,4,4,3,4,4,4,2,3,5,4,1,3,1,4,3,4,2,4,3,2,4,5,2,5,-1,-2,-6,-3,INFP
2026-07-22T12:59:40.939000+00:00,Alejandro Aguilar Rios,Masculino,18-22,1,4,1,5,3,5,2,2,4,2,4,5,3,5,2,3,2,2,5,4,3,1,3,3,-9,1,-3,3,ISFJ
2026-07-16T11:38:25.399000+00:00,Carlos Morales Vargas,Masculino,18-22,4,3,5,1,3,4,2,1,4,2,3,4,2,5,3,4,3,2,5,1,5,4,4,3,4,2,-3,6,ESFJ
2026-07-13T18:35:09.573000+00:00,Valentina Mendoza Soto,Masculino,18-22,3,3,3,3,1,3,5,3,4,4,2,5,5,3,2,4,3,3,3,4,4,4,5,4,-2,-1,0,0,INTJ
2026-07-21T14:30:38.529000+00:00,Andres Salazar Flores,Otro,18-22,4,5,3,5,3,4,3,3,3,4,5,3,1,5,3,3,3,4,4,3,2,2,2,3,-4,1,-5,0,ISFJ
2026-07-21T03:20:11.216000+00:00,Sebastian Vega Chavez,Masculino,18-22,5,4,4,4,1,3,4,3,4,1,4,3,2,2,3,1,4,1,2,3,2,5,3,2,-1,5,5,-3,ISTP
2026-07-17T20:28:41.266000+00:00,Luciana Castillo Chavez,Masculino,18-22,2,4,2,4,2,4,2,5,5,4,2,2,1,3,3,5,2,4,3,5,3,1,3,4,-6,-2,-6,-1,INFP
2026-07-17T05:37:17.004000+00:00,Martina Delgado Fernandez,Masculino,18-22,3,4,4,5,1,4,3,3,5,5,4,5,2,5,2,4,1,3,5,3,5,2,5,5,-5,-1,-7,5,INFJ
2026-07-27T14:09:09.573000+00:00,Pedro Guerrero Silva,Masculino,18-22,4,3,1,1,1,5,5,4,4,3,3,4,5,3,4,5,4,3,4,5,5,5,5,5,-3,1,2,-1,ISTP
2026-07-16T14:17:15.831000+00:00,Emilia Gonzalez Ruiz,Masculino,18-22,2,5,3,5,2,5,3,2,5,4,3,4,2,3,3,5,3,4,2,4,4,5,2,5,-8,1,-4,-6,ISFP
2026-07-22T04:17:20.950000+00:00,Regina Reyes Ortiz,Masculino,23-27,2,4,3,4,4,5,4,3,5,2,5,4,5,5,2,1,1,5,2,5,1,1,2,5,-4,5,-3,-6,ISFP
2026-07-18T06:59:28.818000+00:00,Camila Aguilar Sanchez,Masculino,18-22,4,4,4,1,4,1,4,2,5,4,5,3,5,1,4,3,5,5,5,2,3,1,3,1,6,5,5,7,ESTJ
2026-07-22T03:32:15.976000+00:00,Fernanda Sanchez Maldonado,Femenino,18-22,4,4,1,1,1,2,3,1,4,2,3,5,5,3,4,4,5,4,2,3,4,1,5,2,-1,2,3,5,ISTJ
2026-07-20T10:40:12.944000+00:00,Victoria Gomez Vega,Masculino,18-22,5,4,5,5,4,4,5,2,4,2,4,4,3,5,4,4,5,5,5,3,4,5,5,2,1,5,-2,4,ESFJ
2026-07-12T19:58:22.619000+00:00,Matias Ramirez Acosta,Otro,18-22,2,3,2,4,4,5,2,2,3,5,4,3,4,3,2,3,1,3,3,3,4,2,4,3,-4,-1,-2,3,INFJ
2026-07-22T20:12:10.374000+00:00,Valeria Maldonado Aguilar,Femenino,18-22,4,1,3,1,3,2,2,2,4,5,5,1,5,1,4,4,4,3,3,4,1,1,5,1,6,3,5,3,ESTJ
2026-07-15T13:08:15.831000+00:00,Martina Navarro Medina,Masculino,18-22,3,5,2,5,1,5,4,3,3,5,5,5,1,4,4,4,4,4,1,3,5,3,3,4,-9,-1,-3,-1,INFP
2026-07-27T12:36:32.944000+00:00,Diego Diaz Vega,Masculino,18-22,4,5,1,4,1,5,5,2,5,4,2,5,2,2,3,3,4,4,4,3,3,2,3,5,-8,1,0,0,ISTJ
2026-07-23T10:45:23.103000+00:00,Valeria Vega Fernandez,Masculino,18-22,5,2,2,1,5,5,1,1,2,2,2,3,2,1,5,2,4,3,4,3,4,1,5,3,4,-1,5,6,ENTJ
2026-07-26T06:11:32.753000+00:00,Diego Gutierrez Fernandez,Femenino,18-22,3,5,4,5,1,3,3,1,2,2,4,3,3,4,4,4,3,1,4,4,4,3,2,1,-5,3,1,2,ISTJ
2026-07-26T17:41:27.487000+00:00,Elena Soto Guerrero,Femenino,18-22,4,3,4,1,5,2,2,2,5,4,3,2,2,4,5,1,3,3,4,2,5,2,5,3,7,2,2,7,ESTJ
2026-07-16T00:14:25.399000+00:00,Alejandro Vega Cruz,Masculino,18-22,4,2,5,3,1,3,2,2,4,1,3,2,1,5,2,5,3,3,5,1,4,3,2,1,2,4,-7,6,ESFJ
2026-07-15T15:21:20.950000+00:00,Felipe Castro Perez,Masculino,23-27,2,5,4,5,3,5,5,1,4,1,5,4,4,5,1,2,1,5,2,4,1,2,1,4,-6,8,-6,-6,ISFP
2026-07-24T11:31:10.374000+00:00,Ana Ramos Diaz,Femenino,18-22,3,1,3,2,3,1,2,1,4,3,4,1,5,1,5,4,4,1,3,5,2,2,4,1,5,5,8,1,ESTJ
2026-07-22T22:43:12.944000+00:00,Daniel Guzman Reyes,Masculino,18-22,5,5,3,4,3,4,4,2,5,3,5,4,1,5,5,3,5,4,5,2,5,4,5,1,-2,5,-1,8,ISFJ
2026-07-17T19:03:48.826000+00:00,Emilia Gutierrez Hernandez,Femenino,18-22,3,4,3,4,1,5,2,2,5,2,4,3,2,5,3,2,5,2,2,1,5,1,3,2,-6,4,1,6,ISTJ
2026-07-19T17:51:20.203000+00:00,Gabriel Moreno Jimenez,Femenino,18-22,2,4,4,2,1,4,1,3,3,4,4,5,3,5,2,3,2,3,5,2,4,2,2,3,-3,-4,-4,4,INFJ
2026-07-18T02:44:25.399000+00:00,Mariana Vasquez Ramirez,Masculino,18-22,5,3,5,2,1,3,2,2,3,1,3,4,1,5,3,5,5,3,5,2,5,4,4,2,3,1,-4,6,ESFJ
2026-07-23T17:35:18.617000+00:00,Juan Fernandez Ramirez,Masculino,18-22,4,5,4,5,4,5,3,2,2,4,2,5,4,5,5,3,5,3,2,4,2,2,4,3,-3,-4,3,-1,INTP
2026-07-25T12:36:03.277000+00:00,Jorge Silva Munoz,Masculino,18-22,2,4,3,4,2,5,2,4,3,3,4,4,3,5,2,5,2,4,2,1,4,2,2,1,-6,-2,-7,4,INFJ
2026-07-12T23:10:10.723000+00:00,Carlos Maldonado Vargas,Masculino,18-22,3,5,5,4,1,4,4,5,5,5,1,4,4,2,5,1,4,1,4,2,5,4,5,4,-4,-4,9,4,INTJ
2026-07-12T10:04:15.831000+00:00,Julieta Guerrero Lopez,Masculino,18-22,3,5,1,5,1,5,2,2,4,4,3,3,3,5,2,3,4,5,1,3,3,3,4,4,-10,0,-4,-2,ISFP
2026-07-17T09:37:20.203000+00:00,Luciana Ramos Lopez,Femenino,18-22,2,5,2,3,1,5,2,3,4,3,4,3,3,5,4,4,3,2,3,2,3,1,4,4,-8,1,-1,3,ISFJ
2026-07-20T07:26:32.944000+00:00,Andres Moreno Garcia,Masculino,18-22,3,5,1,4,1,4,5,1,3,3,4,3,3,2,2,3,2,3,4,4,3,1,3,5,-8,5,-1,0,ISFJ
2026-07-17T15:48:22.619000+00:00,Fernando Romero Ramirez,Otro,18-22,1,5,3,5,3,5,4,2,4,5,4,3,2,2,4,3,1,3,3,3,5,3,5,4,-8,2,-1,3,ISFJ
2026-07-17T15:24:36.976000+00:00,David Ortiz Guerrero,Femenino,18-22,4,1,5,4,3,3,1,4,4,4,2,5,2,5,4,3,5,4,3,4,2,1,3,5,4,-6,-1,-2,ENFP
2026-07-24T18:27:28.818000+00:00,Joaquin Romero Rojas,Masculino,18-22,5,3,2,1,2,2,4,4,5,4,3,3,4,1,5,3,3,5,4,1,3,3,4,3,3,1,3,4,ESTJ
2026-07-23T22:52:30.977000+00:00,Victoria Maldonado Aguilar,Masculino,18-22,3,1,4,2,4,5,3,5,5,5,3,4,4,3,4,5,2,5,4,5,4,1,5,4,3,-3,-3,3,ENFJ
2026-07-12T03:27:28.818000+00:00,Mateo Gomez Rodriguez,Masculino,18-22,4,5,3,2,4,1,5,3,4,2,5,3,5,1,4,2,3,5,4,1,4,2,3,1,3,6,4,7,ESTJ
2026-07-19T10:23:23.103000+00:00,Camila Mendoza Mendoza,Masculino,18-22,5,1,3,1,3,3,2,2,1,3,1,3,2,2,5,4,4,3,4,5,4,1,5,3,6,-4,2,4,ENTJ
2026-07-11T13:58:43.226000+00:00,Victoria Rojas Cruz,Masculino,18-22,2,5,1,5,2,5,3,5,4,5,3,5,4,5,2,5,2,2,5,4,5,1,5,4,-10,-5,-4,6,INFJ
2026-07-19T13:23:59.501000+00:00,Daniel Sanchez Garcia,Femenino,18-22,5,3,3,3,1,5,5,2,2,4,3,3,5,2,3,2,5,3,2,1,3,3,4,2,-2,1,6,3,ISTJ
2026-07-22T01:16:17.161000+00:00,Miguel Moreno Mendoza,Masculino,18-22,1,4,4,5,4,3,2,3,4,5,2,3,3,4,1,4,2,3,3,3,4,3,3,5,-3,-3,-5,-1,INFP
2026-07-20T23:20:20.203000+00:00,Daniel Moreno Reyes,Femenino,18-22,4,5,3,3,1,3,1,3,5,5,2,5,3,3,2,3,2,2,5,2,4,1,4,4,-3,-5,-1,6,INFJ
2026-07-25T18:18:58.762000+00:00,Nicolas Medina Garcia,Femenino,23-27,3,3,3,3,3,2,3,2,2,2,2,3,1,4,5,3,3,1,4,3,3,4,3,2,1,0,1,1,ESTJ
2026-07-22T14:54:27.487000+00:00,Elena Herrera Moreno,Femenino,18-22,4,1,4,1,5,2,2,2,4,2,3,2,4,3,5,1,4,4,5,1,3,1,4,2,9,3,5,8,ESTJ
2026-07-16T00:43:11.216000+00:00,Andres Moreno Gutierrez,Masculino,18-22,5,4,2,4,3,3,5,2,4,2,4,1,3,4,4,1,5,1,2,2,4,3,3,4,-1,8,6,0,ISTJ
2026-07-24T08:02:12.944000+00:00,Paulina Romero Chavez,Masculino,18-22,5,4,4,3,4,4,4,1,5,3,5,5,2,5,5,3,5,5,5,2,5,4,4,2,2,5,-1,6,ESFJ
2026-07-24T01:47:41.266000+00:00,Miguel Perez Rodriguez,Masculino,18-22,4,5,1,4,1,5,3,5,3,2,4,2,1,4,4,5,2,5,5,3,4,2,4,3,-8,1,-7,5,ISFJ
2026-07-22T03:28:53.029000+00:00,Carlos Maldonado Diaz,Masculino,18-22,3,3,3,1,1,3,1,3,3,3,1,4,3,3,3,2,4,4,2,4,2,2,3,5,0,-5,1,-4,ENTP
2026-07-15T08:37:06.193000+00:00,Diego Ramos Rojas,Femenino,18-22,3,3,2,2,3,4,2,1,3,4,2,3,1,5,5,3,3,4,3,3,5,1,4,3,-1,-1,-3,5,INFJ
2026-07-12T11:29:40.939000+00:00,Gabriel Mendoza Herrera,Masculino,18-22,1,4,1,4,3,4,2,3,5,3,5,4,3,5,4,4,3,3,4,4,1,1,3,1,-7,2,-2,2,ISFJ
2026-07-24T21:37:30.977000+00:00,Daniel Munoz Ramos,Masculino,18-22,2,3,3,3,2,4,3,5,5,5,4,4,5,4,3,4,1,4,4,3,4,1,5,3,-3,-2,-3,6,INFJ
2026-07-15T11:00:15.831000+00:00,Paulina Vargas Silva,Masculino,18-22,1,4,1,5,1,5,3,2,5,5,5,5,1,3,4,5,3,3,1,4,4,4,4,5,-11,1,-3,-4,ISFP
2026-07-25T13:10:20.641000+00:00,Tomas Maldonado Ruiz,Femenino,23-27,3,2,4,3,1,5,2,3,3,1,3,2,4,1,3,4,5,3,5,1,5,1,5,2,-2,2,4,11,ISTJ
2026-07-12T00:49:17.020000+00:00,Alejandro Mendoza Chavez,Femenino,18-22,2,2,5,4,4,3,4,3,5,3,3,3,2,2,5,1,3,3,3,2,3,4,5,1,2,3,4,4,ESTJ
2026-07-16T02:19:10.723000+00:00,Samantha Torres Reyes,Masculino,18-22,2,5,5,5,1,5,4,5,5,5,1,5,5,2,5,2,5,1,4,1,5,4,5,3,-7,-5,10,6,INTJ
2026-07-16T00:04:05.108000+00:00,Miguel Delgado Salazar,Masculino,18-22,1,5,3,5,1,5,2,2,5,1,4,4,3,4,4,3,3,3,4,2,4,2,4,2,-10,4,0,6,ISTJ
2026-07-22T07:06:17.020000+00:00,Ana Chavez Moreno,Femenino,18-22,2,4,4,4,5,4,3,5,4,4,2,3,4,2,4,1,2,5,3,2,4,5,5,1,-1,-3,2,4,INTJ
2026-07-18T06:29:03.277000+00:00,Mateo Garcia Chavez,Masculino,18-22,1,4,4,4,1,5,4,5,5,4,5,4,2,5,2,5,4,4,1,1,3,4,1,2,-7,1,-6,-2,ISFP
2026-07-12T06:10:20.950000+00:00,Regina Rojas Navarro,Masculino,23-27,2,4,2,4,4,5,5,1,4,2,5,5,5,4,1,1,1,5,2,4,2,1,3,5,-5,6,-3,-3,ISFP
2026-07-18T05:53:53.029000+00:00,Isabella Rodriguez Reyes,Masculino,18-22,2,2,5,1,2,2,3,2,2,3,1,3,3,1,5,2,4,4,1,3,1,1,2,4,4,-2,5,-4,ENTP
2026-07-14T14:11:38.529000+00:00,Emilia Guzman Mendoza,Otro,18-22,2,5,4,5,4,4,3,3,4,4,5,3,1,4,4,4,4,5,4,3,4,1,4,4,-4,2,-4,4,ISFJ
2026-07-24T20:21:20.950000+00:00,Andres Navarro Maldonado,Masculino,23-27,2,5,4,5,4,4,5,1,5,1,5,5,5,5,3,1,1,5,1,4,2,1,2,5,-4,8,-2,-5,ISFP
2026-07-25T01:26:28.818000+00:00,Regina Castro Fernandez,Masculino,18-22,5,3,2,1,2,2,5,3,3,4,3,2,4,2,4,1,3,4,5,1,3,2,3,3,3,2,4,5,ESTJ
2026-07-11T06:05:17.161000+00:00,Renata Rojas Chavez,Masculino,18-22,2,3,3,5,4,5,3,5,5,5,1,4,4,5,1,3,2,3,4,3,4,2,4,4,-4,-5,-4,3,INFJ
2026-07-25T10:40:11.216000+00:00,Pedro Ruiz Ramirez,Masculino,18-22,4,2,4,4,2,3,5,4,5,1,3,3,4,2,4,2,4,2,3,4,2,3,3,4,1,5,6,-3,ESTP
2026-07-11T08:47:48.855000+00:00,Elena Gonzalez Romero,Femenino,18-22,3,5,5,5,3,5,2,3,5,4,2,4,1,3,3,3,1,5,3,2,5,5,2,5,-4,-2,-6,-2,INFP
2026-07-24T19:57:32.131000+00:00,David Guzman Soto,Femenino,28-32,4,5,4,5,5,2,2,3,2,4,5,3,4,2,3,2,3,5,3,5,1,1,5,5,1,-1,1,-2,ENTP
2026-07-22T22:56:48.855000+00:00,Nicolas Reyes Sanchez,Femenino,18-22,3,5,3,4,3,4,2,3,5,4,1,4,2,3,2,3,2,5,3,4,4,5,1,5,-4,-3,-5,-6,INFP
2026-07-18T12:59:12.944000+00:00,Nicolas Diaz Navarro,Masculino,18-22,4,5,3,5,4,4,5,1,4,3,5,5,3,4,5,3,5,5,5,1,4,4,5,1,-3,5,1,8,ISTJ
2026-07-19T17:43:10.374000+00:00,Mariana Medina Moreno,Femenino,18-22,4,1,3,3,3,2,1,2,4,5,5,3,3,1,3,2,3,3,4,4,1,1,4,1,4,0,3,3,ESTJ
2026-07-22T00:17:17.004000+00:00,Eduardo Rojas Gomez,Masculino,18-22,3,5,4,5,1,5,4,3,5,5,5,5,1,3,2,3,3,4,5,4,4,1,4,5,-7,1,-4,3,ISFJ
2026-07-24T13:08:27.487000+00:00,Alejandro Silva Aguilar,Femenino,18-22,2,1,5,3,5,2,4,1,5,3,3,4,4,3,5,2,4,3,5,1,3,2,5,1,6,4,5,9,ESTJ
2026-07-21T02:32:20.671000+00:00,Nicolas Rojas Salazar,Femenino,18-22,1,3,5,2,5,3,4,1,3,3,3,3,2,3,3,3,3,3,5,5,4,1,5,2,3,3,-1,6,ESFJ
2026-07-19T22:41:32.753000+00:00,Andres Flores Vega,Femenino,18-22,2,4,4,4,2,5,5,2,4,3,4,4,2,4,5,4,1,3,4,5,4,4,1,2,-5,4,-3,-2,ISFP
2026-07-22T00:32:09.573000+00:00,Isabella Lopez Reyes,Masculino,18-22,5,4,2,2,1,4,4,4,4,3,4,5,5,5,3,5,3,3,4,5,4,4,5,5,-2,0,-2,-1,ISFP
2026-07-22T11:05:23.103000+00:00,Fernando Romero Vargas,Masculino,18-22,4,1,3,1,5,4,3,3,2,2,1,5,2,3,4,2,4,4,2,4,4,2,5,3,6,-4,1,2,ENTJ
2026-07-21T12:20:10.723000+00:00,Carlos Hernandez Romero,Masculino,18-22,2,5,5,5,1,5,3,5,4,4,1,4,5,2,4,1,5,1,5,2,4,3,4,3,-7,-5,10,5,INTJ
2026-07-17T11:33:03.277000+00:00,Mateo Garcia Ruiz,Masculino,18-22,2,4,3,5,1,4,3,4,5,4,5,4,3,5,2,5,4,4,3,1,3,3,1,2,-7,1,-5,1,ISFJ
2026-07-25T12:10:20.641000+00:00,Tomas Soto Perez,Femenino,23-27,4,1,3,4,1,5,1,1,3,3,3,1,4,1,2,4,4,4,5,1,5,2,4,4,-2,2,1,7,ISTJ
2026-07-17T13:41:58.762000+00:00,Renata Aguilar Moreno,Femenino,23-27,3,2,3,3,3,3,3,2,3,3,3,2,3,3,5,2,5,2,4,3,3,4,4,3,1,2,6,1,ESTJ
2026-07-17T01:14:37.003000+00:00,Ximena Pena Jimenez,Femenino,33+,3,4,1,4,3,4,5,4,1,1,5,3,5,2,3,3,5,4,4,2,4,3,5,2,-5,3,4,6,ISTJ
2026-07-23T19:51:12.944000+00:00,Mariana Lopez Alvarez,Masculino,18-22,4,4,3,3,4,4,5,2,4,3,4,5,3,5,4,3,5,5,5,1,5,5,5,1,0,3,-1,8,ESFJ
2026-07-11T09:15:48.855000+00:00,Valeria Hernandez Torres,Femenino,18-22,3,4,3,5,2,5,1,5,5,5,1,3,2,4,3,3,3,4,2,4,4,4,2,5,-6,-6,-3,-5,INFP
2026-07-19T02:11:38.572000+00:00,Emilia Ramos Delgado,Masculino,18-22,4,4,4,2,2,5,4,3,5,4,4,4,5,2,3,4,5,3,4,2,4,3,3,1,-1,2,4,5,ISTJ
2026-07-20T14:47:43.226000+00:00,Jorge Soto Torres,Masculino,18-22,1,4,2,5,1,5,1,3,4,5,3,5,5,4,2,5,2,3,5,5,5,1,5,5,-10,-5,-3,4,INFJ
2026-07-18T20:36:20.671000+00:00,Miguel Munoz Morales,Femenino,18-22,1,1,4,2,5,3,3,3,5,1,3,5,2,4,3,5,4,5,5,5,4,1,5,2,4,2,-5,6,ESFJ
2026-07-16T16:27:20.671000+00:00,Fernanda Diaz Herrera,Femenino,18-22,2,2,4,3,4,3,3,2,4,3,4,5,1,5,3,4,4,4,5,5,4,2,5,1,2,1,-5,6,ESFJ
2026-07-18T22:44:17.161000+00:00,Valeria Alvarez Ruiz,Masculino,18-22,1,5,5,5,2,4,1,4,5,5,3,5,4,3,1,5,3,4,5,3,5,2,3,5,-6,-5,-4,3,INFJ
2026-07-17T14:12:38.529000+00:00,Luis Soto Ruiz,Otro,18-22,2,4,3,4,4,4,4,5,3,5,5,5,1,5,5,4,2,4,4,3,2,3,4,4,-3,-3,-5,0,INFJ
2026-07-25T11:55:51.949000+00:00,Renata Medina Castillo,Femenino,18-22,4,4,2,5,2,5,4,2,5,2,3,1,2,1,5,4,1,1,4,4,5,2,5,2,-6,7,2,6,ISTJ
2026-07-20T01:47:42.675000+00:00,Tomas Gutierrez Flores,Femenino,18-22,2,4,2,4,2,5,4,1,5,2,2,4,5,4,3,3,3,3,2,5,4,4,5,4,-7,4,1,-2,ISTP
2026-07-14T06:08:48.826000+00:00,Diego Fernandez Vargas,Femenino,18-22,4,5,2,5,1,5,4,3,3,3,3,2,4,4,2,2,5,2,2,1,5,3,3,2,-8,2,3,4,ISTJ
2026-07-17T05:38:12.944000+00:00,Mariana Diaz Silva,Masculino,18-22,5,5,5,3,5,5,5,1,5,3,5,3,3,4,5,3,4,5,4,1,4,3,5,1,2,8,0,8,ESTJ
2026-07-21T17:17:58.085000+00:00,Fernando Castro Torres,Masculino,18-22,4,3,4,4,3,2,5,2,4,5,3,5,1,5,5,5,5,5,3,4,2,1,4,1,2,0,-4,3,ESFJ
2026-07-27T14:58:11.216000+00:00,Regina Ramos Vargas,Masculino,18-22,3,2,4,5,1,4,3,2,4,2,4,1,2,2,4,1,4,3,4,3,2,4,5,4,-3,6,4,0,ISTJ
2026-07-22T09:00:58.762000+00:00,Tomas Rivera Gomez,Femenino,23-27,4,2,4,5,4,2,3,2,3,3,4,2,3,4,5,2,5,3,4,2,5,3,4,1,3,3,4,7,ESTJ
2026-07-21T23:55:32.753000+00:00,Andrea Aguilar Garcia,Femenino,18-22,3,5,2,5,3,4,4,2,2,2,4,5,2,3,4,5,2,3,4,5,3,4,3,1,-6,1,-3,0,ISFJ
2026-07-19T22:28:20.671000+00:00,Zoe Jimenez Reyes,Femenino,18-22,2,1,5,3,5,1,5,2,5,3,4,5,1,4,4,3,4,4,5,5,5,1,4,1,7,4,-2,7,ESFJ
2026-07-22T15:28:04.462000+00:00,Victoria Gomez Diaz,Masculino,23-27,4,2,5,4,2,2,3,4,1,2,2,3,3,2,3,2,4,2,4,4,4,1,5,5,3,-3,4,3,ENTJ
2026-07-21T12:52:11.216000+00:00,Pedro Morales Munoz,Masculino,18-22,5,2,3,4,3,4,4,2,5,3,2,3,2,4,4,2,4,1,4,2,2,4,3,3,1,3,3,0,ESTJ
2026-07-14T23:54:10.723000+00:00,Elena Jimenez Ruiz,Masculino,18-22,4,4,5,4,2,5,4,4,5,5,1,5,5,1,5,1,5,2,5,1,4,5,4,2,-2,-4,11,5,INTJ
2026-07-21T17:13:36.976000+00:00,Regina Gonzalez Mendez,Femenino,18-22,3,1,5,4,3,2,1,4,3,5,3,5,1,5,4,1,5,4,3,4,3,1,2,4,4,-7,0,-1,ENTP
2026-07-13T13:56:58.762000+00:00,Ximena Ramos Morales,Femenino,23-27,3,3,5,4,4,3,5,2,2,2,3,4,2,3,4,3,5,1,3,1,3,4,4,3,2,2,4,2,ESTJ
2026-07-13T22:43:20.203000+00:00,Sofia Vega Herrera,Femenino,18-22,3,4,3,3,1,4,2,2,5,4,4,4,2,5,3,2,4,2,5,2,4,1,4,2,-4,1,0,8,ISTJ
2026-07-23T16:23:22.619000+00:00,Joaquin Munoz Sanchez,Otro,18-22,3,5,2,5,3,5,2,3,4,5,2,5,4,2,4,3,2,3,2,4,5,3,4,4,-7,-5,2,0,INTJ
2026-07-20T09:18:25.651000+00:00,Samuel Ramos Vega,Masculino,18-22,4,3,3,4,2,4,4,1,5,1,5,2,2,2,3,3,4,4,3,2,3,2,5,2,-2,10,0,5,ISTJ
2026-07-24T20:44:18.617000+00:00,Sara Mendoza Lopez,Masculino,18-22,4,4,5,5,4,3,4,3,2,3,3,3,4,4,5,2,5,4,2,3,1,2,5,4,1,0,4,-1,ESTP
2026-07-15T08:42:09.634000+00:00,Mateo Rodriguez Rodriguez,Masculino,23-27,3,5,3,3,2,4,3,1,3,4,5,4,2,3,5,3,2,3,4,2,5,2,4,4,-4,2,0,5,ISTJ
2026-07-26T16:51:25.651000+00:00,Elena Vargas Vega,Masculino,18-22,4,3,1,5,2,5,4,2,4,3,3,2,1,2,3,5,5,5,2,3,5,3,4,3,-6,4,-3,2,ISFJ
2026-07-18T18:13:11.506000+00:00,David Morales Mendez,Masculino,18-22,3,1,1,3,2,5,2,3,2,4,1,5,1,5,1,5,3,1,2,1,4,5,5,1,-3,-7,-6,4,INFJ
2026-07-24T00:34:38.529000+00:00,Sara Medina Torres,Otro,18-22,3,4,2,5,5,2,2,5,4,4,5,3,3,5,5,4,2,3,5,5,2,3,3,2,-1,-1,-2,0,INFJ
2026-07-21T00:13:48.826000+00:00,Nicolas Reyes Rojas,Femenino,18-22,4,5,1,4,1,5,4,2,5,3,4,2,2,5,4,2,4,1,3,1,5,3,3,3,-8,6,2,4,ISTJ
2026-07-24T14:09:56.881000+00:00,Victoria Guzman Morales,Femenino,18-22,5,2,2,3,4,3,2,1,5,2,2,2,4,3,3,4,2,4,3,2,3,5,1,1,3,4,-2,-1,ESFP
2026-07-16T04:54:38.529000+00:00,Zoe Ruiz Ortiz,Otro,18-22,4,5,2,4,5,2,3,4,3,5,4,4,2,4,3,4,2,5,5,5,3,2,2,3,0,-3,-6,0,ENFJ
2026-07-18T18:03:58.762000+00:00,Victoria Moreno Gutierrez,Femenino,23-27,4,4,5,5,4,1,4,1,2,3,3,3,1,3,4,1,3,3,4,3,5,2,5,2,3,2,1,7,ESTJ
2026-07-26T08:37:01.471000+00:00,Sebastian Cruz Castro,Masculino,18-22,4,3,2,4,2,4,4,3,4,4,3,3,3,4,4,4,2,4,3,3,2,5,5,1,-3,1,-3,1,ISFJ
2026-07-20T08:04:25.399000+00:00,Matias Ramos Soto,Masculino,18-22,5,4,5,2,3,4,3,2,2,2,4,4,1,4,3,5,5,1,4,1,4,4,4,1,3,1,-1,6,ESFJ
2026-07-24T01:49:27.487000+00:00,Samantha Moreno Hernandez,Femenino,18-22,2,1,3,2,4,2,2,2,5,2,3,4,3,3,4,1,3,2,5,3,5,1,5,1,4,2,4,10,ESTJ
2026-07-17T18:58:30.977000+00:00,Fernanda Vega Sanchez,Masculino,18-22,2,3,4,1,4,5,3,5,5,5,2,5,5,3,2,4,1,3,5,5,5,3,5,2,1,-5,-2,5,ENFJ
2026-07-24T03:54:05.108000+00:00,Miguel Ramirez Munoz,Masculino,18-22,1,5,3,5,1,5,4,3,5,3,3,5,3,4,3,2,3,3,2,3,3,2,4,3,-10,1,0,1,ISTJ
2026-07-14T09:08:10.374000+00:00,David Mendez Fernandez,Femenino,18-22,2,1,3,2,2,1,1,2,5,4,4,3,5,2,5,3,3,1,3,5,1,2,5,1,3,1,7,1,ESTJ
2026-07-16T08:11:30.977000+00:00,Valeria Medina Garcia,Masculino,18-22,4,1,4,2,4,5,4,5,5,4,4,4,3,4,3,4,2,4,4,5,3,2,4,3,4,0,-4,1,ESFJ
2026-07-15T01:17:25.651000+00:00,Julieta Ortiz Chavez,Masculino,18-22,2,4,2,5,2,4,5,3,5,3,4,2,2,1,5,4,4,3,2,4,4,3,5,3,-7,6,3,1,ISTJ
2026-07-17T02:16:32.131000+00:00,Carlos Chavez Ruiz,Femenino,28-32,2,4,5,5,3,3,1,3,4,5,5,4,4,1,2,4,3,3,3,5,2,1,5,4,-2,-2,1,0,INTJ
2026-07-15T09:38:30.977000+00:00,Sofia Chavez Navarro,Masculino,18-22,3,2,3,2,2,5,4,4,5,3,2,4,5,2,2,4,2,3,5,4,3,3,5,2,-1,0,0,4,ISTJ
2026-07-22T14:40:59.501000+00:00,Mateo Romero Salazar,Femenino,18-22,3,4,4,3,1,5,5,4,4,4,3,3,4,3,2,3,4,3,2,3,4,2,5,3,-4,1,1,3,ISTJ
2026-07-22T01:37:20.950000+00:00,Joaquin Guzman Jimenez,Masculino,23-27,1,4,3,5,4,4,4,1,5,3,4,5,5,5,3,1,1,5,1,5,1,1,3,4,-5,4,-2,-5,ISFP
2026-07-15T09:45:58.762000+00:00,Emilio Gomez Castro,Femenino,23-27,5,4,3,5,4,1,4,1,3,3,4,2,2,3,4,2,3,2,5,3,3,4,3,1,2,5,2,3,ESTJ
2026-07-26T11:43:37.003000+00:00,Emilia Jimenez Jimenez,Femenino,33+,3,4,1,5,1,3,4,2,3,1,3,2,5,2,4,4,5,3,5,2,4,4,5,3,-7,5,5,5,ISTJ
2026-07-25T22:35:38.529000+00:00,Andrea Mendez Garcia,Otro,18-22,4,5,4,5,5,3,4,4,4,5,5,4,3,5,3,4,2,3,3,4,2,1,3,4,0,0,-4,-1,ESFP
2026-07-23T06:54:38.529000+00:00,Ximena Maldonado Soto,Otro,18-22,3,4,3,5,5,2,4,5,5,5,3,3,2,4,4,3,4,5,5,4,3,1,2,3,0,-1,-2,2,ENFJ
2026-07-18T16:11:25.399000+00:00,Fernando Mendoza Rojas,Masculino,18-22,4,2,5,2,2,4,3,1,4,1,2,3,2,5,4,4,3,2,5,2,4,2,4,1,3,4,-2,8,ESFJ
2026-07-25T21:45:56.881000+00:00,Valeria Vargas Aguilar,Femenino,18-22,5,4,3,4,5,4,2,2,5,2,3,2,2,1,5,2,3,2,2,2,4,4,3,3,1,4,5,0,ESTJ
2026-07-18T00:41:25.399000+00:00,Eduardo Gutierrez Perez,Masculino,18-22,4,3,4,3,1,4,2,1,2,1,4,4,1,5,4,3,3,2,5,2,4,2,3,3,-1,2,-2,5,ISFJ
2026-07-14T19:03:15.831000+00:00,Emilia Pena Rivera,Masculino,18-22,3,5,3,5,1,5,3,4,3,4,5,4,1,5,4,5,5,3,1,4,4,5,2,5,-8,-1,-3,-7,INFP
2026-07-14T14:01:15.831000+00:00,Regina Maldonado Maldonado,Masculino,18-22,1,5,2,4,1,5,2,4,5,5,3,4,3,3,4,5,4,4,2,3,3,5,2,5,-10,-3,-1,-6,INFP
2026-07-15T09:24:40.939000+00:00,Luis Reyes Lopez,Masculino,18-22,2,4,1,5,3,5,1,4,5,2,5,4,3,4,4,5,2,3,4,3,2,1,3,1,-8,1,-3,4,ISFJ
2026-07-24T19:17:04.989000+00:00,Valentina Gonzalez Ortiz,Femenino,18-22,2,3,1,3,5,5,4,5,4,5,1,5,3,2,5,4,1,2,5,3,3,2,5,1,-3,-6,1,7,INTJ
2026-07-14T20:26:25.399000+00:00,Luciana Ramirez Hernandez,Masculino,18-22,5,4,5,3,1,5,2,1,3,2,2,3,2,4,3,4,5,1,4,1,4,4,3,1,-1,1,1,5,ISTJ
2026-07-20T20:21:48.826000+00:00,Tomas Gomez Perez,Femenino,18-22,3,4,2,5,1,3,3,4,3,3,4,1,4,3,3,2,5,1,4,1,5,2,3,3,-6,2,6,6,ISTJ
2026-07-25T23:12:09.634000+00:00,Renata Mendez Gomez,Masculino,23-27,4,3,3,4,2,3,3,3,3,3,4,4,2,2,5,2,4,3,4,3,3,2,4,3,-1,0,4,3,ISTJ
2026-07-17T15:46:34.267000+00:00,Isabella Romero Acosta,Femenino,18-22,3,5,1,2,3,5,4,2,3,2,4,2,4,1,3,2,3,2,5,3,4,1,5,1,-5,5,5,9,ISTJ
2026-07-19T18:22:10.374000+00:00,Nicolas Gomez Munoz,Femenino,18-22,3,1,3,3,4,1,1,2,4,4,4,3,5,2,5,2,3,2,3,5,2,2,4,1,5,0,7,1,ESTJ
2026-07-21T11:28:59.501000+00:00,Felipe Martinez Rivera,Femenino,18-22,3,5,4,5,1,5,4,3,2,5,3,2,5,2,3,3,4,4,2,1,4,3,5,1,-7,-1,3,6,INTJ
2026-07-14T03:10:42.675000+00:00,Daniel Chavez Rojas,Femenino,18-22,4,2,2,3,2,5,3,2,5,4,3,4,4,4,4,4,2,2,3,4,2,5,4,4,-2,1,0,-4,ISTP
2026-07-15T07:46:30.977000+00:00,Antonella Vega Vargas,Masculino,18-22,4,3,2,3,4,4,5,4,5,3,3,5,5,2,3,3,2,4,5,3,5,3,3,3,0,1,1,4,ESTJ
2026-07-23T10:56:34.267000+00:00,Zoe Guzman Garcia,Femenino,18-22,1,3,1,4,3,5,5,1,3,1,2,2,4,1,4,2,4,3,5,2,4,1,5,2,-7,6,6,9,ISTJ
2026-07-21T13:51:32.753000+00:00,Renata Ortiz Salazar,Femenino,18-22,2,4,3,4,3,5,3,2,4,1,5,4,3,2,4,4,1,2,2,5,3,3,3,3,-5,5,0,-3,ISTP
2026-07-25T20:23:56.881000+00:00,Joaquin Sanchez Castillo,Femenino,18-22,5,3,3,3,5,4,2,1,5,3,3,3,3,2,3,3,4,2,2,2,4,4,2,2,3,3,3,0,ESTJ
2026-07-16T03:00:30.205000+00:00,Tomas Mendoza Acosta,Masculino,33+,3,2,4,3,1,5,5,3,2,3,5,5,4,1,4,4,5,3,5,5,3,3,3,3,-2,1,5,0,ISTJ
2026-07-23T17:07:41.266000+00:00,Juan Cruz Acosta,Masculino,18-22,3,4,3,5,2,5,3,4,3,3,4,2,1,5,4,4,2,5,3,3,4,3,4,2,-6,1,-7,3,ISFJ
2026-07-15T04:03:42.675000+00:00,Ana Delgado Soto,Femenino,18-22,2,2,4,3,3,5,2,2,5,3,3,3,5,5,3,3,4,3,1,5,4,5,4,4,-1,2,1,-5,ISTP
2026-07-16T02:25:27.487000+00:00,Sofia Navarro Hernandez,Femenino,18-22,3,2,5,2,5,4,4,3,4,2,4,4,2,4,5,3,4,4,5,2,3,1,5,1,5,3,0,9,ESTJ
2026-07-21T11:04:30.977000+00:00,Tomas Soto Torres,Masculino,18-22,3,2,4,3,2,5,4,5,4,3,4,5,4,2,4,4,1,4,5,5,5,1,4,3,-1,-1,-1,5,INFJ
2026-07-16T16:38:11.216000+00:00,Miguel Torres Rojas,Masculino,18-22,4,2,2,5,1,5,3,4,5,3,3,2,4,2,4,2,5,1,4,3,2,5,5,3,-5,2,8,0,ISTJ
2026-07-26T07:53:30.205000+00:00,Emilio Munoz Gutierrez,Masculino,33+,1,2,5,5,1,5,4,2,2,5,4,4,3,3,3,3,3,1,4,5,4,2,4,2,-5,-1,2,3,INTJ
2026-07-15T17:57:30.977000+00:00,Isabella Gutierrez Rojas,Masculino,18-22,4,3,2,1,3,5,5,5,4,5,3,4,4,4,3,4,1,3,5,4,4,1,3,2,0,-2,-3,5,ENFJ
2026-07-20T16:33:22.619000+00:00,Natalia Fernandez Ruiz,Otro,18-22,1,4,2,5,3,4,4,4,3,5,4,5,3,4,4,5,1,3,2,5,3,4,3,3,-7,-3,-4,-4,INFP
2026-07-18T07:39:51.949000+00:00,Juan Delgado Reyes,Femenino,18-22,3,5,3,5,1,5,5,3,4,1,3,1,2,1,5,4,1,1,5,3,5,1,4,2,-8,7,2,8,ISTJ
2026-07-16T15:37:20.950000+00:00,Camila Perez Salazar,Masculino,23-27,2,5,4,5,4,4,5,3,5,3,5,5,5,5,2,2,1,5,1,5,1,1,3,5,-4,4,-4,-6,ISFP
2026-07-18T16:51:17.020000+00:00,Mia Navarro Medina,Femenino,18-22,2,4,5,2,5,4,4,4,3,2,3,3,3,2,5,2,3,3,4,1,3,4,5,1,2,1,4,6,ESTJ
2026-07-19T03:33:10.723000+00:00,Ximena Hernandez Maldonado,Masculino,18-22,2,5,5,5,1,4,4,4,4,5,1,3,5,1,4,2,5,1,4,2,5,3,5,3,-6,-3,10,6,INTJ
2026-07-11T20:35:17.020000+00:00,Nicolas Lopez Ramirez,Femenino,18-22,3,3,5,3,5,4,3,3,5,3,4,3,3,1,5,2,4,5,4,2,3,4,4,1,3,3,4,4,ESTJ
2026-07-16T19:07:30.977000+00:00,Tomas Alvarez Herrera,Masculino,18-22,3,2,2,3,4,5,3,4,5,4,2,5,5,2,2,3,3,3,5,5,5,2,4,2,-1,-3,2,5,INTJ
2026-07-16T00:02:32.944000+00:00,Zoe Flores Vargas,Masculino,18-22,4,5,2,5,2,5,5,2,4,2,2,5,2,4,2,4,2,5,3,3,2,2,3,5,-7,2,-7,-2,ISFP
2026-07-20T21:22:27.487000+00:00,Renata Delgado Delgado,Femenino,18-22,3,2,4,1,5,4,4,2,5,3,5,2,3,5,5,3,5,3,5,3,5,1,5,1,5,7,2,10,ESTJ
2026-07-12T11:13:53.029000+00:00,Zoe Ruiz Ramirez,Masculino,18-22,3,3,5,1,2,2,2,3,4,3,1,4,3,3,3,3,4,3,3,3,3,1,2,5,4,-3,1,-1,ENTP
2026-07-17T19:53:09.573000+00:00,Elena Perez Gutierrez,Masculino,18-22,5,4,1,2,1,4,3,4,4,4,4,4,5,5,3,3,3,3,4,4,5,4,4,3,-3,-1,0,2,INTJ
2026-07-26T04:36:59.501000+00:00,Zoe Silva Herrera,Femenino,18-22,4,4,2,4,1,5,5,2,2,5,5,2,4,3,4,4,5,3,1,2,3,2,5,1,-6,3,3,4,ISTJ
2026-07-13T21:45:41.266000+00:00,Fernanda Ramos Ramirez,Masculino,18-22,2,4,3,5,1,4,2,5,5,2,4,2,2,4,4,4,2,4,5,5,5,3,4,3,-7,2,-4,3,ISFJ
2026-07-21T02:20:18.617000+00:00,Renata Aguilar Rios,Masculino,18-22,4,4,4,4,2,3,3,3,2,5,4,3,2,3,4,4,5,2,2,3,2,4,3,3,-1,-2,2,-3,INTP
2026-07-18T01:08:17.004000+00:00,Sara Ortiz Morales,Masculino,18-22,4,5,4,5,3,4,5,3,5,5,5,5,2,5,3,3,3,5,5,5,5,1,4,5,-3,2,-5,3,ISFJ
2026-07-22T15:49:34.267000+00:00,Martina Rios Pena,Femenino,18-22,2,4,2,2,2,5,5,3,3,1,4,1,3,2,2,1,5,4,4,3,4,1,5,1,-5,7,3,8,ISTJ
2026-07-16T13:46:10.374000+00:00,Emilia Ramirez Gomez,Femenino,18-22,4,1,4,2,2,1,1,3,5,3,5,1,3,2,5,3,5,2,5,4,1,2,5,1,6,4,6,4,ESTJ
2026-07-17T06:37:42.675000+00:00,Regina Ramos Rivera,Femenino,18-22,2,4,3,2,2,4,3,1,4,3,4,3,4,4,2,3,3,4,2,4,2,4,3,5,-3,4,-2,-6,ISFP
2026-07-16T04:13:48.826000+00:00,Jorge Alvarez Pena,Femenino,18-22,2,4,1,5,2,3,3,3,5,1,5,3,2,3,4,4,4,2,4,3,4,3,4,2,-7,6,1,4,ISTJ
2026-07-21T11:13:10.723000+00:00,Diego Delgado Chavez,Masculino,18-22,3,5,5,5,1,5,4,5,5,4,2,5,4,2,5,1,4,1,5,2,5,4,4,2,-6,-3,9,6,INTJ
2026-07-22T19:39:42.675000+00:00,Paulina Guzman Mendoza,Femenino,18-22,3,4,2,4,3,4,2,2,4,4,4,3,5,5,4,5,2,2,1,5,4,5,5,4,-4,1,-1,-4,ISFP
2026-07-17T17:30:59.501000+00:00,Renata Vargas Vasquez,Femenino,18-22,5,4,2,5,1,5,5,2,3,5,3,2,5,2,4,3,4,4,2,1,4,2,5,3,-6,2,4,5,ISTJ
2026-07-19T18:09:22.619000+00:00,Mariana Munoz Flores,Otro,18-22,1,3,3,4,4,5,3,4,4,4,4,3,2,3,4,3,1,5,4,5,5,3,4,3,-4,0,-4,2,ISFJ
2026-07-14T03:14:43.226000+00:00,Andres Herrera Diaz,Masculino,18-22,2,5,1,4,2,4,1,3,4,3,3,5,4,5,3,5,3,3,5,4,5,1,5,5,-8,-3,-3,5,INFJ
2026-07-16T19:39:18.617000+00:00,Renata Rios Guzman,Masculino,18-22,3,5,4,4,3,4,3,4,2,4,4,5,4,3,5,2,5,4,2,2,2,2,4,4,-3,-4,5,0,INTJ
2026-07-11T17:28:20.950000+00:00,Camila Jimenez Fernandez,Masculino,23-27,1,4,3,4,3,5,5,2,5,2,5,5,5,5,1,2,2,4,1,4,2,2,3,5,-6,6,-3,-5,ISFP
2026-07-24T18:47:30.205000+00:00,Julieta Alvarez Rios,Masculino,33+,2,1,5,5,1,3,3,2,2,4,5,5,4,1,3,5,5,2,5,5,4,2,4,2,-1,-1,4,4,INTJ
2026-07-21T15:09:09.573000+00:00,Felipe Medina Salazar,Masculino,18-22,4,4,3,3,1,3,3,4,5,3,3,5,3,3,4,3,3,3,5,4,5,5,4,4,-2,-1,1,1,INTJ
2026-07-25T02:07:25.399000+00:00,Natalia Perez Fernandez,Masculino,18-22,5,3,5,2,1,5,4,1,2,2,2,2,1,4,4,5,4,3,5,1,5,2,4,1,1,3,-3,10,ESFJ
2026-07-27T01:56:25.399000+00:00,Miguel Mendez Munoz,Masculino,18-22,5,3,4,3,3,3,3,1,4,2,2,3,1,5,3,3,5,1,5,1,4,4,3,2,3,3,0,5,ESTJ
2026-07-18T17:44:41.266000+00:00,Tomas Acosta Castillo,Masculino,18-22,4,3,3,5,2,4,2,5,5,3,3,2,2,4,4,5,2,5,5,5,4,2,4,4,-3,0,-6,2,ISFJ
2026-07-17T05:48:41.266000+00:00,Gabriel Fernandez Castillo,Masculino,18-22,4,3,2,5,2,5,4,3,3,4,2,4,2,3,2,5,1,4,3,4,3,1,4,4,-5,-2,-7,1,INFJ
2026-07-24T23:37:20.203000+00:00,Emilio Vargas Cruz,Femenino,18-22,3,5,4,4,2,5,2,3,4,5,3,5,2,5,3,3,3,4,3,2,4,3,3,4,-5,-4,-4,1,INFJ
2026-07-21T10:27:06.193000+00:00,Valeria Ramirez Pena,Femenino,18-22,4,4,1,1,1,3,3,3,3,2,3,2,2,5,5,3,4,4,3,4,5,3,3,2,-2,2,-1,2,ISFJ
2026-07-25T12:29:30.205000+00:00,Samuel Chavez Rios,Masculino,33+,3,1,5,3,2,3,5,4,2,5,4,5,3,2,4,4,3,3,5,3,4,3,3,2,3,-3,1,4,ENTJ
2026-07-16T22:18:10.723000+00:00,Luis Lopez Reyes,Masculino,18-22,3,4,5,5,1,5,4,4,5,5,1,4,4,2,5,1,5,2,5,1,5,3,4,4,-5,-3,9,6,INTJ
2026-07-16T19:54:28.818000+00:00,Miguel Mendoza Vargas,Masculino,18-22,4,5,4,1,2,1,4,2,3,2,5,2,5,1,5,3,3,3,5,1,3,3,3,3,3,6,6,4,ESTJ
2026-07-15T23:43:12.944000+00:00,Gabriel Ramirez Jimenez,Masculino,18-22,4,5,5,3,4,5,5,2,4,3,5,5,2,5,5,5,4,4,5,3,4,4,4,1,0,4,-3,5,ESFJ
2026-07-15T13:38:17.020000+00:00,Paulina Herrera Pena,Femenino,18-22,3,4,4,2,5,2,4,5,3,3,4,3,3,3,5,1,3,4,4,2,4,3,5,1,4,0,3,7,ESTJ
2026-07-27T07:19:38.529000+00:00,David Castillo Garcia,Otro,18-22,2,4,2,5,4,3,3,5,4,5,5,3,2,4,3,5,3,5,3,4,4,2,4,4,-4,-1,-6,1,INFJ
2026-07-15T08:25:27.487000+00:00,Martina Guzman Rivera,Femenino,18-22,2,3,5,1,5,4,3,2,5,4,5,4,2,5,5,3,3,2,4,2,4,2,5,3,4,3,0,6,ESTJ
2026-07-16T00:38:15.831000+00:00,Valentina Reyes Navarro,Masculino,18-22,3,4,1,5,1,5,3,3,5,3,3,3,2,3,3,4,3,5,2,4,4,5,4,5,-9,2,-4,-4,ISFP
2026-07-17T15:46:48.826000+00:00,Daniel Castro Torres,Femenino,18-22,4,5,1,5,3,5,2,3,4,1,5,3,4,5,2,4,5,1,3,2,4,2,3,1,-7,4,1,5,ISTJ
2026-07-26T07:04:05.108000+00:00,Andres Rivera Flores,Masculino,18-22,2,5,3,5,1,5,4,1,5,1,4,3,3,4,4,4,3,5,4,2,5,4,4,3,-9,8,-3,4,ISFJ
2026-07-27T01:35:59.501000+00:00,Carlos Torres Ortiz,Femenino,18-22,4,4,3,4,1,5,5,3,4,3,4,2,4,3,3,4,5,3,3,3,2,3,5,1,-5,5,2,3,ISTJ
2026-07-23T02:39:20.203000+00:00,Tomas Rojas Maldonado,Femenino,18-22,4,5,4,3,1,4,2,4,3,3,4,3,4,4,4,2,3,3,5,1,4,1,3,2,-3,-1,2,8,INTJ
2026-07-22T05:36:58.565000+00:00,Martina Rios Chavez,Femenino,33+,3,5,4,4,1,5,4,3,1,2,5,4,3,3,3,4,4,3,3,5,4,5,3,5,-6,1,0,-5,ISTP
2026-07-26T05:44:06.193000+00:00,David Alvarez Castillo,Femenino,18-22,3,3,1,2,2,4,4,2,4,3,2,1,2,4,5,4,4,3,4,2,4,3,3,3,-3,4,0,3,ISTJ
2026-07-19T15:05:43.226000+00:00,Paulina Morales Rodriguez,Masculino,18-22,1,4,2,5,1,4,1,3,5,4,2,5,5,4,3,5,3,3,5,5,5,1,5,5,-9,-4,-1,4,INFJ
2026-07-24T16:42:20.203000+00:00,Carlos Aguilar Aguilar,Femenino,18-22,2,5,3,3,1,3,3,3,5,5,2,3,3,3,2,2,4,4,5,3,4,2,2,3,-5,-1,0,3,INTJ
2026-07-12T12:32:53.029000+00:00,Camila Aguilar Rodriguez,Masculino,18-22,2,2,4,1,3,2,3,3,2,3,3,3,3,3,4,4,4,3,2,3,3,1,4,5,4,-1,1,0,ENTJ
2026-07-26T23:45:38.529000+00:00,Mia Cruz Vega,Otro,18-22,3,3,4,5,3,3,3,4,5,4,3,3,2,4,3,5,3,3,3,3,3,2,4,4,-1,0,-4,1,ISFJ
2026-07-12T19:56:11.506000+00:00,Mariana Navarro Lopez,Masculino,18-22,3,1,1,4,3,4,3,3,3,5,2,5,1,4,3,4,5,3,2,2,5,5,5,1,-2,-5,-2,4,INFJ
2026-07-22T07:50:25.651000+00:00,Sebastian Sanchez Navarro,Masculino,18-22,4,3,1,5,1,5,3,3,5,3,4,3,2,3,3,4,3,4,3,2,4,4,5,3,-7,3,-3,3,ISFJ
2026-07-25T19:57:30.977000+00:00,Mia Herrera Pena,Masculino,18-22,4,2,2,2,2,5,3,4,5,5,2,4,3,2,2,4,1,3,5,3,3,2,3,2,-1,-3,-3,4,INFJ
2026-07-27T19:44:59.501000+00:00,Nicolas Vargas Gutierrez,Femenino,18-22,4,4,2,4,2,5,5,2,3,4,5,2,4,3,4,4,5,3,2,1,4,2,5,1,-5,5,3,7,ISTJ
2026-07-18T10:28:38.529000+00:00,Elena Cruz Guzman,Otro,18-22,4,5,2,5,3,3,4,5,3,4,5,4,2,5,3,4,2,5,3,4,2,3,3,2,-4,-1,-7,-1,INFP
2026-07-24T17:52:06.193000+00:00,Felipe Rojas Diaz,Femenino,18-22,4,4,2,1,1,5,4,2,4,4,2,1,1,5,3,2,2,2,4,4,5,1,3,1,-3,3,-3,6,ISFJ
2026-07-19T17:00:43.226000+00:00,Joaquin Aguilar Guzman,Masculino,18-22,1,4,2,5,2,5,3,3,5,5,2,5,4,5,2,5,3,3,5,5,5,1,4,5,-9,-3,-4,3,INFJ
2026-07-21T06:01:03.277000+00:00,Fernando Ruiz Guzman,Masculino,18-22,2,5,3,3,2,4,4,5,5,4,4,4,1,5,2,4,4,3,3,1,3,2,1,2,-5,0,-5,2,ISFJ
2026-07-26T03:08:41.266000+00:00,Tomas Torres Chavez,Masculino,18-22,2,5,3,4,1,5,3,5,4,2,4,3,1,3,3,5,3,4,3,3,3,2,5,4,-8,1,-5,2,ISFJ
2026-07-19T15:55:17.433000+00:00,Daniel Castillo Ortiz,Masculino,18-22,4,2,5,5,3,1,2,3,4,1,5,4,1,1,2,1,5,2,3,5,1,5,3,5,4,3,4,-8,ESTP
2026-07-24T02:46:22.619000+00:00,Nicolas Rojas Pena,Otro,18-22,1,4,3,5,3,5,2,4,2,5,3,3,4,4,3,3,2,4,4,4,5,2,5,4,-7,-5,-2,4,INFJ
2026-07-15T07:10:10.723000+00:00,Matias Salazar Garcia,Masculino,18-22,2,5,4,4,1,5,5,5,5,5,1,5,5,1,5,1,5,1,4,1,5,3,5,3,-7,-4,12,7,INTJ
2026-07-21T08:07:11.216000+00:00,Camila Reyes Vega,Masculino,18-22,4,3,4,5,2,4,3,4,5,1,3,1,3,4,5,1,5,3,2,3,3,5,3,4,-2,5,5,-4,ISTP
2026-07-22T03:54:48.826000+00:00,Diego Soto Fernandez,Femenino,18-22,4,4,1,5,1,4,4,2,5,3,4,3,2,3,4,2,5,2,4,3,3,1,4,3,-7,5,4,4,ISTJ
2026-07-17T06:01:09.634000+00:00,Victoria Silva Mendez,Masculino,23-27,4,4,4,3,1,4,3,1,4,2,3,5,2,4,5,4,2,3,3,3,3,1,2,2,-2,2,-2,2,ISFJ
2026-07-23T18:06:23.103000+00:00,Renata Gomez Torres,Masculino,18-22,5,2,2,2,5,5,2,2,2,4,1,3,4,1,4,3,5,2,4,4,4,2,5,5,3,-4,7,2,ENTJ
2026-07-15T04:39:15.976000+00:00,Emilia Ortiz Ramirez,Femenino,18-22,3,3,1,1,1,2,2,2,5,1,3,4,5,2,5,4,4,2,2,2,5,1,5,1,-1,3,6,8,ISTJ
2026-07-15T17:37:09.573000+00:00,Joaquin Torres Mendoza,Masculino,18-22,3,4,1,1,1,5,4,4,5,5,4,5,4,5,4,3,3,4,5,5,4,5,5,3,-5,-1,-1,1,INFJ
2026-07-22T03:37:48.855000+00:00,Mia Gutierrez Hernandez,Femenino,18-22,5,4,3,4,3,5,3,4,4,5,1,3,1,4,3,4,1,5,1,3,5,5,1,5,-2,-4,-8,-6,INFP
2026-07-26T20:20:32.944000+00:00,Eduardo Gutierrez Maldonado,Masculino,18-22,4,5,1,4,1,5,5,2,3,4,3,4,3,3,3,3,2,3,3,3,1,2,4,5,-8,1,-1,-2,ISFP
2026-07-27T11:32:25.399000+00:00,Fernanda Vargas Castro,Masculino,18-22,5,3,5,3,3,3,2,2,3,1,2,2,1,4,3,5,4,3,5,2,5,3,3,2,4,2,-4,6,ESFJ
2026-07-21T01:46:42.675000+00:00,Fernanda Soto Ruiz,Femenino,18-22,2,2,3,4,2,5,2,3,5,4,3,4,4,4,4,3,3,3,1,4,3,4,4,4,-4,-1,1,-4,INTP
2026-07-22T11:04:58.762000+00:00,Isabella Morales Sanchez,Femenino,23-27,5,4,4,5,4,2,4,1,2,2,2,2,2,5,5,2,4,2,4,2,5,4,4,2,2,3,2,5,ESTJ
2026-07-21T17:52:38.529000+00:00,David Rojas Guzman,Otro,18-22,3,3,4,5,4,2,2,4,5,5,3,4,3,5,4,5,2,3,5,3,4,3,3,4,1,-3,-4,2,ENFJ
2026-07-22T15:19:58.085000+00:00,Luis Moreno Alvarez,Masculino,18-22,4,4,5,3,1,2,5,4,5,5,5,3,3,5,5,4,4,5,3,5,4,1,4,2,1,3,-2,3,ESFJ
2026-07-23T08:05:51.949000+00:00,Emilio Salazar Ramirez,Femenino,18-22,3,5,2,5,1,5,4,3,4,2,5,1,1,1,4,4,1,2,4,5,5,1,5,1,-9,7,-1,7,ISFJ
2026-07-12T08:26:12.944000+00:00,Nicolas Flores Vega,Masculino,18-22,4,3,4,3,3,5,5,1,4,1,5,3,2,5,5,3,5,4,4,1,4,5,4,1,0,9,0,5,ESTJ
2026-07-16T12:31:05.108000+00:00,Carlos Aguilar Gutierrez,Masculino,18-22,1,5,4,4,1,5,3,1,5,3,2,4,4,4,4,2,5,3,3,4,4,4,3,1,-8,2,4,1,ISTJ
2026-07-17T15:33:17.161000+00:00,Julieta Gutierrez Cruz,Masculino,18-22,1,5,4,5,2,5,2,3,3,5,2,3,4,5,1,3,2,4,4,5,5,2,4,5,-8,-4,-5,1,INFJ
2026-07-24T22:33:58.565000+00:00,Mateo Aguilar Soto,Femenino,33+,2,4,3,4,2,5,5,3,2,1,5,4,3,2,5,3,3,2,4,4,5,3,3,4,-6,4,4,1,ISTJ
2026-07-14T13:01:11.216000+00:00,Emilia Pena Jimenez,Masculino,18-22,4,4,3,5,3,5,4,4,5,1,4,1,2,2,5,3,3,1,2,2,2,4,3,2,-4,7,4,-1,ISTP
2026-07-19T13:55:04.462000+00:00,Andres Gonzalez Rios,Masculino,23-27,5,2,4,3,4,2,3,3,3,3,2,4,2,1,5,1,2,3,3,5,2,1,5,5,6,-2,4,-1,ENTP
2026-07-22T13:59:20.203000+00:00,Martina Cruz Romero,Femenino,18-22,2,5,2,3,3,5,2,3,4,3,3,3,2,3,2,4,4,4,3,2,3,1,3,2,-6,0,-3,4,ISFJ
2026-07-14T23:36:58.565000+00:00,Daniel Pena Guzman,Femenino,33+,1,5,4,5,1,5,4,3,1,1,5,3,4,4,5,3,2,4,4,4,5,4,3,3,-9,3,0,1,ISTJ
2026-07-22T21:51:41.266000+00:00,Nicolas Ruiz Ortiz,Masculino,18-22,3,5,2,5,1,5,4,3,3,3,3,3,1,4,3,5,3,4,3,4,3,2,5,4,-9,1,-6,1,ISFJ
2026-07-27T05:00:32.944000+00:00,Victoria Reyes Soto,Masculino,18-22,3,5,1,4,1,4,5,2,3,3,4,4,3,4,3,2,2,3,4,3,3,2,3,4,-8,3,-1,1,ISFJ
2026-07-25T21:41:05.108000+00:00,Isabella Medina Navarro,Masculino,18-22,1,5,4,5,2,4,3,1,4,2,3,4,4,3,2,2,4,4,2,3,5,4,5,2,-7,3,1,3,ISTJ
2026-07-21T06:28:17.161000+00:00,Leonardo Martinez Castillo,Masculino,18-22,2,3,5,5,3,3,1,4,3,5,1,5,4,4,3,4,3,3,3,5,4,2,3,5,-1,-9,-1,-2,INFP
2026-07-17T04:27:32.944000+00:00,Joaquin Chavez Silva,Masculino,18-22,2,4,2,4,2,5,5,2,3,2,2,5,2,4,2,2,3,5,4,2,2,3,4,5,-7,1,-4,0,ISFJ
2026-07-17T19:06:25.399000+00:00,Nicolas Mendez Silva,Masculino,18-22,5,2,5,3,3,4,3,1,2,1,2,4,2,5,2,4,5,1,4,1,5,3,3,3,4,1,-1,5,ESFJ
2026-07-16T11:52:38.529000+00:00,Mariana Herrera Rodriguez,Otro,18-22,3,3,3,5,4,2,4,4,3,4,3,4,3,4,5,5,2,5,3,3,3,3,4,3,0,-2,-4,1,ENFJ
2026-07-22T08:11:10.374000+00:00,Gabriel Garcia Castillo,Femenino,18-22,2,2,4,3,3,1,1,2,4,3,5,2,3,2,4,3,5,2,5,5,1,2,5,1,3,3,5,3,ESTJ
2026-07-23T00:07:04.462000+00:00,Mateo Vasquez Vega,Masculino,23-27,3,2,4,5,3,1,3,5,3,2,1,4,3,1,3,1,4,3,3,5,3,1,4,5,2,-4,5,-1,ENTP
2026-07-27T07:30:59.501000+00:00,Sofia Perez Romero,Femenino,18-22,4,3,4,3,2,4,5,3,2,5,3,3,5,3,3,2,4,3,1,2,2,2,5,3,0,-1,4,1,ENTJ
2026-07-14T05:49:48.855000+00:00,Luis Chavez Moreno,Femenino,18-22,3,5,4,5,2,4,1,4,5,3,1,5,1,5,2,5,1,4,3,3,4,5,1,4,-5,-5,-10,-4,INFP
2026-07-16T17:07:37.003000+00:00,Jorge Silva Gutierrez,Femenino,33+,3,4,1,5,2,2,4,3,2,2,5,2,3,4,3,4,4,2,5,2,3,4,5,4,-5,4,0,3,ISTJ
2026-07-17T07:16:48.855000+00:00,Valeria Alvarez Sanchez,Femenino,18-22,4,5,3,4,4,5,3,3,5,4,2,4,2,4,3,4,2,4,2,2,5,4,1,4,-3,-1,-5,-2,INFP
2026-07-20T21:50:17.020000+00:00,Sara Castro Alvarez,Femenino,18-22,2,4,5,3,5,2,4,4,3,2,4,2,2,3,5,1,4,3,5,3,3,4,5,1,3,3,4,5,ESTJ
2026-07-23T09:00:34.267000+00:00,Valeria Silva Gutierrez,Femenino,18-22,1,5,1,3,1,5,5,2,3,2,4,2,4,1,4,1,5,3,4,3,2,1,5,3,-10,6,8,4,ISTJ
2026-07-25T08:08:37.003000+00:00,Paulina Vargas Sanchez,Femenino,33+,4,4,2,5,3,2,5,3,2,2,4,4,3,4,3,3,3,4,5,3,5,3,4,3,-2,2,-2,5,ISFJ
2026-07-18T02:34:20.203000+00:00,Daniel Morales Jimenez,Femenino,18-22,4,5,4,2,3,4,1,4,4,5,4,3,3,4,2,2,4,2,3,1,3,2,2,3,0,-3,1,2,ENTJ
2026-07-21T17:33:58.085000+00:00,Tomas Castillo Maldonado,Masculino,18-22,2,5,5,2,1,1,4,3,4,4,3,3,2,5,5,4,5,5,5,5,2,2,5,1,0,1,-2,4,ESFJ
2026-07-15T02:19:20.671000+00:00,Julieta Chavez Flores,Femenino,18-22,1,1,5,1,4,1,4,1,3,1,3,4,1,3,4,5,3,4,5,5,5,1,4,2,7,4,-4,6,ESFJ
2026-07-20T04:39:34.267000+00:00,Camila Navarro Moreno,Femenino,18-22,3,5,1,3,1,4,5,3,5,1,3,2,4,1,2,2,5,2,5,2,2,1,5,1,-7,7,6,8,ISTJ
2026-07-24T21:27:25.651000+00:00,David Gomez Rojas,Masculino,18-22,2,4,3,3,2,4,3,3,5,1,4,4,3,1,5,5,4,5,3,2,5,4,5,1,-4,4,1,6,ISTJ
2026-07-20T20:44:20.203000+00:00,Sebastian Maldonado Guzman,Femenino,18-22,4,5,3,3,2,3,2,3,3,3,4,5,4,3,3,3,2,2,4,1,5,2,2,2,-2,-2,1,6,INTJ
2026-07-23T07:17:12.944000+00:00,Joaquin Torres Lopez,Masculino,18-22,5,4,5,4,3,5,4,1,4,2,5,3,2,4,5,3,4,5,5,3,5,4,5,1,0,7,-1,7,ESFJ
2026-07-23T11:25:27.487000+00:00,Sara Guerrero Torres,Femenino,18-22,4,2,4,1,5,2,4,1,5,3,3,4,2,5,5,1,3,2,4,2,4,2,4,1,8,4,2,7,ESTJ
2026-07-16T00:04:20.950000+00:00,Mia Guzman Ortiz,Masculino,23-27,3,4,3,5,4,5,5,1,5,3,4,4,5,5,3,1,1,4,2,5,1,1,3,5,-4,6,-1,-5,ISFP
2026-07-23T06:27:04.989000+00:00,Alejandro Cruz Diaz,Femenino,18-22,4,4,1,3,5,5,3,5,3,4,3,3,3,3,4,3,1,3,5,1,3,3,4,2,-2,-3,-1,6,INFJ
2026-07-12T21:36:11.506000+00:00,Alejandro Ortiz Torres,Masculino,18-22,1,1,1,5,2,4,2,4,3,5,1,5,2,4,2,3,5,1,3,1,5,5,5,1,-6,-8,1,6,INTJ
2026-07-23T21:31:30.205000+00:00,Valeria Maldonado Ramos,Masculino,33+,3,1,5,5,2,3,5,2,1,4,5,5,5,3,5,5,5,2,3,5,3,2,3,3,1,0,5,-1,ESTP
2026-07-26T07:51:38.572000+00:00,Antonella Acosta Chavez,Masculino,18-22,3,3,4,2,2,5,3,4,5,2,5,3,5,4,5,4,4,4,2,3,4,3,3,1,-1,4,2,2,ISTJ
2026-07-22T23:03:30.205000+00:00,Valentina Pena Reyes,Masculino,33+,2,1,5,3,1,5,5,3,2,3,4,4,3,3,3,5,5,2,3,5,2,1,4,1,-1,1,1,2,ISTJ
2026-07-15T04:21:32.131000+00:00,Leonardo Acosta Guzman,Femenino,28-32,3,5,5,5,4,2,1,4,4,4,5,2,3,2,2,2,4,4,3,5,1,1,5,3,0,0,1,0,ESTJ
2026-07-23T11:44:06.193000+00:00,Joaquin Navarro Alvarez,Femenino,18-22,2,4,1,3,2,5,2,1,3,2,3,3,1,3,4,3,3,3,3,4,3,2,3,3,-7,2,-1,0,ISFJ
2026-07-14T18:00:03.277000+00:00,Luis Gomez Moreno,Masculino,18-22,3,5,5,3,2,5,4,5,3,4,4,5,3,5,1,5,4,4,1,1,4,2,1,1,-3,-3,-6,2,INFJ
2026-07-14T10:06:25.399000+00:00,Sebastian Reyes Ramirez,Masculino,18-22,4,3,4,3,1,5,2,1,2,2,2,3,1,5,2,5,4,3,4,1,5,4,4,2,-2,0,-6,6,ISFJ
2026-07-16T15:10:32.944000+00:00,Santiago Acosta Munoz,Masculino,18-22,3,5,2,5,1,5,4,2,4,2,4,5,3,4,1,3,2,5,4,3,1,1,4,4,-9,3,-6,1,ISFJ
2026-07-23T13:28:17.004000+00:00,Victoria Acosta Ruiz,Masculino,18-22,3,5,3,4,1,4,3,3,4,4,3,5,1,4,2,5,2,4,4,3,5,1,5,5,-6,-2,-8,5,INFJ
2026-07-25T01:48:25.651000+00:00,Fernanda Flores Moreno,Masculino,18-22,4,5,1,4,1,5,5,1,5,1,4,2,2,2,4,3,5,5,2,2,3,4,4,2,-8,10,1,1,ISTJ
2026-07-23T01:50:04.989000+00:00,Luciana Maldonado Munoz,Femenino,18-22,4,4,1,2,5,5,2,5,5,4,1,4,1,2,3,3,1,3,4,3,3,3,5,1,-1,-5,-3,5,INFJ
2026-07-14T11:03:34.267000+00:00,Leonardo Fernandez Rojas,Femenino,18-22,1,3,1,4,3,4,5,3,5,1,2,3,3,1,3,1,4,2,5,2,2,1,4,1,-6,5,6,7,ISTJ
2026-07-23T04:56:15.831000+00:00,Samuel Martinez Ramos,Masculino,18-22,1,5,1,5,2,5,4,4,3,4,3,5,1,5,4,4,3,4,1,3,4,4,2,5,-11,-3,-5,-5,INFP
2026-07-27T01:10:37.003000+00:00,Emilio Aguilar Pena,Femenino,33+,4,4,1,5,3,2,5,3,2,3,5,4,3,3,5,3,4,4,5,4,3,4,3,2,-3,2,2,1,ISTJ
2026-07-18T06:49:17.004000+00:00,Emilio Guerrero Fernandez,Masculino,18-22,3,4,3,4,1,4,5,3,4,5,5,4,2,3,2,3,3,5,4,3,5,3,4,5,-5,2,-4,2,ISFJ
2026-07-27T04:45:30.977000+00:00,Tomas Soto Mendez,Masculino,18-22,4,1,3,2,3,4,5,5,5,3,4,5,4,2,3,4,1,4,5,5,4,3,3,2,3,1,-2,2,ESFJ
2026-07-14T14:44:23.103000+00:00,Victoria Vargas Torres,Masculino,18-22,4,1,3,1,4,4,2,2,1,2,1,4,4,2,5,3,4,3,4,4,4,1,4,4,5,-4,5,3,ENTJ
2026-07-19T08:56:42.675000+00:00,Gabriel Sanchez Castillo,Femenino,18-22,3,4,4,4,3,5,3,1,5,2,2,4,4,5,2,4,4,4,2,3,2,5,4,5,-3,3,-3,-5,ISFP
2026-07-15T15:23:06.193000+00:00,Leonardo Pena Acosta,Femenino,18-22,2,4,1,1,1,4,3,2,3,2,4,3,3,3,4,3,3,2,3,4,3,1,2,3,-5,3,2,0,ISTJ
2026-07-26T23:18:51.949000+00:00,Mariana Alvarez Pena,Femenino,18-22,3,5,2,5,1,4,4,2,4,1,3,1,2,1,4,4,1,1,5,4,5,2,5,3,-8,7,1,6,ISTJ
2026-07-21T21:32:20.203000+00:00,Emilio Herrera Maldonado,Femenino,18-22,4,5,4,4,3,4,3,3,5,3,3,3,4,3,3,2,2,2,4,2,3,1,3,3,-2,2,2,4,ISTJ
2026-07-18T08:41:15.976000+00:00,Zoe Maldonado Medina,Femenino,18-22,5,3,1,2,1,3,2,1,4,1,4,3,3,2,5,2,5,4,3,2,3,2,5,1,-1,5,5,6,ISTJ
2026-07-17T23:51:20.641000+00:00,Jorge Ruiz Perez,Femenino,23-27,2,2,3,4,1,5,1,3,3,2,3,1,2,1,3,5,5,3,5,2,5,2,5,3,-5,1,1,8,ISTJ
2026-07-20T16:08:04.462000+00:00,Mariana Flores Pena,Masculino,23-27,3,1,5,3,3,2,1,3,3,2,1,2,1,1,4,2,4,3,5,4,3,2,4,5,5,-2,3,1,ENTJ
2026-07-18T23:57:23.103000+00:00,Sebastian Hernandez Delgado,Masculino,18-22,5,1,4,1,5,5,2,3,2,2,1,4,2,3,5,3,5,2,3,5,5,2,5,3,7,-4,4,3,ENTJ
2026-07-15T13:00:04.989000+00:00,Elena Herrera Vega,Femenino,18-22,4,5,1,3,5,5,4,3,5,3,2,5,2,3,4,4,1,2,5,1,2,3,5,1,-3,0,-2,7,ISFJ
2026-07-14T22:43:32.131000+00:00,Nicolas Jimenez Romero,Femenino,28-32,3,5,5,5,3,3,1,4,3,5,5,2,4,1,3,3,5,3,1,5,1,1,4,4,-2,-2,5,-4,INTP
2026-07-12T16:28:28.818000+00:00,Felipe Salazar Ruiz,Masculino,18-22,4,5,4,2,4,1,4,3,4,3,4,1,5,2,5,3,4,3,4,1,5,3,4,2,4,5,6,7,ESTJ
2026-07-22T04:36:58.085000+00:00,Camila Romero Martinez,Masculino,18-22,3,3,4,4,3,1,5,4,3,5,5,3,3,5,5,5,5,5,3,5,3,1,5,2,2,1,-2,3,ESFJ
2026-07-15T08:45:23.103000+00:00,Martina Chavez Acosta,Masculino,18-22,5,1,4,1,4,3,1,1,3,2,1,5,4,1,4,3,5,2,3,3,5,1,4,5,8,-3,7,3,ENTJ
2026-07-17T23:57:28.818000+00:00,Valeria Delgado Rodriguez,Masculino,18-22,4,5,4,2,4,1,3,2,3,2,3,3,5,2,5,1,5,3,5,1,5,2,4,3,4,2,9,8,ESTJ
2026-07-15T09:03:32.944000+00:00,Andrea Rodriguez Acosta,Masculino,18-22,4,5,2,5,1,5,3,1,5,2,2,3,3,4,2,4,2,4,4,3,3,1,5,5,-8,4,-5,3,ISFJ
2026-07-21T12:22:51.949000+00:00,Alejandro Morales Rodriguez,Femenino,18-22,3,5,2,4,2,4,4,1,5,2,3,1,1,1,4,3,2,2,5,4,4,1,5,1,-6,8,1,8,ISTJ
2026-07-18T09:28:15.976000+00:00,Miguel Hernandez Jimenez,Femenino,18-22,3,2,1,1,1,1,4,3,5,2,2,4,5,2,5,4,5,4,2,3,4,2,5,1,1,2,5,5,ESTJ
2026-07-19T12:34:38.529000+00:00,Regina Jimenez Delgado,Otro,18-22,2,3,4,5,3,4,4,5,3,5,3,4,1,5,3,5,3,4,3,3,3,3,2,3,-3,-4,-7,-1,INFP
2026-07-27T09:20:23.103000+00:00,Luciana Guerrero Ramirez,Masculino,18-22,5,2,4,2,4,3,1,2,1,4,1,4,3,2,5,4,5,2,4,5,5,2,5,5,6,-7,5,2,ENTJ
2026-07-20T23:29:04.989000+00:00,Eduardo Vasquez Perez,Femenino,18-22,4,3,1,1,5,4,2,3,4,4,1,5,3,3,3,3,2,2,4,1,3,3,5,1,2,-5,0,7,ENTJ
2026-07-23T09:37:17.161000+00:00,Mariana Gutierrez Vasquez,Masculino,18-22,2,5,5,4,4,4,3,3,4,5,2,5,3,3,2,5,1,5,3,3,5,3,4,4,-2,-4,-7,2,INFJ
2026-07-19T02:05:01.471000+00:00,Paulina Mendez Gutierrez,Masculino,18-22,3,3,2,3,1,4,4,4,5,2,2,1,2,4,5,5,2,4,3,2,4,4,4,3,-4,4,-4,2,ISFJ
2026-07-25T12:29:53.029000+00:00,Valeria Alvarez Rodriguez,Masculino,18-22,3,3,4,1,3,2,3,1,4,3,2,4,2,2,3,4,4,3,2,5,2,1,4,4,4,1,0,-2,ESTP
2026-07-15T00:18:32.753000+00:00,Joaquin Sanchez Mendoza,Femenino,18-22,1,5,4,4,2,4,3,1,4,3,4,3,3,3,5,4,2,1,2,3,3,5,2,3,-6,4,2,-4,ISTP
2026-07-16T21:56:05.108000+00:00,Emilio Silva Chavez,Masculino,18-22,1,4,2,4,2,4,3,2,4,1,4,5,4,3,4,2,5,4,4,4,3,4,4,1,-7,3,4,2,ISTJ
2026-07-18T00:26:25.399000+00:00,Antonella Rios Moreno,Masculino,18-22,4,2,5,3,3,5,4,1,2,1,4,3,1,5,3,4,4,3,5,1,4,2,3,1,2,5,-4,8,ESFJ
2026-07-12T06:30:36.976000+00:00,Natalia Soto Rivera,Femenino,18-22,3,2,5,3,5,2,1,4,4,4,3,4,2,5,5,1,4,5,3,5,2,2,2,5,6,-4,0,-5,ENTP
2026-07-15T05:42:01.471000+00:00,Julieta Ruiz Alvarez,Masculino,18-22,2,5,4,4,2,3,4,3,5,4,2,1,3,3,3,5,2,4,4,4,4,4,5,1,-4,3,-4,4,ISFJ
2026-07-16T06:31:32.753000+00:00,Tomas Rodriguez Medina,Femenino,18-22,2,4,2,5,1,3,3,2,2,2,3,3,2,3,3,3,3,3,4,3,2,5,1,3,-7,1,-1,-4,ISFP
2026-07-19T12:19:42.675000+00:00,Nicolas Herrera Sanchez,Femenino,18-22,4,2,4,3,1,5,3,1,5,2,3,4,4,5,2,5,2,3,3,4,2,4,4,5,-1,4,-5,-4,ISFP
2026-07-22T21:23:23.103000+00:00,Pedro Cruz Gutierrez,Masculino,18-22,5,1,4,2,4,3,1,1,1,3,1,4,3,1,4,3,4,3,3,4,5,1,4,3,7,-5,4,4,ENTJ
2026-07-26T11:29:18.617000+00:00,Mia Silva Morales,Masculino,18-22,4,4,5,5,4,3,3,3,4,5,2,4,3,4,3,4,5,4,1,4,1,4,3,3,1,-3,-1,-6,ENFP
2026-07-15T12:18:42.675000+00:00,Samantha Vargas Cruz,Femenino,18-22,2,3,2,3,1,5,4,2,5,4,4,3,4,5,4,3,2,3,1,5,3,5,3,5,-6,4,-1,-8,ISFP
2026-07-18T21:43:32.753000+00:00,Ana Gonzalez Rojas,Femenino,18-22,3,4,2,5,3,3,4,3,4,1,4,5,3,4,4,3,2,2,4,3,4,5,2,2,-4,3,0,0,ISTJ
2026-07-21T07:45:03.080000+00:00,Jorge Mendoza Flores,Femenino,18-22,3,3,3,5,1,5,4,1,1,3,1,1,1,4,2,5,3,3,1,3,4,3,3,2,-6,1,-6,0,ISFJ
2026-07-26T05:24:38.529000+00:00,Joaquin Flores Jimenez,Otro,18-22,2,4,2,3,3,3,3,5,5,3,3,3,2,5,5,5,2,5,5,4,2,3,3,2,-3,0,-6,1,ISFJ
2026-07-19T03:56:36.976000+00:00,Diego Castro Gomez,Femenino,18-22,3,1,5,3,4,3,2,4,4,5,3,5,3,4,3,2,5,5,3,5,3,1,2,5,5,-5,0,-3,ENTP
2026-07-25T18:20:11.506000+00:00,Regina Moreno Jimenez,Masculino,18-22,3,1,1,5,1,5,4,4,1,3,3,4,1,4,2,3,4,2,3,2,4,4,5,1,-6,-3,-2,5,INFJ
2026-07-22T09:24:17.161000+00:00,Gabriel Perez Mendez,Masculino,18-22,2,4,5,5,3,3,1,4,5,4,1,3,3,3,2,5,3,5,4,3,4,3,3,4,-2,-4,-5,1,INFJ
2026-07-22T12:59:58.762000+00:00,Gabriel Fernandez Fernandez,Femenino,23-27,4,4,5,3,2,3,5,2,4,4,4,4,3,3,4,3,4,2,4,1,5,2,5,1,1,3,3,10,ESTJ
2026-07-27T03:25:25.399000+00:00,Camila Ruiz Flores,Masculino,18-22,5,4,5,3,3,3,3,1,4,1,4,3,1,4,2,5,5,2,5,2,5,4,3,1,3,6,-3,6,ESFJ
2026-07-25T18:27:59.501000+00:00,Felipe Gonzalez Gonzalez,Femenino,18-22,4,5,4,5,2,5,5,4,4,3,5,3,3,4,3,3,5,2,1,3,4,1,5,1,-5,4,2,5,ISTJ
2026-07-24T19:43:20.641000+00:00,Regina Delgado Gutierrez,Femenino,23-27,2,2,4,4,3,5,2,3,4,2,3,1,3,3,3,5,5,3,5,1,4,2,4,4,-2,3,0,6,ISTJ
2026-07-14T22:51:20.950000+00:00,Natalia Reyes Ruiz,Masculino,23-27,3,5,2,5,4,5,5,3,4,2,5,5,5,4,3,1,1,5,1,4,1,2,3,5,-6,4,-1,-6,ISFP
2026-07-18T23:23:32.944000+00:00,Elena Vargas Perez,Masculino,18-22,4,5,1,5,2,5,5,3,3,3,4,5,4,3,2,4,3,4,4,2,3,2,4,5,-8,1,-2,2,ISFJ
2026-07-25T21:03:15.976000+00:00,Emilia Gomez Delgado,Femenino,18-22,3,3,1,2,1,1,3,3,4,1,4,3,3,3,5,4,3,4,3,3,4,1,5,3,-1,4,0,5,ISTJ
2026-07-18T12:25:23.103000+00:00,Sofia Munoz Ortiz,Masculino,18-22,5,2,2,2,5,3,2,3,3,2,1,5,2,1,4,2,5,4,4,4,5,1,4,3,5,-4,4,5,ENTJ
2026-07-23T10:09:20.641000+00:00,Luciana Ramos Martinez,Femenino,23-27,4,3,4,4,1,5,1,3,2,3,2,1,2,1,3,4,5,2,4,1,4,2,5,4,-3,-2,3,6,INTJ
2026-07-20T20:56:32.753000+00:00,Natalia Munoz Rivera,Femenino,18-22,1,5,4,5,1,4,5,3,2,1,3,3,2,3,4,4,1,2,3,5,3,3,3,1,-8,3,-2,0,ISFJ
2026-07-22T00:58:27.487000+00:00,Matias Hernandez Ortiz,Femenino,18-22,3,2,4,3,5,2,2,1,4,3,3,3,3,3,4,2,4,3,5,3,4,1,5,1,5,2,3,9,ESTJ
2026-07-17T18:20:25.399000+00:00,Tomas Ruiz Alvarez,Masculino,18-22,4,4,5,1,3,5,2,2,2,1,4,4,1,5,3,3,4,3,5,1,4,2,2,3,2,1,-3,5,ESFJ
2026-07-16T11:11:22.619000+00:00,Julieta Rojas Alvarez,Otro,18-22,3,5,3,4,3,5,3,3,3,5,4,4,2,4,2,4,2,4,3,4,5,3,3,3,-5,-2,-6,1,INFJ
2026-07-19T04:04:17.161000+00:00,Jorge Aguilar Aguilar,Masculino,18-22,1,5,4,5,2,4,2,4,5,5,3,4,3,3,3,3,2,4,3,5,5,3,3,4,-7,-3,-2,-1,INFP
2026-07-20T10:40:48.826000+00:00,Paulina Soto Soto,Femenino,18-22,2,4,3,4,3,5,2,3,5,2,5,3,2,4,4,2,3,3,2,1,3,3,4,2,-5,4,0,3,ISTJ
2026-07-21T00:04:42.675000+00:00,Antonella Aguilar Chavez,Femenino,18-22,4,2,3,2,2,5,2,2,5,3,2,4,4,5,4,3,2,2,1,3,4,4,4,5,0,0,0,-3,ESTP
2026-07-14T16:50:56.881000+00:00,Natalia Gonzalez Pena,Femenino,18-22,5,3,3,3,4,2,3,1,5,2,3,4,2,3,3,4,2,4,3,3,3,5,3,1,4,4,-4,0,ESFJ
2026-07-24T06:27:40.939000+00:00,Jorge Aguilar Ramos,Masculino,18-22,2,5,2,4,1,4,2,2,4,2,4,3,3,5,2,3,3,2,4,5,1,2,4,2,-8,3,-2,0,ISFJ
2026-07-20T02:19:01.471000+00:00,Mariana Aguilar Chavez,Masculino,18-22,2,4,2,3,2,4,5,4,5,4,4,3,3,3,5,4,2,3,3,2,2,5,5,3,-5,3,0,0,ISTJ
2026-07-11T16:23:17.020000+00:00,Leonardo Rios Alvarez,Femenino,18-22,2,2,5,4,5,2,4,4,4,4,3,3,4,3,5,1,4,4,4,2,3,5,5,2,4,0,5,3,ESTJ
2026-07-11T12:55:17.020000+00:00,Ana Rojas Maldonado,Femenino,18-22,4,3,5,3,4,4,5,4,4,2,3,3,2,2,5,2,4,4,4,2,5,5,5,1,3,3,3,6,ESTJ
2026-07-22T04:02:36.976000+00:00,Ximena Rodriguez Hernandez,Femenino,18-22,3,2,5,5,4,2,2,3,4,4,1,5,1,4,5,3,5,5,2,4,4,1,1,5,3,-5,-1,-3,ENFP
2026-07-25T22:21:58.565000+00:00,Ana Rojas Romero,Femenino,33+,1,5,3,5,1,5,5,5,1,3,5,4,3,2,4,3,2,3,3,4,4,5,4,4,-10,-1,1,-2,INTP
2026-07-14T14:24:38.572000+00:00,Ximena Moreno Herrera,Masculino,18-22,4,3,5,4,2,5,4,3,3,2,5,4,4,3,4,4,5,4,4,1,3,3,5,3,-1,3,2,5,ISTJ
2026-07-18T04:18:30.977000+00:00,Ana Pena Salazar,Masculino,18-22,2,1,3,1,4,5,4,4,5,5,4,4,3,3,2,3,3,5,4,5,5,3,4,4,2,0,-3,1,ESFJ
2026-07-13T17:08:05.108000+00:00,Joaquin Salazar Gonzalez,Masculino,18-22,2,5,2,5,1,5,2,3,5,3,4,4,3,3,3,2,3,4,3,4,3,4,3,2,-10,1,0,-1,ISTP
2026-07-19T19:16:15.976000+00:00,Sebastian Fernandez Mendoza,Femenino,18-22,3,3,1,1,1,3,4,2,5,1,4,4,4,4,4,4,4,3,2,4,3,2,4,1,-2,6,1,2,ISTJ
2026-07-14T12:39:01.471000+00:00,Joaquin Rojas Medina,Masculino,18-22,4,3,2,4,2,2,3,4,5,4,3,1,4,3,3,5,2,2,4,4,3,5,4,1,-1,2,-1,1,ISFJ
2026-07-19T08:18:20.641000+00:00,Ana Acosta Alvarez,Femenino,23-27,4,3,4,3,1,4,1,3,2,3,3,1,4,3,2,4,5,3,5,2,5,3,4,4,-1,-1,1,5,INTJ
2026-07-16T07:33:04.989000+00:00,Leonardo Vargas Martinez,Femenino,18-22,4,4,1,3,5,5,4,4,4,3,2,3,2,3,5,4,2,3,4,3,4,2,4,1,-2,0,-1,6,ISFJ
2026-07-15T05:28:42.675000+00:00,Mariana Acosta Mendez,Femenino,18-22,3,3,2,3,3,4,3,2,4,4,3,2,4,4,3,5,2,3,2,4,4,5,5,5,-2,2,-3,-3,ISFP
2026-07-21T06:27:48.826000+00:00,Felipe Rios Guerrero,Femenino,18-22,3,5,1,5,3,4,2,4,4,2,4,1,3,4,4,4,3,2,4,2,5,3,4,3,-7,3,0,5,ISTJ
2026-07-21T11:22:17.161000+00:00,Julieta Ortiz Castillo,Masculino,18-22,1,4,4,5,4,3,3,3,3,5,3,4,3,4,3,3,3,4,4,4,5,2,3,5,-3,-3,-2,1,INFJ
2026-07-24T06:13:40.939000+00:00,Camila Vega Herrera,Masculino,18-22,3,5,1,4,2,5,1,3,4,2,5,5,3,4,2,3,3,2,5,5,2,2,3,3,-8,0,-1,0,ISFJ
2026-07-18T23:07:17.004000+00:00,Emilia Vega Medina,Masculino,18-22,3,5,3,5,3,5,5,5,5,5,3,4,1,3,2,5,2,3,5,5,4,1,5,5,-6,-1,-6,3,INFJ
2026-07-17T18:48:05.108000+00:00,Samantha Ortiz Garcia,Masculino,18-22,2,5,4,5,1,4,2,1,5,2,3,3,3,5,3,4,3,3,3,3,4,4,3,3,-7,4,-3,0,ISFJ
2026-07-22T20:33:48.826000+00:00,Isabella Jimenez Acosta,Femenino,18-22,3,5,1,5,3,3,2,3,4,3,4,3,4,5,3,3,4,2,2,2,3,3,3,2,-6,1,1,1,ISTJ
2026-07-16T13:42:32.944000+00:00,Antonella Sanchez Gutierrez,Masculino,18-22,3,5,2,5,2,5,3,1,4,3,2,4,2,3,2,4,2,4,3,2,3,1,4,5,-8,1,-5,2,ISFJ
2026-07-23T19:46:59.501000+00:00,Andres Morales Soto,Femenino,18-22,5,5,4,5,2,5,5,4,4,4,4,3,4,3,3,4,4,3,2,1,2,2,4,1,-4,2,1,4,ISTJ
2026-07-27T18:03:11.216000+00:00,Natalia Rivera Lopez,Masculino,18-22,3,4,4,5,1,4,3,4,5,3,3,1,4,3,4,3,3,3,4,2,3,4,3,4,-5,3,2,0,ISTJ
2026-07-24T20:00:40.939000+00:00,Valentina Gutierrez Castro,Masculino,18-22,1,4,1,5,3,5,2,3,5,1,5,5,5,5,3,3,1,3,5,5,2,1,5,1,-9,3,-2,5,ISFJ
2026-07-19T13:58:25.399000+00:00,Fernanda Rodriguez Martinez,Masculino,18-22,4,3,4,3,2,4,4,1,4,1,3,2,1,5,2,3,5,1,5,2,5,2,2,1,0,7,-1,7,ESFJ
2026-07-18T16:28:30.977000+00:00,Mia Castillo Aguilar,Masculino,18-22,3,3,2,3,4,5,3,5,5,5,4,3,4,3,3,4,2,3,4,3,3,3,3,2,-2,-1,-1,2,INFJ
2026-07-25T16:22:15.976000+00:00,Valeria Mendoza Maldonado,Femenino,18-22,5,2,1,2,1,3,3,3,4,1,3,3,4,4,5,3,5,4,3,4,4,2,4,2,0,3,3,3,ESTJ
2026-07-23T22:34:59.501000+00:00,Juan Garcia Perez,Femenino,18-22,4,5,3,3,2,4,4,4,4,5,5,2,4,2,2,2,5,4,3,3,3,2,5,1,-3,2,3,5,ISTJ
2026-07-18T06:48:48.826000+00:00,Antonella Reyes Soto,Femenino,18-22,4,5,2,5,3,5,4,3,3,3,5,1,4,5,3,3,3,2,2,1,3,1,5,1,-6,5,0,7,ISTJ
2026-07-17T15:44:38.572000+00:00,Santiago Chavez Navarro,Masculino,18-22,5,4,5,3,1,5,2,3,5,2,4,2,4,3,5,4,4,3,3,3,4,4,4,1,-1,4,3,3,ISTJ
2026-07-23T13:45:20.671000+00:00,Fernanda Rivera Rios,Femenino,18-22,2,3,5,2,3,2,3,3,4,3,4,3,3,3,3,3,5,4,5,5,4,1,5,1,3,2,1,7,ESTJ
2026-07-13T21:30:01.471000+00:00,Juan Rodriguez Moreno,Masculino,18-22,3,3,4,4,1,2,4,5,5,3,4,3,3,4,3,5,3,2,3,4,2,4,4,3,-1,2,-2,-2,ISFP
2026-07-14T02:23:17.004000+00:00,Gabriel Gonzalez Rios,Masculino,18-22,2,5,3,4,2,5,4,5,5,5,3,4,1,4,1,5,3,5,4,3,5,2,5,4,-7,-2,-9,5,INFJ
2026-07-19T05:04:58.762000+00:00,Andres Gonzalez Castro,Femenino,23-27,5,2,4,3,4,1,4,1,3,3,3,4,3,5,5,3,3,3,4,2,5,2,4,1,7,2,0,8,ESTJ
2026-07-16T02:20:01.471000+00:00,Ana Hernandez Medina,Masculino,18-22,3,4,4,4,1,3,5,4,5,3,3,3,3,3,5,5,3,3,5,2,3,4,5,3,-3,3,0,4,ISTJ
2026-07-20T01:30:58.565000+00:00,Daniel Guzman Fernandez,Femenino,33+,3,5,4,5,2,4,4,3,3,1,5,3,4,2,4,5,4,3,4,5,5,5,3,3,-5,5,2,-1,ISTP
2026-07-14T06:29:06.193000+00:00,Jorge Vasquez Munoz,Femenino,18-22,4,4,1,1,3,5,3,2,5,4,4,2,1,4,4,2,3,3,3,4,5,3,3,1,-2,4,-1,3,ISFJ
2026-07-13T11:06:03.080000+00:00,Tomas Vasquez Silva,Femenino,18-22,3,2,3,3,1,4,5,3,1,5,1,1,3,5,2,4,2,2,3,2,3,2,2,2,-2,-2,-4,2,INFJ
2026-07-12T06:57:22.619000+00:00,Joaquin Ramirez Munoz,Otro,18-22,2,5,1,4,4,5,2,2,3,4,2,4,3,2,3,4,2,3,2,5,5,3,4,3,-7,-3,-1,0,INFJ
2026-07-25T18:18:34.267000+00:00,Andres Hernandez Rodriguez,Femenino,18-22,2,3,1,3,2,5,5,3,5,1,3,3,5,2,3,1,4,3,5,2,4,2,5,2,-6,6,6,8,ISTJ
2026-07-14T10:35:11.216000+00:00,Isabella Guzman Alvarez,Masculino,18-22,4,3,4,4,3,5,4,2,5,3,4,1,3,2,4,3,4,2,2,4,2,5,4,2,-1,7,4,-3,ISTP
2026-07-21T07:59:32.944000+00:00,Santiago Aguilar Ramirez,Masculino,18-22,2,5,2,5,1,4,4,3,5,4,4,3,2,3,3,3,2,3,4,4,3,1,3,5,-9,3,-2,0,ISFJ
2026-07-20T16:15:04.462000+00:00,Natalia Maldonado Moreno,Masculino,23-27,4,2,5,4,3,1,1,3,1,4,1,3,3,1,5,1,3,1,3,5,4,2,3,5,5,-7,8,-2,ENTP
2026-07-13T09:32:58.762000+00:00,Ana Perez Fernandez,Femenino,23-27,3,4,4,5,2,1,5,1,2,4,3,3,1,5,5,1,5,1,4,1,4,4,3,3,-1,2,4,3,ISTJ
2026-07-19T10:08:09.573000+00:00,Julieta Chavez Gomez,Masculino,18-22,3,2,3,1,2,3,4,5,5,3,3,5,5,4,4,5,3,5,3,5,5,5,5,3,2,-1,-2,0,ENFJ
2026-07-17T05:12:17.433000+00:00,Santiago Ramirez Ortiz,Masculino,18-22,5,2,4,5,4,2,2,3,5,3,3,4,1,2,4,2,3,2,4,5,1,5,3,4,4,0,2,-6,ESTP
2026-07-16T23:56:11.506000+00:00,Natalia Soto Perez,Masculino,18-22,3,2,3,4,3,4,3,3,3,4,1,3,1,3,2,3,3,1,2,1,4,5,4,2,-1,-3,-1,2,INFJ
2026-07-15T17:13:04.989000+00:00,Matias Gonzalez Ruiz,Femenino,18-22,4,3,1,1,4,5,4,4,5,3,1,5,3,3,3,4,2,3,5,3,2,4,5,2,0,-2,-2,3,ENFJ
2026-07-20T11:23:17.020000+00:00,Martina Castillo Gonzalez,Femenino,18-22,3,3,4,2,4,4,3,5,5,4,2,4,2,1,5,1,2,4,4,3,5,5,4,1,2,-3,3,4,ENTJ
2026-07-21T03:27:04.989000+00:00,Eduardo Navarro Guzman,Femenino,18-22,2,3,1,3,5,5,2,4,5,5,1,4,1,1,5,2,2,3,5,1,4,2,5,1,-3,-5,2,10,INTJ
2026-07-20T10:44:30.977000+00:00,Natalia Moreno Gomez,Masculino,18-22,2,2,2,1,2,5,3,4,4,3,3,4,5,3,3,3,2,3,5,5,4,2,4,2,-2,-1,1,4,INTJ
2026-07-24T13:12:05.108000+00:00,Emilia Jimenez Gonzalez,Masculino,18-22,1,5,4,4,1,5,4,2,4,1,2,4,4,3,2,3,3,3,4,3,5,4,5,1,-8,3,0,6,ISTJ
2026-07-14T06:33:04.462000+00:00,Antonella Romero Vargas,Masculino,23-27,5,3,5,3,3,2,2,3,1,4,2,3,1,1,4,1,3,1,3,5,4,2,4,5,5,-5,5,-1,ENTP
2026-07-25T17:03:36.976000+00:00,Matias Guzman Diaz,Femenino,18-22,4,1,5,5,3,3,1,2,3,5,2,4,1,5,3,3,5,5,3,4,2,2,2,4,3,-5,-4,-3,ENFP
2026-07-20T08:35:17.433000+00:00,Daniel Ortiz Guzman,Masculino,18-22,5,2,5,5,3,1,2,3,4,1,3,5,1,3,3,1,4,3,4,5,2,5,3,5,5,0,1,-6,ESTP
2026-07-16T00:21:36.976000+00:00,Nicolas Herrera Guerrero,Femenino,18-22,3,1,5,5,5,1,3,3,3,3,3,5,3,5,3,3,4,5,2,5,3,1,2,4,6,-2,-3,-3,ENFP
2026-07-18T15:50:41.266000+00:00,Juan Gonzalez Vargas,Masculino,18-22,4,3,3,5,1,4,3,5,3,2,3,3,2,5,2,5,3,5,3,4,5,3,3,2,-4,-1,-8,2,INFJ
2026-07-18T19:17:42.675000+00:00,Paulina Mendoza Rios,Femenino,18-22,4,2,2,3,3,4,3,2,5,3,4,3,5,5,3,5,3,4,2,5,3,4,4,4,0,4,-3,-4,ESFP
2026-07-23T07:05:11.506000+00:00,Miguel Garcia Flores,Masculino,18-22,1,1,1,4,1,4,3,3,2,3,3,4,1,4,1,3,4,2,4,1,4,5,4,1,-6,-2,-3,5,INFJ
2026-07-17T04:55:20.950000+00:00,Carlos Fernandez Moreno,Masculino,23-27,2,4,3,5,2,5,4,3,5,3,4,5,5,4,1,1,2,5,1,4,1,1,1,4,-7,2,-2,-6,ISFP
2026-07-18T10:08:17.161000+00:00,Gabriel Ruiz Acosta,Masculino,18-22,1,3,5,5,2,4,3,5,3,5,2,4,5,5,2,4,2,4,3,5,5,3,3,4,-4,-6,-4,-1,INFP
2026-07-25T14:44:59.501000+00:00,Isabella Vega Guzman,Femenino,18-22,4,3,3,4,1,5,4,2,3,5,4,4,5,3,3,3,5,3,3,2,3,1,4,1,-4,0,4,6,ISTJ
2026-07-11T05:38:10.723000+00:00,Martina Acosta Morales,Masculino,18-22,2,4,5,5,2,4,3,5,4,4,2,4,5,1,5,2,4,2,4,2,5,4,5,2,-4,-4,9,6,INTJ
2026-07-21T00:24:28.818000+00:00,Gabriel Morales Rojas,Masculino,18-22,5,3,4,1,4,1,5,3,5,4,4,1,5,1,5,1,5,5,5,1,4,3,3,1,8,6,8,7,ESTJ
2026-07-23T11:11:12.944000+00:00,Ximena Munoz Lopez,Masculino,18-22,3,3,3,4,5,5,4,1,5,3,5,4,3,5,4,5,5,5,4,1,5,4,4,1,-1,6,-3,7,ISFJ
2026-07-26T23:53:09.634000+00:00,Juan Rivera Rios,Masculino,23-27,3,5,5,5,1,5,3,2,3,4,4,4,3,4,5,3,3,4,4,3,3,1,4,4,-6,0,0,3,ISTJ
2026-07-21T21:45:20.950000+00:00,Gabriel Ruiz Rivera,Masculino,23-27,3,5,3,5,2,5,5,1,5,1,4,4,5,5,3,1,2,5,1,5,1,1,3,5,-7,8,-1,-6,ISFP
2026-07-17T14:12:40.939000+00:00,Alejandro Silva Ruiz,Masculino,18-22,3,5,2,4,1,5,3,2,5,3,4,5,3,4,3,4,3,4,5,4,3,1,5,3,-8,2,-3,5,ISFJ
2026-07-14T07:35:05.108000+00:00,David Vargas Romero,Masculino,18-22,1,4,3,4,1,5,2,1,5,3,4,4,4,5,3,3,4,3,4,4,3,2,4,3,-8,3,0,2,ISTJ
2026-07-17T23:34:43.226000+00:00,Renata Ortiz Lopez,Masculino,18-22,2,5,1,5,1,4,3,5,5,3,2,5,4,4,3,4,3,2,5,4,5,2,5,5,-10,-3,0,4,INTJ
2026-07-20T07:16:28.818000+00:00,Leonardo Perez Aguilar,Masculino,18-22,4,5,3,2,4,1,5,2,3,2,4,2,5,1,5,2,5,4,4,1,4,3,4,1,3,6,8,7,ESTJ
2026-07-12T13:12:10.723000+00:00,Jorge Vega Vega,Masculino,18-22,4,5,4,5,2,5,4,4,5,4,1,5,5,1,4,1,4,1,5,1,5,4,5,4,-5,-3,10,6,INTJ
2026-07-15T17:20:11.216000+00:00,Natalia Fernandez Garcia,Masculino,18-22,3,4,4,4,1,5,4,3,5,1,4,2,3,2,5,3,5,3,4,3,4,3,3,3,-5,7,5,2,ISTJ
2026-07-24T21:44:27.487000+00:00,Valeria Alvarez Rios,Femenino,18-22,3,3,5,3,5,3,2,1,5,4,5,2,4,3,5,1,3,3,4,1,3,2,5,3,4,5,5,6,ESTJ
2026-07-14T00:59:32.753000+00:00,Ana Vasquez Castillo,Femenino,18-22,3,4,2,5,2,5,5,1,4,2,5,4,3,4,3,3,3,2,3,5,2,5,1,3,-7,7,0,-7,ISTP
2026-07-19T07:23:48.855000+00:00,Jorge Lopez Delgado,Femenino,18-22,4,4,4,5,3,5,3,3,4,5,1,3,1,5,3,4,1,5,3,2,5,4,1,5,-3,-3,-9,-2,INFP
2026-07-25T16:19:38.572000+00:00,Victoria Pena Maldonado,Masculino,18-22,3,4,5,4,3,5,4,5,4,4,4,2,3,3,5,3,5,5,2,2,5,3,5,1,-2,1,2,6,ISTJ
2026-07-24T00:43:37.003000+00:00,Fernando Romero Pena,Femenino,33+,3,5,1,5,2,3,5,2,3,2,4,2,4,3,5,3,4,3,4,3,3,4,4,3,-7,6,4,1,ISTJ
2026-07-22T05:44:03.277000+00:00,Zoe Rios Ruiz,Masculino,18-22,3,5,3,5,2,4,4,3,4,4,4,5,2,5,2,4,2,3,2,1,3,2,1,1,-6,0,-6,2,ISFJ
2026-07-23T19:12:20.671000+00:00,Carlos Herrera Vasquez,Femenino,18-22,1,2,5,1,3,1,3,3,4,3,4,4,1,4,4,3,3,3,5,5,4,1,5,1,5,1,-2,7,ESFJ
2026-07-22T19:05:34.267000+00:00,Andrea Alvarez Romero,Femenino,18-22,1,4,1,3,3,5,4,3,3,1,3,2,5,1,3,1,3,3,5,3,2,1,5,3,-7,4,6,5,ISTJ
2026-07-26T18:23:51.949000+00:00,Jorge Perez Perez,Femenino,18-22,2,4,3,5,1,5,5,2,5,1,3,1,2,1,4,3,1,1,4,5,5,2,5,1,-8,9,2,6,ISTJ
2026-07-25T20:40:03.277000+00:00,Samantha Reyes Medina,Masculino,18-22,1,5,3,3,1,5,2,3,4,4,3,4,1,4,1,5,3,5,3,2,3,2,2,2,-8,-2,-9,2,INFJ
2026-07-26T13:24:17.004000+00:00,Sara Rivera Salazar,Masculino,18-22,3,4,4,4,2,4,3,5,5,4,4,4,1,3,1,5,1,5,5,5,5,1,5,5,-3,-1,-10,4,INFJ
2026-07-20T11:18:32.131000+00:00,Valeria Vasquez Rios,Femenino,28-32,3,5,4,4,4,4,2,5,4,3,5,3,3,1,2,4,5,5,3,5,1,2,5,3,-2,0,0,-1,ISTP
2026-07-21T23:05:17.020000+00:00,Mateo Reyes Gutierrez,Femenino,18-22,3,4,5,3,5,2,5,5,4,3,3,4,3,2,5,3,4,3,3,2,4,5,5,2,4,0,4,3,ESTJ
2026-07-18T09:39:32.753000+00:00,Julieta Vargas Medina,Femenino,18-22,2,5,4,4,2,4,3,2,2,3,3,5,3,2,5,5,2,3,4,4,4,3,2,3,-5,-2,0,0,INTJ
2026-07-17T01:33:58.565000+00:00,Leonardo Maldonado Vasquez,Femenino,33+,3,5,3,5,2,4,4,5,2,3,5,4,4,4,5,3,4,2,3,5,5,3,2,3,-6,-1,4,-1,INTP
2026-07-15T10:01:05.108000+00:00,David Guzman Castillo,Masculino,18-22,2,5,3,5,2,5,3,2,4,3,4,5,2,3,3,2,4,4,3,4,5,4,4,3,-8,1,0,1,ISTJ
2026-07-14T13:39:01.471000+00:00,Fernando Perez Ramirez,Masculino,18-22,3,5,3,2,2,3,4,4,4,3,4,3,4,5,4,4,2,4,5,3,4,5,3,3,-2,2,-3,1,ISFJ
2026-07-12T03:19:32.131000+00:00,Zoe Castro Castro,Femenino,28-32,2,5,5,4,4,2,2,4,2,3,4,3,4,2,3,2,5,4,2,4,2,2,5,3,0,-2,4,0,ENTJ
2026-07-27T16:42:20.641000+00:00,Luis Soto Gonzalez,Femenino,23-27,4,2,4,4,3,5,1,1,4,3,3,1,4,2,2,4,5,4,5,1,4,1,4,2,0,3,1,9,ESTJ
2026-07-25T19:21:25.399000+00:00,Nicolas Garcia Vega,Masculino,18-22,5,2,4,1,1,5,2,1,4,1,4,3,1,5,4,4,3,3,5,1,5,4,3,3,2,5,-4,5,ESFJ
2026-07-22T14:40:32.131000+00:00,Martina Ortiz Soto,Femenino,28-32,2,5,5,4,3,4,1,4,4,4,5,4,3,2,2,3,5,4,1,4,2,1,4,5,-3,-2,1,-3,INTP
2026-07-12T08:15:58.762000+00:00,Luis Chavez Munoz,Femenino,23-27,4,4,5,4,3,3,5,1,4,3,2,4,1,4,5,2,4,3,5,3,5,2,5,2,1,3,1,8,ESTJ
2026-07-22T18:59:48.855000+00:00,Mariana Hernandez Flores,Femenino,18-22,4,5,4,5,3,4,2,4,4,5,2,3,2,3,2,3,2,5,3,4,5,5,2,5,-3,-4,-5,-4,INFP
2026-07-16T10:05:38.529000+00:00,Paulina Ramirez Ramos,Otro,18-22,2,4,3,4,3,4,3,4,4,5,4,4,2,4,5,3,4,4,5,3,4,3,3,2,-4,-2,0,4,INTJ
2026-07-22T11:31:20.950000+00:00,Valeria Soto Gonzalez,Masculino,23-27,3,4,4,5,3,5,5,1,5,1,5,5,5,5,2,1,1,5,2,5,2,1,2,5,-4,8,-3,-5,ISFP
2026-07-19T15:03:18.617000+00:00,Felipe Morales Vargas,Masculino,18-22,4,4,3,5,3,5,4,4,2,5,2,4,2,5,4,2,4,2,1,4,3,4,5,4,-4,-5,1,-3,INTP
2026-07-22T03:30:25.651000+00:00,Daniel Ramos Fernandez,Masculino,18-22,3,4,3,5,1,5,3,2,4,2,4,4,2,3,4,3,3,3,2,4,4,3,4,1,-7,3,0,2,ISTJ
2026-07-25T10:12:56.881000+00:00,Eduardo Torres Pena,Femenino,18-22,5,2,1,4,5,2,2,2,4,3,3,3,3,2,3,3,4,2,1,2,4,5,2,2,3,1,3,-2,ESTP
2026-07-21T13:12:48.855000+00:00,Natalia Mendoza Silva,Femenino,18-22,4,5,5,4,4,5,1,4,4,3,1,3,1,3,1,5,3,5,2,4,5,5,2,5,-1,-4,-8,-5,INFP
2026-07-25T15:37:32.944000+00:00,Martina Mendoza Romero,Masculino,18-22,4,5,1,5,2,5,3,1,4,2,3,5,4,2,1,2,3,3,4,3,3,3,5,5,-8,2,1,1,ISTJ
2026-07-13T06:55:51.949000+00:00,Samantha Guerrero Aguilar,Femenino,18-22,2,4,3,5,1,5,4,1,4,2,4,1,1,2,4,3,1,1,4,4,5,1,4,3,-8,8,0,5,ISTJ
2026-07-16T03:18:06.193000+00:00,Luis Garcia Silva,Femenino,18-22,3,5,1,2,3,5,2,3,4,4,4,3,1,3,4,4,4,3,3,3,4,1,4,1,-5,0,-1,6,ISFJ
2026-07-27T12:57:58.565000+00:00,Elena Castillo Torres,Femenino,33+,1,5,4,5,1,4,5,4,3,2,4,4,2,4,3,5,3,4,3,5,4,5,2,5,-8,2,-5,-6,ISFP
2026-07-19T09:31:22.619000+00:00,Sebastian Garcia Pena,Otro,18-22,1,4,3,4,4,5,2,2,4,4,2,3,2,2,3,5,2,3,2,3,5,3,3,5,-5,-1,-3,-1,INFP
2026-07-14T11:16:20.203000+00:00,Isabella Vasquez Perez,Femenino,18-22,2,5,4,2,2,4,2,4,5,4,3,3,4,4,3,4,2,3,4,1,3,3,2,3,-3,-1,-2,2,INFJ
2026-07-16T07:38:42.675000+00:00,Daniel Ortiz Cruz,Femenino,18-22,4,2,4,2,1,5,4,2,4,3,3,3,5,4,2,3,2,4,2,3,4,4,5,4,0,3,-2,0,ESFJ
2026-07-16T19:18:18.617000+00:00,Emilio Salazar Gutierrez,Masculino,18-22,5,5,3,5,4,5,3,4,4,5,2,3,2,3,4,3,5,4,3,3,3,4,3,2,-3,-3,1,0,INTJ
2026-07-23T14:37:38.572000+00:00,Victoria Salazar Ortiz,Masculino,18-22,3,2,3,3,3,5,4,4,5,4,5,4,5,4,3,3,5,5,3,3,3,4,4,3,-1,2,1,0,ISTJ
2026-07-14T08:48:05.108000+00:00,Isabella Ramos Cruz,Masculino,18-22,1,5,2,5,1,4,2,1,4,1,3,3,4,3,3,3,3,5,4,2,4,3,5,2,-10,4,-1,6,ISFJ
2026-07-14T19:55:11.216000+00:00,Emilia Delgado Vega,Masculino,18-22,5,4,2,5,3,4,3,3,4,3,2,2,3,4,4,2,4,3,3,2,3,3,5,4,-3,1,2,2,ISTJ
2026-07-18T15:51:12.944000+00:00,Emilio Jimenez Salazar,Masculino,18-22,5,3,4,3,5,5,5,1,5,2,5,5,1,5,5,5,5,5,5,3,4,4,5,1,3,7,-4,6,ESFJ
2026-07-24T22:06:15.831000+00:00,Mateo Ramos Vega,Masculino,18-22,2,4,2,4,2,5,4,2,4,5,4,4,3,4,3,3,4,3,3,5,5,4,3,5,-7,1,0,-3,ISTP
2026-07-21T00:10:11.506000+00:00,Emilio Castro Castro,Masculino,18-22,3,1,3,4,1,4,2,3,2,4,1,5,2,4,1,4,4,3,4,1,5,5,5,1,-2,-7,-4,7,INFJ
2026-07-15T05:27:04.462000+00:00,Eduardo Munoz Flores,Masculino,23-27,5,2,3,5,3,1,1,3,2,3,1,4,3,1,4,1,2,2,5,5,2,1,4,5,3,-6,5,0,ENTJ
2026-07-27T13:02:09.634000+00:00,Pedro Ruiz Vasquez,Masculino,23-27,4,5,4,4,2,3,3,2,4,3,3,4,4,3,5,3,2,2,3,3,4,1,2,2,-2,1,3,3,ISTJ
2026-07-17T04:51:41.266000+00:00,Renata Jimenez Acosta,Masculino,18-22,3,3,2,4,1,5,2,4,5,3,2,2,2,4,4,5,3,5,5,4,3,2,3,2,-6,0,-5,3,ISFJ
2026-07-22T05:20:58.085000+00:00,Zoe Munoz Castro,Masculino,18-22,2,4,4,2,3,2,5,2,4,4,3,3,3,4,5,5,5,5,3,5,4,2,4,1,1,3,-1,3,ESFJ
2026-07-17T07:37:27.487000+00:00,Emilia Rios Castillo,Femenino,18-22,2,1,3,3,5,4,2,1,5,2,3,4,3,4,5,1,5,2,5,3,5,1,5,1,2,3,6,10,ESTJ
2026-07-26T02:11:38.572000+00:00,Natalia Medina Pena,Masculino,18-22,4,4,3,3,3,4,4,5,4,3,5,4,3,4,4,3,3,3,2,2,5,2,3,1,-1,1,0,5,ISTJ
2026-07-17T01:19:32.131000+00:00,Victoria Torres Medina,Femenino,28-32,3,5,5,5,5,4,1,5,2,5,4,2,5,2,3,2,4,3,2,5,1,2,5,4,-1,-5,5,-3,INTP
2026-07-18T19:15:11.216000+00:00,Regina Castro Soto,Masculino,18-22,5,3,3,5,2,4,4,3,4,2,2,3,3,4,5,3,3,1,4,3,4,3,4,3,-2,2,3,3,ISTJ
2026-07-19T23:53:25.651000+00:00,Felipe Castillo Mendez,Masculino,18-22,4,3,1,5,1,4,4,1,4,2,5,4,3,1,5,3,4,3,2,3,4,3,4,3,-6,6,5,1,ISTJ
2026-07-25T21:59:27.487000+00:00,Felipe Gomez Delgado,Femenino,18-22,2,3,4,1,4,3,3,2,5,3,4,3,4,3,5,1,5,4,5,2,4,2,5,3,3,4,6,7,ESTJ
2026-07-21T06:45:43.226000+00:00,Miguel Gutierrez Silva,Masculino,18-22,1,5,2,4,1,5,2,4,4,3,3,4,5,5,3,5,3,2,4,5,5,1,5,4,-10,-2,-1,4,INFJ
2026-07-15T10:24:05.108000+00:00,Sofia Morales Alvarez,Masculino,18-22,2,5,2,5,1,5,2,2,5,1,2,5,2,3,3,2,4,4,3,2,5,4,4,2,-10,1,0,4,ISTJ
2026-07-22T03:34:37.003000+00:00,Tomas Jimenez Ruiz,Femenino,33+,4,5,1,5,1,2,3,4,3,2,3,2,5,3,3,2,3,3,5,3,3,5,4,4,-6,1,3,0,ISTJ
2026-07-24T15:37:09.634000+00:00,Victoria Ruiz Castro,Masculino,23-27,2,3,3,3,2,3,5,2,3,3,4,5,4,3,5,4,4,4,5,3,5,3,3,4,-2,2,2,3,ISTJ
2026-07-14T19:49:51.949000+00:00,Luis Chavez Morales,Femenino,18-22,4,5,3,5,1,5,5,2,4,2,3,1,2,2,5,3,1,2,5,3,5,1,4,3,-7,7,1,7,ISTJ
2026-07-15T01:32:04.462000+00:00,Camila Guerrero Torres,Masculino,23-27,4,2,5,3,2,1,1,3,1,2,1,4,2,1,5,1,3,1,4,5,2,2,3,5,5,-6,7,-3,ENTP
2026-07-25T05:53:30.205000+00:00,Miguel Ortiz Martinez,Masculino,33+,1,1,5,4,1,4,4,4,2,4,3,5,3,1,4,4,4,2,4,3,2,3,3,2,-2,-4,4,1,INTJ
2026-07-16T21:22:09.573000+00:00,Victoria Ortiz Medina,Masculino,18-22,3,4,1,1,1,5,5,5,3,3,4,4,5,4,4,3,4,5,4,5,4,5,5,5,-5,0,1,-2,ISTP
2026-07-15T23:32:15.831000+00:00,Regina Castillo Sanchez,Masculino,18-22,3,4,1,4,1,5,3,4,5,4,5,3,3,3,3,4,5,4,1,4,5,4,2,4,-8,2,0,-4,ISTP
2026-07-17T10:12:30.205000+00:00,Jorge Guzman Soto,Masculino,33+,1,1,5,4,1,4,5,4,2,5,5,4,3,3,5,4,4,2,3,3,3,1,2,1,-2,-1,3,3,INTJ
2026-07-22T19:45:38.529000+00:00,Tomas Mendez Navarro,Otro,18-22,4,3,3,5,5,2,3,5,3,4,5,5,3,4,4,4,4,5,3,3,4,2,4,3,2,-3,-2,3,ENFJ
2026-07-27T00:39:38.572000+00:00,Regina Mendez Diaz,Masculino,18-22,4,3,5,4,3,5,3,5,4,2,4,4,3,3,5,3,3,3,3,1,5,3,4,3,0,0,2,5,ESTJ
2026-07-22T09:57:43.226000+00:00,Sofia Castro Acosta,Masculino,18-22,1,5,1,5,1,5,2,4,5,4,3,4,4,5,2,4,1,3,4,5,5,2,4,5,-12,-2,-5,1,INFJ
2026-07-21T21:58:18.617000+00:00,Ana Maldonado Navarro,Masculino,18-22,3,5,3,5,4,5,4,2,3,4,2,3,2,5,5,2,5,3,2,2,2,2,3,2,-5,0,2,1,ISTJ
2026-07-15T20:00:37.003000+00:00,Sara Jimenez Guzman,Femenino,33+,2,4,2,4,2,3,5,2,2,2,3,4,3,3,4,3,5,2,3,3,5,5,3,2,-5,2,4,1,ISTJ
2026-07-11T03:18:04.989000+00:00,Isabella Soto Alvarez,Femenino,18-22,4,5,1,1,5,5,3,5,5,3,2,5,3,3,5,2,1,2,3,3,4,2,5,1,-1,-3,2,6,INTJ
2026-07-24T02:50:17.020000+00:00,Isabella Romero Garcia,Femenino,18-22,3,3,5,2,5,3,3,3,5,4,3,2,2,1,4,2,2,4,4,1,5,3,4,1,5,2,1,8,ESTJ
2026-07-25T14:55:18.617000+00:00,Valentina Acosta Sanchez,Masculino,18-22,4,5,5,5,2,4,4,4,3,3,4,5,3,4,5,3,5,2,1,3,2,2,3,2,-3,-1,4,-1,INTP
2026-07-19T18:06:32.131000+00:00,Mateo Lopez Romero,Femenino,28-32,3,5,5,4,4,4,2,3,4,3,5,3,3,2,3,4,4,4,3,5,2,2,5,5,-1,2,0,-2,ISTP
2026-07-25T19:19:20.203000+00:00,Matias Rivera Guerrero,Femenino,18-22,3,4,2,4,2,5,3,3,3,4,4,4,3,5,3,2,4,2,4,2,4,2,2,2,-6,-1,1,4,INTJ
2026-07-20T20:51:04.462000+00:00,Fernando Munoz Moreno,Masculino,23-27,3,1,4,4,3,2,2,4,3,3,1,4,2,2,4,2,4,2,4,5,3,2,5,5,3,-5,4,0,ENTJ
2026-07-23T09:13:15.976000+00:00,Eduardo Gonzalez Lopez,Femenino,18-22,5,2,1,1,2,3,2,2,5,1,3,5,3,4,5,2,4,2,3,2,4,2,4,3,2,2,4,4,ESTJ
2026-07-14T04:04:58.565000+00:00,Zoe Ramos Navarro,Femenino,33+,3,5,4,5,2,5,5,4,2,1,5,5,3,3,3,3,3,3,4,5,4,4,4,3,-6,2,0,0,ISTJ
2026-07-19T14:23:20.950000+00:00,Sebastian Fernandez Alvarez,Masculino,23-27,1,5,2,4,4,5,5,2,5,1,4,5,5,4,1,1,2,5,1,5,2,1,3,5,-7,6,-2,-5,ISFP
2026-07-14T21:01:32.944000+00:00,Sebastian Hernandez Ruiz,Masculino,18-22,3,4,1,4,1,5,3,2,3,4,3,3,2,4,2,2,3,3,2,4,1,2,4,5,-8,0,-2,-4,ISFP
2026-07-19T06:34:06.193000+00:00,Sara Vega Alvarez,Femenino,18-22,4,4,2,3,2,3,2,2,4,3,3,3,2,4,5,3,3,4,3,2,3,1,3,1,-2,1,-1,5,ISFJ
2026-07-22T20:49:17.161000+00:00,Fernando Vargas Rojas,Masculino,18-22,2,4,4,4,3,5,1,3,5,5,2,3,3,3,1,3,3,4,4,3,5,3,3,5,-4,-3,-3,1,INFJ
2026-07-27T16:34:25.399000+00:00,Miguel Maldonado Moreno,Masculino,18-22,5,2,5,2,3,4,4,1,3,2,4,3,1,5,2,3,3,2,4,1,5,2,3,2,5,5,-4,7,ESFJ
2026-07-22T13:46:37.003000+00:00,Regina Torres Fernandez,Femenino,33+,3,5,1,5,3,2,4,2,2,3,5,4,3,3,3,2,4,2,5,3,5,4,4,3,-5,2,3,4,ISTJ
2026-07-24T13:13:41.266000+00:00,Valentina Gomez Ortiz,Masculino,18-22,2,4,1,5,2,5,4,3,3,4,2,2,2,4,2,4,3,4,3,3,4,2,4,3,-9,0,-5,3,ISFJ
2026-07-27T17:36:25.399000+00:00,Isabella Gomez Fernandez,Masculino,18-22,5,4,5,2,3,3,4,2,2,1,3,3,2,5,2,4,5,3,4,1,5,2,2,3,4,3,-3,5,ESFJ
2026-07-22T11:40:20.203000+00:00,Leonardo Guzman Navarro,Femenino,18-22,4,5,2,2,2,4,1,3,3,4,4,3,4,5,4,3,3,4,5,2,5,1,2,2,-3,-2,-1,7,INFJ
2026-07-19T02:49:42.675000+00:00,Leonardo Guzman Torres,Femenino,18-22,4,3,3,2,2,5,4,2,5,4,2,3,5,5,2,4,2,4,1,5,2,4,3,5,-1,2,-4,-8,ISFP
2026-07-24T18:28:04.462000+00:00,Daniel Castro Reyes,Masculino,23-27,5,1,5,4,3,1,3,3,2,3,2,4,2,2,5,2,3,2,4,4,4,2,5,5,7,-3,4,2,ENTJ
2026-07-18T06:35:12.944000+00:00,Mia Chavez Rivera,Masculino,18-22,5,5,3,3,3,4,5,1,5,3,5,4,1,5,5,3,5,5,5,1,4,5,5,1,-1,7,-2,7,ISFJ
2026-07-18T16:18:38.529000+00:00,Julieta Ruiz Flores,Otro,18-22,4,3,2,5,5,4,4,4,4,3,3,3,3,4,3,4,3,4,4,3,2,1,3,4,-1,1,-3,1,ISFJ
2026-07-24T14:15:12.944000+00:00,Juan Diaz Pena,Masculino,18-22,3,4,4,3,3,5,5,1,4,1,4,3,3,5,5,3,4,5,5,1,4,4,4,1,-2,8,-1,7,ISFJ
2026-07-15T15:06:41.266000+00:00,Matias Herrera Cruz,Masculino,18-22,4,5,1,5,1,5,3,5,3,2,3,4,1,5,2,5,1,4,4,4,5,2,5,3,-9,-2,-10,5,INFJ
2026-07-19T01:38:23.103000+00:00,Daniel Gutierrez Ruiz,Masculino,18-22,5,1,3,1,5,4,1,3,3,4,1,4,4,2,5,4,5,2,4,3,5,1,5,3,7,-6,6,7,ENTJ
2026-07-25T00:09:56.881000+00:00,Julieta Moreno Aguilar,Femenino,18-22,4,4,1,4,4,3,3,1,5,3,1,4,3,1,4,3,4,3,3,2,5,5,3,3,-2,1,4,1,ISTJ
2026-07-15T18:42:38.529000+00:00,Santiago Castillo Castillo,Otro,18-22,3,4,4,3,3,2,4,3,5,4,5,5,3,5,4,4,4,5,4,4,2,3,3,2,1,2,-3,0,ESFJ
2026-07-20T12:57:20.671000+00:00,Andrea Castillo Medina,Femenino,18-22,2,3,5,3,5,1,5,2,5,1,5,5,1,5,4,4,4,5,5,4,4,1,4,1,5,7,-5,7,ESFJ
2026-07-23T14:37:32.944000+00:00,Paulina Ortiz Herrera,Masculino,18-22,4,5,1,5,2,5,3,2,4,4,4,3,2,4,3,2,4,3,3,3,2,2,4,5,-8,2,0,-1,ISTP
2026-07-25T03:28:38.572000+00:00,Mia Silva Herrera,Masculino,18-22,4,3,4,4,1,5,3,5,3,2,4,4,4,2,4,5,5,3,3,3,4,4,3,1,-3,-1,3,2,INTJ
2026-07-25T07:35:59.501000+00:00,Julieta Fernandez Aguilar,Femenino,18-22,3,5,3,4,1,5,5,4,3,5,5,4,4,3,3,4,3,3,2,1,2,3,5,2,-7,0,0,3,ISTJ
2026-07-22T20:46:17.004000+00:00,Andrea Navarro Lopez,Masculino,18-22,4,5,2,4,2,5,5,3,5,4,3,5,2,4,2,5,3,3,5,4,4,1,4,5,-6,1,-5,3,ISFJ
2026-07-17T13:39:32.944000+00:00,Leonardo Rojas Guerrero,Masculino,18-22,4,5,1,5,1,4,4,2,3,4,4,3,3,2,2,4,2,3,3,3,2,2,5,4,-8,2,-2,1,ISFJ
2026-07-19T20:29:51.949000+00:00,Santiago Navarro Gutierrez,Femenino,18-22,3,5,3,5,1,5,4,1,5,2,5,1,1,1,5,4,2,1,5,5,4,2,5,2,-8,10,2,5,ISTJ
2026-07-11T06:05:10.723000+00:00,Sebastian Flores Perez,Masculino,18-22,3,5,5,4,1,5,4,5,4,5,1,3,5,1,5,1,5,1,5,1,4,3,5,4,-5,-4,12,6,INTJ
2026-07-27T00:18:30.977000+00:00,Isabella Rivera Hernandez,Masculino,18-22,3,3,2,1,3,5,4,4,5,5,2,3,5,4,3,3,3,5,5,5,5,2,5,4,-1,-1,-1,4,INFJ
2026-07-14T09:38:41.266000+00:00,David Maldonado Hernandez,Masculino,18-22,2,3,2,5,2,4,4,3,3,2,3,2,1,3,2,5,2,4,3,5,5,1,5,4,-6,3,-7,3,ISFJ
2026-07-19T11:43:59.501000+00:00,Ximena Guzman Hernandez,Femenino,18-22,5,3,4,4,1,5,5,2,2,3,5,4,3,4,4,4,4,4,1,3,2,3,5,3,-2,3,-1,-1,ISFP
2026-07-16T22:28:28.818000+00:00,Carlos Castro Cruz,Masculino,18-22,5,4,3,1,4,1,4,3,4,3,3,3,5,1,5,1,5,3,5,2,5,1,2,2,6,2,10,7,ESTJ
2026-07-16T08:41:36.976000+00:00,Matias Maldonado Guzman,Femenino,18-22,5,1,5,4,4,2,1,4,4,4,2,4,2,5,5,3,3,5,1,5,4,1,2,4,7,-5,-3,-3,ENFP
2026-07-23T21:52:20.671000+00:00,Fernando Alvarez Medina,Femenino,18-22,2,3,5,3,3,3,5,3,4,2,4,4,3,5,3,4,4,5,5,5,4,1,5,1,1,4,-4,7,ESFJ
2026-07-28T00:01:34.267000+00:00,Nicolas Perez Guerrero,Femenino,18-22,1,5,2,4,2,4,4,2,4,1,3,2,5,1,2,2,4,2,4,3,3,2,4,3,-8,6,6,3,ISTJ
2026-07-26T21:28:06.193000+00:00,Renata Rios Castro,Femenino,18-22,3,4,2,2,2,4,4,3,3,2,4,3,1,3,5,2,2,4,5,4,5,1,3,2,-3,3,-1,6,ISFJ
2026-07-24T20:44:32.131000+00:00,Luis Acosta Silva,Femenino,28-32,3,3,4,4,3,3,1,3,3,5,5,3,3,1,4,4,3,3,3,5,1,1,5,5,0,-2,2,-2,ENTP
2026-07-21T11:26:18.617000+00:00,Nicolas Ramos Guerrero,Masculino,18-22,4,5,3,4,3,4,4,4,3,5,3,5,3,5,4,4,5,3,2,4,2,4,5,2,-3,-4,0,-1,INTP
2026-07-15T06:16:06.193000+00:00,Juan Mendez Mendoza,Femenino,18-22,3,4,1,3,1,4,4,3,4,4,3,2,3,4,5,3,2,3,3,2,4,1,3,2,-6,2,0,5,ISTJ
2026-07-16T06:52:38.572000+00:00,Valentina Gutierrez Mendoza,Masculino,18-22,4,3,4,2,2,5,2,3,3,3,4,2,5,4,4,4,4,4,4,1,4,2,3,1,0,1,1,7,ESTJ
2026-07-18T12:09:48.855000+00:00,Mariana Gomez Castro,Femenino,18-22,3,5,5,4,4,5,2,5,5,3,1,4,1,5,1,3,1,5,3,3,4,5,1,5,-2,-4,-10,-5,INFP
2026-07-19T06:28:20.203000+00:00,Antonella Soto Flores,Femenino,18-22,2,4,2,4,3,5,2,3,4,5,2,3,3,5,4,4,4,2,4,1,3,1,4,2,-6,-3,0,7,INTJ
2026-07-11T02:40:20.950000+00:00,Sofia Vargas Hernandez,Masculino,23-27,2,4,4,5,4,4,5,2,4,1,5,4,4,5,1,2,1,5,1,5,1,2,2,5,-3,7,-6,-8,ISFP
2026-07-27T17:57:37.003000+00:00,Nicolas Delgado Rivera,Femenino,33+,2,5,1,5,1,4,3,3,3,3,4,2,3,3,3,3,5,2,3,3,3,5,4,3,-10,2,3,-1,ISTP
2026-07-19T10:16:48.855000+00:00,Andres Navarro Cruz,Femenino,18-22,3,4,3,5,2,4,3,3,4,3,1,5,2,4,2,4,1,5,1,3,5,4,1,4,-5,-3,-8,-4,INFP
2026-07-17T13:01:48.855000+00:00,Antonella Flores Alvarez,Femenino,18-22,3,4,5,4,3,5,1,3,4,4,1,4,1,4,1,3,1,4,2,2,5,5,1,5,-2,-5,-8,-4,INFP
2026-07-14T11:31:38.529000+00:00,Antonella Medina Ramos,Otro,18-22,3,3,3,4,4,3,3,3,4,4,3,3,3,4,4,5,3,5,3,3,3,3,3,2,0,0,-4,1,ESFJ
2026-07-12T07:00:32.131000+00:00,Juan Herrera Romero,Femenino,28-32,2,4,5,5,4,4,2,3,3,5,4,3,4,1,2,2,3,5,3,4,1,1,5,5,-2,-2,1,-1,INTP
2026-07-14T11:58:17.161000+00:00,Diego Sanchez Navarro,Masculino,18-22,1,3,4,4,4,3,3,3,3,5,2,4,5,4,3,5,3,4,3,4,5,2,3,4,-1,-4,-2,1,INFJ
2026-07-26T12:13:25.651000+00:00,Mariana Sanchez Pena,Masculino,18-22,3,3,1,3,2,5,3,1,4,2,3,3,3,2,4,5,5,4,4,4,4,4,4,3,-5,4,1,1,ISTJ
2026-07-14T14:07:06.193000+00:00,Ximena Acosta Salazar,Femenino,18-22,2,5,1,2,1,5,2,2,5,3,4,3,1,4,3,2,4,2,3,3,4,2,4,1,-8,3,0,5,ISTJ
2026-07-19T01:53:38.529000+00:00,Julieta Morales Hernandez,Otro,18-22,3,3,2,3,4,3,4,4,5,4,3,4,3,4,3,5,4,4,3,4,3,1,3,3,0,0,-3,1,ESFJ
2026-07-14T18:23:09.634000+00:00,Leonardo Ramirez Sanchez,Masculino,23-27,4,5,3,3,1,3,5,2,4,2,3,3,3,4,5,4,2,4,5,2,3,3,4,4,-3,5,-2,3,ISFJ
2026-07-23T23:36:25.651000+00:00,Leonardo Gonzalez Garcia,Masculino,18-22,2,4,3,5,1,5,5,1,5,2,5,3,2,1,4,5,3,4,4,2,5,4,4,1,-8,9,-1,6,ISFJ
2026-07-15T12:31:56.881000+00:00,Daniel Diaz Alvarez,Femenino,18-22,4,4,2,4,5,4,2,2,5,4,1,2,4,3,3,3,4,2,2,2,5,5,1,3,-1,0,3,-2,ISTP
2026-07-27T13:09:20.671000+00:00,Andrea Vega Lopez,Femenino,18-22,2,2,5,2,3,2,4,3,5,3,4,4,1,5,4,5,3,4,5,4,5,1,5,1,4,3,-6,9,ESFJ
2026-07-11T06:27:40.939000+00:00,Sara Silva Munoz,Masculino,18-22,3,5,1,4,1,5,3,4,5,2,4,5,5,4,3,3,3,4,4,4,1,1,5,3,-9,1,0,2,ISTJ
2026-07-22T20:04:20.641000+00:00,Paulina Reyes Flores,Femenino,23-27,4,1,2,5,2,5,1,3,2,1,4,1,3,1,3,5,4,4,5,2,4,3,3,4,-3,2,0,3,ISTJ
2026-07-24T11:57:11.216000+00:00,Santiago Rodriguez Chavez,Masculino,18-22,3,2,2,4,2,5,4,4,4,3,2,2,4,4,5,3,4,2,3,3,2,3,4,4,-4,1,4,-1,ISTP
2026-07-27T10:22:03.277000+00:00,Natalia Jimenez Acosta,Masculino,18-22,2,4,5,4,2,4,2,3,5,3,4,5,3,5,3,5,3,4,1,1,4,2,2,1,-3,0,-5,3,ISFJ
2026-07-27T13:37:03.277000+00:00,Zoe Navarro Torres,Masculino,18-22,2,5,5,5,2,4,4,3,3,2,4,4,1,5,2,4,4,5,3,2,4,3,2,2,-5,2,-7,2,ISFJ
2026-07-27T23:56:25.399000+00:00,David Ortiz Alvarez,Masculino,18-22,4,3,4,1,2,4,2,1,3,2,3,4,2,5,4,4,3,2,5,1,5,2,4,1,2,1,-2,10,ESFJ
2026-07-24T11:48:32.753000+00:00,Nicolas Gonzalez Mendez,Femenino,18-22,3,5,3,5,2,4,4,2,4,1,4,5,4,4,5,4,3,3,3,3,4,3,2,2,-6,4,1,1,ISTJ
2026-07-27T16:07:27.487000+00:00,Alejandro Aguilar Gutierrez,Femenino,18-22,4,3,4,1,4,3,2,1,4,4,3,2,4,4,5,2,5,4,4,1,4,1,4,3,5,2,4,7,ESTJ
2026-07-15T20:51:38.572000+00:00,Isabella Mendez Sanchez,Masculino,18-22,5,3,5,4,1,4,3,3,5,2,4,4,3,2,5,4,5,3,2,2,5,3,5,1,0,3,4,6,ESTJ
2026-07-22T20:22:43.226000+00:00,Samantha Chavez Flores,Masculino,18-22,2,5,1,5,1,4,2,4,4,4,3,4,3,4,3,5,2,4,5,5,5,2,4,4,-10,-3,-5,3,INFJ
2026-07-16T08:39:36.976000+00:00,Renata Gutierrez Diaz,Femenino,18-22,5,1,5,5,5,3,1,3,5,4,1,5,1,5,3,1,3,5,1,4,3,2,2,5,6,-5,-4,-5,ENFP
2026-07-23T16:22:11.216000+00:00,Sebastian Chavez Rios,Masculino,18-22,4,2,2,5,3,4,5,4,5,2,4,3,2,3,4,2,5,3,3,4,3,5,3,3,-2,5,3,-3,ISTP
2026-07-20T21:04:03.277000+00:00,Pedro Soto Hernandez,Masculino,18-22,1,4,3,5,1,4,3,5,4,2,4,4,3,5,1,4,4,4,2,1,3,4,1,1,-8,0,-5,0,ISFJ
2026-07-17T17:05:23.103000+00:00,Leonardo Rivera Ramirez,Masculino,18-22,4,2,3,2,3,5,1,2,3,4,1,4,4,2,5,2,5,3,2,3,5,1,5,5,1,-5,7,3,ENTJ
2026-07-20T17:00:32.131000+00:00,Elena Fernandez Navarro,Femenino,28-32,3,3,5,5,4,3,1,4,4,4,4,4,5,1,3,2,3,5,1,4,1,1,5,5,1,-3,3,-3,ENTP
2026-07-24T14:09:17.020000+00:00,Martina Gomez Gomez,Femenino,18-22,3,3,5,2,5,3,5,3,3,2,2,4,2,3,5,3,4,4,5,3,5,3,4,1,5,1,1,7,ESTJ
2026-07-27T11:00:23.103000+00:00,Antonella Herrera Martinez,Masculino,18-22,4,1,3,1,3,5,2,3,3,2,1,3,3,3,5,2,4,3,3,4,5,1,5,3,3,-2,4,5,ENTJ
2026-07-23T11:07:59.501000+00:00,Emilia Alvarez Sanchez,Femenino,18-22,4,5,2,4,1,5,5,3,3,4,3,2,3,2,2,3,5,3,2,3,4,3,4,1,-7,2,2,3,ISTJ
2026-07-16T19:17:43.226000+00:00,Mateo Castro Torres,Masculino,18-22,2,5,1,5,1,5,1,5,5,3,2,5,4,4,3,5,2,3,5,4,5,2,4,5,-11,-5,-3,3,INFJ
2026-07-13T06:30:03.080000+00:00,Pedro Delgado Romero,Femenino,18-22,3,4,3,3,1,5,5,2,1,4,1,1,1,3,2,5,3,2,3,2,3,1,1,1,-5,0,-4,3,ISFJ
2026-07-15T16:42:17.004000+00:00,Sofia Rodriguez Morales,Masculino,18-22,3,5,3,4,2,5,3,5,5,5,4,5,1,5,3,4,2,3,4,3,5,1,5,5,-6,-3,-6,5,INFJ
2026-07-20T07:20:36.976000+00:00,Luciana Rojas Herrera,Femenino,18-22,5,1,4,5,4,3,1,3,4,5,2,5,1,5,5,3,3,5,2,5,3,2,1,5,4,-6,-4,-6,ENFP
2026-07-12T10:42:48.826000+00:00,Valeria Chavez Vega,Femenino,18-22,4,5,1,5,2,5,2,2,3,3,3,3,4,3,4,3,3,3,4,3,4,3,3,2,-8,0,2,3,ISTJ
2026-07-16T05:29:09.573000+00:00,Paulina Ramirez Munoz,Masculino,18-22,4,2,1,1,2,4,5,5,4,5,4,4,5,3,3,3,4,4,3,4,4,4,5,3,0,-1,2,1,ENTJ
2026-07-14T14:53:04.462000+00:00,Paulina Guerrero Herrera,Masculino,23-27,4,2,3,3,2,2,3,5,2,4,1,3,3,2,5,2,3,2,4,5,3,2,3,5,2,-6,5,-2,ENTP
2026-07-24T11:03:32.131000+00:00,Victoria Castillo Jimenez,Femenino,28-32,2,4,4,5,3,2,3,4,3,5,5,4,3,1,3,3,5,5,3,4,1,1,4,5,-2,-2,2,-2,INTP
2026-07-15T20:27:05.108000+00:00,Luciana Munoz Rios,Masculino,18-22,2,5,2,4,1,4,2,3,5,1,2,3,3,4,4,2,3,4,2,4,4,4,3,3,-8,2,0,-2,ISTP
2026-07-16T17:11:11.216000+00:00,Sebastian Vargas Reyes,Masculino,18-22,3,4,4,5,2,3,4,3,4,3,2,1,2,2,4,1,4,1,2,4,3,4,3,3,-3,3,6,-3,ISTP
2026-07-24T23:59:32.944000+00:00,Mariana Aguilar Acosta,Masculino,18-22,3,4,1,4,2,5,3,3,5,4,4,5,4,3,3,4,3,5,3,3,2,1,5,5,-7,0,-2,1,ISFJ
2026-07-23T11:26:03.080000+00:00,Julieta Silva Alvarez,Femenino,18-22,4,2,1,3,1,5,4,1,1,5,1,1,1,3,3,4,2,2,1,4,5,3,3,1,-4,-1,-3,1,INFJ
2026-07-14T08:50:15.831000+00:00,Emilia Delgado Ramos,Masculino,18-22,2,5,1,5,1,4,3,3,4,3,4,5,3,5,4,5,3,5,1,4,4,5,4,5,-10,0,-5,-5,ISFP
2026-07-16T09:56:48.826000+00:00,Regina Guzman Acosta,Femenino,18-22,4,5,2,5,1,3,4,4,3,3,3,3,4,3,3,4,3,3,4,1,4,3,5,2,-6,0,0,7,ISTJ
2026-07-25T00:20:25.651000+00:00,Natalia Rios Sanchez,Masculino,18-22,2,4,3,3,1,4,5,1,5,2,5,2,1,3,5,5,4,5,2,2,3,4,5,3,-5,10,-3,1,ISFJ
2026-07-25T06:52:11.506000+00:00,Andres Moreno Guerrero,Masculino,18-22,3,1,3,3,3,4,3,2,2,5,2,5,1,4,1,4,5,1,3,1,5,4,5,2,1,-5,-2,6,ENFJ
2026-07-25T19:47:25.651000+00:00,Jorge Chavez Perez,Masculino,18-22,3,5,2,5,2,5,5,2,4,2,4,3,3,2,5,4,3,3,2,4,3,3,5,2,-8,6,2,1,ISTJ
2026-07-12T18:37:43.226000+00:00,Paulina Romero Guerrero,Masculino,18-22,2,5,2,5,2,5,2,5,4,3,2,5,4,5,1,4,1,4,4,5,5,2,4,5,-9,-5,-7,1,INFJ
2026-07-18T19:19:10.374000+00:00,Renata Navarro Soto,Femenino,18-22,2,2,4,1,4,2,1,1,5,5,4,1,5,1,4,3,4,1,5,4,2,1,5,1,5,3,8,6,ESTJ
2026-07-27T01:24:20.203000+00:00,Natalia Medina Maldonado,Femenino,18-22,2,5,4,2,2,3,2,2,4,3,2,3,3,3,3,4,3,4,4,1,5,1,4,2,-2,0,-2,9,ISFJ
2026-07-18T21:53:58.085000+00:00,Eduardo Fernandez Jimenez,Masculino,18-22,4,5,4,2,3,1,5,2,5,5,5,5,3,4,5,5,5,5,5,5,4,1,4,1,3,3,-1,6,ESFJ
2026-07-15T15:32:18.617000+00:00,Elena Moreno Castro,Masculino,18-22,3,4,5,5,4,4,3,3,2,3,2,4,4,3,3,2,4,4,3,3,1,2,3,3,-1,-3,2,-1,INTP
2026-07-20T21:22:20.203000+00:00,Jorge Acosta Guzman,Femenino,18-22,4,5,4,2,1,3,3,2,5,3,2,5,3,4,4,3,4,2,5,1,3,1,2,4,-1,0,2,4,ISTJ
2026-07-17T13:41:59.501000+00:00,Sofia Rodriguez Ramos,Femenino,18-22,4,3,4,4,1,5,4,3,2,3,5,3,4,2,3,4,5,3,3,2,4,3,4,1,-3,2,3,5,ISTJ
2026-07-15T04:37:01.471000+00:00,Renata Flores Ortiz,Masculino,18-22,3,5,4,4,2,2,3,5,4,2,3,1,4,4,5,5,3,2,5,2,3,4,3,1,-2,2,1,4,ISTJ
2026-07-12T01:59:17.020000+00:00,Valeria Salazar Torres,Femenino,18-22,3,3,4,2,4,3,4,3,3,2,4,3,2,1,4,1,3,4,4,3,4,5,5,1,3,3,3,4,ESTJ
2026-07-13T04:38:03.080000+00:00,Camila Rivera Alvarez,Femenino,18-22,5,3,1,5,2,4,5,1,2,4,2,2,2,3,3,4,2,3,1,4,5,3,3,2,-4,2,-3,0,ISFJ
2026-07-23T16:38:04.989000+00:00,Joaquin Gomez Aguilar,Femenino,18-22,3,5,2,2,5,5,3,5,4,4,1,3,3,2,4,4,1,1,3,3,4,2,5,2,-2,-4,1,5,INTJ
2026-07-17T04:42:32.131000+00:00,Victoria Ruiz Maldonado,Femenino,28-32,4,4,5,5,3,2,2,5,3,3,4,3,4,1,4,3,4,4,3,5,1,2,4,5,1,-2,4,-4,ENTP
2026-07-23T15:32:05.108000+00:00,Sara Herrera Gutierrez,Masculino,18-22,2,4,3,4,2,5,4,1,5,3,4,4,3,5,4,2,3,5,4,2,4,3,4,3,-6,5,-2,4,ISFJ
2026-07-20T19:48:20.203000+00:00,Emilia Mendez Lopez,Femenino,18-22,4,4,4,2,3,5,2,2,5,4,4,3,2,4,3,3,4,2,3,3,3,2,2,4,0,2,0,-1,ESTP
2026-07-24T23:38:04.462000+00:00,Mariana Ramos Castro,Masculino,23-27,4,2,3,4,2,2,2,4,2,2,1,2,3,1,5,1,3,1,4,5,4,1,3,4,1,-3,8,1,ENTJ
2026-07-21T03:23:51.949000+00:00,Daniel Herrera Gonzalez,Femenino,18-22,3,5,3,5,2,5,4,3,5,1,4,1,2,2,5,5,2,1,5,4,5,2,5,3,-7,8,1,6,ISTJ
2026-07-24T10:56:04.989000+00:00,Valentina Castro Lopez,Femenino,18-22,2,5,2,3,4,4,2,5,3,4,1,5,3,1,4,2,2,2,4,1,2,2,5,1,-4,-8,4,7,INTJ
2026-07-14T12:16:58.762000+00:00,Miguel Romero Rodriguez,Femenino,23-27,5,3,4,5,3,3,5,1,3,2,2,4,2,5,5,2,4,1,5,2,4,3,3,2,1,3,3,5,ESTJ
2026-07-14T23:32:10.374000+00:00,Ana Salazar Fernandez,Femenino,18-22,3,1,4,1,4,1,2,3,4,4,4,1,3,1,5,3,4,1,3,4,1,1,5,1,8,2,7,3,ESTJ
2026-07-20T14:50:37.003000+00:00,Isabella Guerrero Vasquez,Femenino,33+,4,5,1,4,2,2,3,3,2,3,4,4,5,4,4,4,4,4,5,2,3,5,3,3,-4,-1,1,1,INTJ
2026-07-16T06:12:04.989000+00:00,Camila Castillo Aguilar,Femenino,18-22,4,3,1,2,5,5,4,5,5,5,1,4,2,3,3,3,1,1,4,3,2,2,5,1,0,-4,-1,5,ENFJ
2026-07-12T10:33:48.855000+00:00,Camila Lopez Medina,Femenino,18-22,3,5,4,5,2,4,1,3,5,4,2,4,1,3,3,3,1,5,2,4,4,5,1,4,-5,-3,-6,-6,INFP
2026-07-19T17:06:25.399000+00:00,Mariana Perez Flores,Masculino,18-22,5,2,5,2,1,5,2,1,3,2,3,3,1,5,3,3,4,1,5,1,5,4,2,1,2,2,-1,6,ESFJ
2026-07-16T22:11:17.433000+00:00,Daniel Flores Moreno,Masculino,18-22,4,3,5,4,5,1,2,5,3,3,3,4,1,1,3,1,3,3,3,5,2,4,3,4,6,-4,2,-5,ENTP
2026-07-19T07:03:48.826000+00:00,Martina Gomez Moreno,Femenino,18-22,2,4,1,5,2,4,2,4,4,2,5,1,4,4,2,4,4,3,2,2,4,1,3,2,-8,4,-1,4,ISFJ
2026-07-16T14:14:20.641000+00:00,Camila Acosta Mendoza,Femenino,23-27,4,2,4,5,3,5,2,2,3,3,2,1,4,1,3,4,5,3,4,1,5,3,3,3,-1,1,4,5,ISTJ
2026-07-25T07:47:05.108000+00:00,Martina Perez Torres,Masculino,18-22,1,5,4,5,1,4,4,1,5,3,4,5,3,3,2,2,3,3,3,4,4,4,3,2,-8,4,0,0,ISTJ
2026-07-24T23:06:42.675000+00:00,Tomas Aguilar Hernandez,Femenino,18-22,2,4,2,4,3,5,3,3,4,4,4,2,5,4,3,4,2,3,3,5,4,4,5,5,-6,2,-1,-2,ISFP
2026-07-22T09:13:11.506000+00:00,Alejandro Maldonado Guerrero,Masculino,18-22,1,1,2,4,1,5,2,3,3,5,2,4,1,4,2,4,4,3,3,1,5,4,4,1,-6,-5,-4,6,INFJ
2026-07-23T10:36:09.573000+00:00,Gabriel Rivera Alvarez,Masculino,18-22,4,2,1,2,1,4,5,5,5,3,3,5,5,4,2,5,5,4,4,5,4,5,5,5,-2,0,-1,-2,ISFP
2026-07-18T12:36:32.753000+00:00,Fernando Vega Acosta,Femenino,18-22,3,5,4,5,3,4,3,3,2,1,3,3,3,2,4,3,2,2,3,5,2,5,2,1,-4,1,2,-4,ISTP
2026-07-16T05:31:34.267000+00:00,Leonardo Silva Maldonado,Femenino,18-22,2,3,2,4,1,4,5,3,4,1,2,2,5,1,3,1,4,4,4,3,3,1,4,1,-6,5,6,6,ISTJ
2026-07-22T22:02:56.881000+00:00,Ana Maldonado Chavez,Femenino,18-22,4,2,1,3,4,4,2,3,5,4,3,3,2,3,5,4,4,4,2,2,3,5,3,3,0,0,0,-2,ESTP
2026-07-21T23:32:20.671000+00:00,Antonella Vargas Guzman,Femenino,18-22,1,3,4,2,3,2,5,2,5,2,5,4,2,4,5,5,5,4,5,5,5,1,5,2,1,7,-1,7,ESFJ
2026-07-14T18:13:11.506000+00:00,Gabriel Munoz Cruz,Masculino,18-22,1,1,3,3,3,4,3,4,2,5,3,5,1,4,3,3,5,1,2,1,5,5,4,1,-1,-6,1,4,INTJ
2026-07-18T20:50:09.634000+00:00,Julieta Moreno Rivera,Masculino,23-27,4,3,4,5,1,4,4,1,4,3,4,5,2,4,5,2,3,4,4,3,5,2,2,2,-3,3,0,4,ISTJ
2026-07-17T15:57:56.881000+00:00,Luis Navarro Delgado,Femenino,18-22,5,3,1,4,4,2,2,2,3,2,3,2,4,3,5,2,2,3,3,2,5,5,2,3,1,2,3,0,ESTJ
2026-07-20T05:30:32.131000+00:00,Nicolas Lopez Gonzalez,Femenino,28-32,2,5,5,4,4,3,2,4,3,3,4,4,3,1,4,3,3,3,3,5,1,2,4,5,-1,-2,3,-4,INTP
2026-07-22T03:08:58.762000+00:00,Fernando Acosta Mendoza,Femenino,23-27,5,2,5,4,4,3,3,1,3,2,2,2,1,4,4,2,4,1,3,2,3,4,5,2,5,3,2,3,ESTJ
2026-07-25T14:22:09.573000+00:00,Samantha Chavez Munoz,Masculino,18-22,4,4,3,2,1,3,4,3,4,4,3,4,3,3,3,3,3,5,5,5,4,4,5,4,-1,0,-2,1,ISFJ
2026-07-18T07:39:17.004000+00:00,Regina Flores Hernandez,Masculino,18-22,2,5,4,5,1,5,5,3,4,5,4,4,1,3,3,4,1,4,4,5,5,3,5,4,-8,1,-6,2,ISFJ
2026-07-17T11:37:20.671000+00:00,Emilio Flores Ramos,Femenino,18-22,2,3,5,3,4,3,5,3,3,3,3,4,3,5,3,3,5,3,5,4,4,1,5,2,2,1,0,7,ESTJ
2026-07-24T21:42:03.277000+00:00,Andres Ortiz Rivera,Masculino,18-22,1,4,3,5,2,5,3,3,3,4,5,5,2,5,2,4,2,3,1,1,4,4,2,2,-8,-1,-6,0,INFJ
2026-07-24T14:41:18.617000+00:00,Ana Vega Guerrero,Masculino,18-22,4,3,4,5,3,5,3,2,2,3,2,5,4,5,3,3,4,4,2,2,2,3,3,2,-2,-3,-1,0,INFJ
2026-07-20T04:58:38.572000+00:00,Sebastian Chavez Maldonado,Masculino,18-22,3,2,3,2,2,5,4,5,4,3,5,3,5,4,4,4,4,5,4,2,3,4,4,3,-1,2,0,2,ISTJ
2026-07-13T07:45:40.939000+00:00,Emilia Romero Medina,Masculino,18-22,2,5,1,5,3,5,1,2,5,2,5,4,5,5,2,4,1,4,5,4,1,2,3,2,-9,3,-5,1,ISFJ
2026-07-16T22:04:11.216000+00:00,Fernando Alvarez Hernandez,Masculino,18-22,3,3,2,5,3,4,5,3,4,3,4,2,3,2,3,2,4,2,4,2,3,5,3,4,-4,5,4,-1,ISTP
2026-07-20T13:12:06.193000+00:00,David Rodriguez Rivera,Femenino,18-22,2,4,2,2,2,4,2,2,5,4,4,3,3,4,5,4,4,4,4,4,4,2,3,3,-4,2,0,2,ISTJ
2026-07-15T16:34:38.529000+00:00,Daniel Medina Lopez,Otro,18-22,2,3,3,5,4,3,4,3,4,4,3,5,2,5,3,5,4,4,5,5,3,1,3,3,-2,-1,-5,2,INFJ
2026-07-14T11:23:20.203000+00:00,Renata Mendoza Perez,Femenino,18-22,2,4,3,4,1,3,2,4,4,4,4,5,4,5,2,3,2,3,5,1,4,2,2,3,-5,-3,-3,5,INFJ
2026-07-14T03:49:05.108000+00:00,Carlos Fernandez Soto,Masculino,18-22,1,5,4,4,1,5,2,3,5,2,3,5,2,4,4,4,3,3,2,4,5,2,4,1,-8,0,-2,4,ISFJ
2026-07-21T19:49:03.277000+00:00,Samuel Maldonado Castillo,Masculino,18-22,2,4,3,4,1,5,2,3,3,2,3,4,3,5,2,5,4,5,2,2,3,3,1,1,-7,-1,-6,0,INFJ
2026-07-20T21:16:56.881000+00:00,Samantha Alvarez Mendez,Femenino,18-22,4,3,2,3,4,2,4,3,5,2,2,3,4,1,4,4,4,2,3,1,3,4,2,1,2,3,5,2,ESTJ
2026-07-17T16:58:10.374000+00:00,Martina Reyes Silva,Femenino,18-22,4,1,4,3,2,1,2,3,4,4,5,3,4,2,5,4,4,3,4,4,3,1,4,1,5,1,4,5,ESTJ
2026-07-15T02:52:23.103000+00:00,Regina Vega Soto,Masculino,18-22,4,1,3,1,3,4,1,1,2,2,1,4,4,3,4,4,5,3,3,4,4,1,5,4,4,-3,3,3,ENTJ
2026-07-12T22:51:22.619000+00:00,Tomas Sanchez Herrera,Otro,18-22,3,5,3,5,2,5,4,3,3,4,2,4,3,4,3,4,1,5,3,4,4,4,4,4,-7,-2,-6,-1,INFP
2026-07-16T02:31:42.675000+00:00,Nicolas Mendez Sanchez,Femenino,18-22,4,2,3,4,3,5,3,1,5,2,3,4,5,4,4,3,3,2,3,5,4,5,5,5,-1,4,3,-3,ISTP
2026-07-17T04:46:51.949000+00:00,Julieta Munoz Cruz,Femenino,18-22,3,4,3,5,2,5,4,1,5,1,3,1,3,1,5,5,2,1,4,4,5,1,4,2,-6,9,3,6,ISTJ
2026-07-16T01:40:25.651000+00:00,Sara Soto Medina,Masculino,18-22,2,3,3,5,1,5,5,2,5,2,4,3,2,2,3,4,5,4,2,4,4,4,5,2,-7,7,0,1,ISTJ
2026-07-20T23:53:53.029000+00:00,Elena Alvarez Rojas,Masculino,18-22,1,3,4,1,3,3,1,3,2,2,2,4,3,2,4,3,4,4,2,5,2,1,3,5,1,-4,2,-4,ENTP
2026-07-21T23:22:11.506000+00:00,Miguel Salazar Gutierrez,Masculino,18-22,2,1,2,4,2,4,4,3,1,3,3,5,2,4,3,3,5,2,3,1,5,4,4,1,-3,-3,1,6,INTJ
2026-07-22T02:42:30.977000+00:00,Emilia Rojas Soto,Masculino,18-22,2,2,4,3,4,5,4,5,4,5,4,5,4,2,3,4,2,5,5,3,3,1,4,2,0,-3,-2,6,ENFJ
2026-07-24T17:21:03.080000+00:00,Martina Delgado Flores,Femenino,18-22,4,4,1,4,2,4,5,3,1,5,1,2,3,4,3,5,1,2,2,3,3,2,2,1,-5,-3,-4,1,INFJ
2026-07-18T15:23:18.617000+00:00,Mia Rojas Medina,Masculino,18-22,5,3,3,4,2,4,3,2,2,3,4,5,2,5,3,2,4,2,1,2,3,3,5,2,-1,-1,0,2,INTJ
2026-07-23T03:05:09.634000+00:00,Matias Ruiz Delgado,Masculino,23-27,3,4,5,5,1,4,5,2,4,3,3,5,3,3,4,4,3,2,4,2,4,1,3,4,-4,2,1,4,ISTJ
2026-07-24T10:43:03.277000+00:00,Zoe Delgado Soto,Masculino,18-22,2,5,4,5,2,4,3,3,4,4,5,4,3,5,2,5,2,5,1,1,4,3,1,2,-6,1,-8,0,ISFJ
2026-07-20T21:45:20.950000+00:00,Mia Vargas Medina,Masculino,23-27,1,5,2,5,4,5,5,3,5,3,5,5,5,4,2,2,2,4,1,5,1,1,3,4,-8,4,-1,-5,ISFP
2026-07-27T11:58:20.671000+00:00,Luciana Acosta Acosta,Femenino,18-22,2,3,5,1,5,2,3,2,4,3,4,5,2,4,5,3,5,3,5,5,5,1,4,1,6,1,2,7,ESTJ
2026-07-25T23:12:09.634000+00:00,Mariana Delgado Ortiz,Masculino,23-27,3,3,4,5,1,3,4,2,5,4,5,3,2,2,4,4,3,2,5,2,5,3,3,4,-3,5,1,4,ISTJ
2026-07-16T17:42:38.572000+00:00,Natalia Perez Gonzalez,Masculino,18-22,3,2,5,4,2,4,2,3,3,3,5,2,5,2,5,4,4,5,3,1,4,4,4,2,0,2,3,4,ESTJ
2026-07-17T12:02:32.753000+00:00,Nicolas Gonzalez Alvarez,Femenino,18-22,1,4,2,5,2,4,4,1,4,1,5,3,4,3,3,5,1,2,2,5,2,4,1,2,-8,8,-2,-6,ISFP
2026-07-17T13:58:53.029000+00:00,Gabriel Rodriguez Mendez,Masculino,18-22,3,4,3,1,1,1,1,3,3,3,2,4,3,2,3,4,3,3,1,3,2,2,3,4,1,-4,0,-3,ENTP
2026-07-19T23:49:53.029000+00:00,Tomas Medina Mendez,Masculino,18-22,1,3,4,1,1,3,3,1,4,2,1,4,1,3,5,4,4,4,1,3,2,1,2,5,-1,1,-1,-4,ISFP
2026-07-16T17:19:11.506000+00:00,Joaquin Castillo Jimenez,Masculino,18-22,1,1,3,3,2,5,2,4,3,3,1,5,1,5,3,3,3,2,3,2,5,4,5,1,-3,-6,-3,6,INFJ
2026-07-21T19:12:01.471000+00:00,Tomas Moreno Maldonado,Masculino,18-22,3,4,3,3,1,3,3,4,5,3,2,2,3,4,5,4,3,3,3,2,3,4,4,1,-3,1,0,3,ISTJ
2026-07-21T11:00:01.471000+00:00,Leonardo Garcia Rojas,Masculino,18-22,4,3,4,2,3,4,3,5,5,2,3,3,2,3,3,5,2,4,3,2,3,3,5,1,2,1,-5,5,ESFJ
2026-07-26T19:15:20.671000+00:00,Regina Martinez Castillo,Femenino,18-22,1,2,4,2,5,3,5,3,5,2,5,3,2,4,4,3,3,5,5,4,4,2,5,1,3,7,-3,7,ESFJ
2026-07-18T23:27:56.881000+00:00,Sofia Castillo Lopez,Femenino,18-22,5,2,3,4,4,2,3,2,5,2,3,4,3,2,4,4,2,3,1,1,5,4,2,3,4,3,0,0,ESTJ
2026-07-18T07:08:58.565000+00:00,Felipe Reyes Vega,Femenino,33+,1,4,5,5,2,5,5,4,3,1,4,3,4,3,4,3,3,3,3,4,5,4,3,3,-6,4,2,0,ISTJ
2026-07-17T18:32:34.267000+00:00,Regina Sanchez Perez,Femenino,18-22,3,5,1,4,1,5,4,1,5,2,2,3,3,1,4,1,3,3,5,3,4,1,5,1,-9,5,5,9,ISTJ
2026-07-23T20:08:42.675000+00:00,Andrea Jimenez Maldonado,Femenino,18-22,4,2,4,4,2,5,3,3,5,2,2,4,4,4,4,4,2,2,1,3,4,4,3,5,-1,1,0,-4,ISTP
2026-07-23T17:51:23.103000+00:00,Paulina Vasquez Gomez,Masculino,18-22,4,2,2,1,5,5,2,3,2,3,1,4,3,2,5,3,4,3,2,5,5,1,5,5,3,-5,4,1,ENTJ
2026-07-13T23:07:42.675000+00:00,Luciana Guzman Hernandez,Femenino,18-22,2,3,3,3,3,4,2,1,5,3,3,3,5,5,3,5,3,2,2,4,4,5,5,4,-2,3,-1,-2,ISFP
2026-07-21T16:51:37.003000+00:00,Regina Aguilar Castro,Femenino,33+,2,5,1,5,1,3,3,4,2,1,5,3,4,4,5,3,4,4,5,3,5,4,4,3,-9,2,2,4,ISTJ
2026-07-14T07:46:03.277000+00:00,Joaquin Lopez Sanchez,Masculino,18-22,1,5,3,5,1,5,4,4,3,2,5,5,3,5,3,5,4,3,1,1,5,2,1,1,-10,1,-3,3,ISFJ
2026-07-19T12:52:03.080000+00:00,Fernando Martinez Gonzalez,Femenino,18-22,3,4,2,4,1,5,5,3,1,5,1,1,3,3,1,5,2,3,1,3,3,2,1,1,-7,-2,-5,-1,INFP
2026-07-21T00:29:03.277000+00:00,Luciana Ortiz Silva,Masculino,18-22,1,4,3,5,1,4,4,3,3,3,3,4,3,5,1,4,2,5,1,1,5,2,1,2,-8,0,-8,2,ISFJ
2026-07-18T09:58:59.501000+00:00,Mia Rios Aguilar,Femenino,18-22,5,3,2,5,2,5,4,2,4,5,5,3,5,3,2,4,4,2,2,2,4,3,5,3,-4,3,2,3,ISTJ
2026-07-18T13:39:17.020000+00:00,David Aguilar Morales,Femenino,18-22,2,4,4,4,5,4,3,5,5,3,3,3,3,3,5,1,2,4,5,1,4,4,5,1,-1,0,2,8,ISTJ
2026-07-22T06:19:32.753000+00:00,Ximena Guerrero Gonzalez,Femenino,18-22,2,5,3,5,3,3,4,3,2,3,5,5,3,2,5,4,3,1,4,5,3,5,1,3,-5,0,4,-5,ISTP
2026-07-20T17:07:25.651000+00:00,Samuel Delgado Gonzalez,Masculino,18-22,3,5,1,4,2,5,3,3,5,1,4,3,3,1,3,3,4,4,4,2,4,2,5,2,-8,5,2,7,ISTJ
2026-07-23T08:12:56.881000+00:00,Paulina Guzman Gonzalez,Femenino,18-22,5,4,3,4,4,3,2,3,5,3,2,2,2,3,5,2,3,4,2,2,4,5,1,1,1,1,1,-1,ESTP
2026-07-20T04:07:28.818000+00:00,Daniel Flores Romero,Masculino,18-22,3,4,4,2,4,2,3,4,3,3,5,2,4,2,5,2,5,5,5,2,5,2,4,1,3,2,5,9,ESTJ
2026-07-17T06:18:10.723000+00:00,Daniel Acosta Gutierrez,Masculino,18-22,3,5,5,4,1,5,5,5,5,5,1,5,5,2,5,1,5,1,4,2,5,4,4,4,-5,-4,11,3,INTJ
2026-07-22T04:21:17.161000+00:00,Andres Rodriguez Cruz,Masculino,18-22,1,5,5,4,2,5,1,5,3,4,2,5,5,3,2,4,2,5,3,3,5,1,4,4,-6,-8,-3,4,INFJ
2026-07-27T01:11:32.753000+00:00,Ximena Maldonado Herrera,Femenino,18-22,1,5,4,5,1,3,5,1,2,1,3,4,2,2,5,4,1,1,2,5,2,3,3,1,-7,4,1,-2,ISTP
2026-07-22T09:32:23.103000+00:00,Isabella Reyes Mendoza,Masculino,18-22,4,1,2,1,3,4,3,3,1,4,1,4,2,3,5,2,4,2,3,3,4,1,4,5,3,-6,4,2,ENTJ
2026-07-24T15:38:40.939000+00:00,Valentina Mendoza Rojas,Masculino,18-22,2,5,1,4,1,4,3,3,5,1,4,3,5,5,3,5,2,3,5,5,3,1,3,3,-9,5,-3,2,ISFJ
2026-07-14T04:05:18.617000+00:00,Matias Delgado Soto,Masculino,18-22,5,3,5,5,4,5,3,3,3,4,2,3,3,4,5,2,5,2,3,3,1,3,3,3,1,-2,5,-2,ENTP
2026-07-18T14:03:58.762000+00:00,Fernanda Herrera Castillo,Femenino,23-27,5,3,4,4,4,1,3,1,4,2,4,4,3,4,4,1,4,1,5,1,3,3,3,1,5,4,5,6,ESTJ
2026-07-18T17:49:32.753000+00:00,Natalia Acosta Sanchez,Femenino,18-22,3,5,4,5,1,5,5,1,3,3,5,5,4,2,3,3,1,1,3,5,4,3,1,2,-7,4,2,-2,ISTP
2026-07-27T18:44:20.641000+00:00,Luciana Rivera Vega,Femenino,23-27,4,1,2,4,3,4,2,1,2,3,4,1,2,3,2,4,4,3,4,2,4,1,3,2,0,3,-2,6,ESFJ
2026-07-13T14:50:22.619000+00:00,Emilia Alvarez Pena,Otro,18-22,1,4,2,5,3,5,3,2,4,5,2,3,3,3,4,3,1,5,2,4,4,4,3,3,-8,-1,-3,-2,INFP
2026-07-21T23:21:11.506000+00:00,Martina Salazar Martinez,Masculino,18-22,2,2,3,4,3,4,4,2,1,4,1,4,1,5,2,4,3,2,3,1,4,4,4,1,-2,-4,-5,5,INFJ
2026-07-26T21:51:11.216000+00:00,Martina Vasquez Vargas,Masculino,18-22,4,2,3,5,2,3,5,2,5,3,2,2,2,2,5,3,4,1,2,4,3,3,4,3,-1,5,5,-1,ISTP
2026-07-20T13:09:25.651000+00:00,Mariana Fernandez Hernandez,Masculino,18-22,2,5,2,5,1,4,5,2,5,2,4,2,1,2,5,4,4,4,4,3,3,4,4,3,-9,8,0,1,ISTJ
2026-07-19T06:51:17.433000+00:00,Jorge Navarro Delgado,Masculino,18-22,4,4,5,5,4,3,3,3,4,3,3,5,1,3,2,1,4,1,3,4,1,5,5,5,1,-1,2,-5,ENTP
2026-07-15T09:41:17.161000+00:00,Paulina Fernandez Alvarez,Masculino,18-22,2,3,5,4,4,3,1,5,5,4,1,3,4,3,1,3,1,3,4,3,5,1,4,5,1,-5,-3,4,ENFJ
2026-07-14T19:59:37.003000+00:00,Julieta Sanchez Ortiz,Femenino,33+,2,5,2,4,2,2,3,3,1,2,4,2,3,4,4,4,5,3,4,2,5,3,4,2,-5,1,1,6,ISTJ
2026-07-22T23:35:58.565000+00:00,Ana Aguilar Chavez,Femenino,33+,2,5,4,5,2,5,5,5,2,1,5,5,2,2,4,3,3,4,5,5,4,4,4,4,-7,1,0,0,ISTJ
2026-07-24T11:14:10.374000+00:00,Valeria Ruiz Silva,Femenino,18-22,4,1,3,3,4,2,1,3,3,3,4,2,4,2,4,3,5,2,4,5,2,1,5,1,5,0,6,4,ESTJ
2026-07-14T00:49:48.855000+00:00,Nicolas Delgado Aguilar,Femenino,18-22,4,5,4,5,2,4,2,3,5,3,1,4,1,4,2,3,2,5,1,2,4,5,1,5,-4,-2,-7,-6,INFP
2026-07-12T04:58:10.374000+00:00,Camila Romero Diaz,Femenino,18-22,3,2,4,1,3,1,2,1,4,4,5,1,4,1,5,2,3,3,4,5,3,2,5,1,6,5,6,4,ESTJ
2026-07-26T05:27:23.103000+00:00,Julieta Hernandez Rios,Masculino,18-22,5,2,4,2,4,3,2,3,3,3,1,4,2,3,5,2,4,4,4,4,5,1,5,5,6,-4,2,4,ENTJ
2026-07-13T15:06:17.004000+00:00,Valeria Gonzalez Munoz,Masculino,18-22,2,5,3,4,3,4,5,5,5,5,4,4,3,5,3,4,2,4,5,4,5,1,5,5,-5,0,-5,5,ISFJ
2026-07-16T17:31:22.619000+00:00,David Torres Navarro,Otro,18-22,3,5,1,5,4,5,4,3,2,5,2,5,2,4,4,5,2,5,3,4,3,2,4,3,-7,-5,-6,1,INFJ
2026-07-18T16:54:43.226000+00:00,Emilio Soto Moreno,Masculino,18-22,1,4,1,4,1,5,1,3,4,4,2,4,3,5,1,4,2,4,4,4,5,1,5,4,-10,-4,-7,5,INFJ
2026-07-19T16:12:11.216000+00:00,Martina Pena Rios,Masculino,18-22,5,3,2,5,1,4,3,4,5,2,2,1,2,3,4,1,4,2,3,3,3,5,3,4,-4,3,4,-3,ISTP
2026-07-20T20:05:11.216000+00:00,Zoe Ramos Garcia,Masculino,18-22,3,3,3,4,1,3,3,3,5,2,4,2,3,4,4,2,5,2,2,2,4,5,5,4,-3,5,4,0,ISTJ
2026-07-20T20:09:06.193000+00:00,Fernanda Sanchez Herrera,Femenino,18-22,2,5,1,2,1,5,2,2,3,2,4,1,1,4,4,3,4,4,3,3,5,2,3,1,-8,4,-2,5,ISFJ
2026-07-24T10:13:15.831000+00:00,Sara Moreno Morales,Masculino,18-22,3,5,2,4,1,5,4,2,4,3,5,5,3,5,3,4,5,5,1,4,3,3,2,5,-8,3,-3,-6,ISFP
2026-07-21T03:21:56.881000+00:00,Antonella Lopez Rios,Femenino,18-22,4,3,2,4,4,4,2,2,4,4,1,4,2,1,4,3,4,2,2,2,5,4,1,1,-1,-3,4,1,INTJ
2026-07-25T11:49:58.565000+00:00,Miguel Cruz Moreno,Femenino,33+,1,4,4,5,1,4,5,4,3,3,5,4,2,3,3,5,2,4,3,4,5,4,2,4,-7,2,-5,-2,ISFP
2026-07-22T20:12:17.004000+00:00,Regina Pena Guzman,Masculino,18-22,4,5,4,5,1,5,3,4,5,5,4,4,3,4,2,5,1,3,4,5,5,3,5,5,-6,-1,-6,1,INFJ
2026-07-11T22:30:12.944000+00:00,Zoe Salazar Romero,Masculino,18-22,4,4,3,4,3,5,5,1,5,3,4,3,1,4,5,3,4,5,4,1,5,3,4,1,-3,7,-2,8,ISFJ
2026-07-13T07:21:53.029000+00:00,Renata Rodriguez Reyes,Masculino,18-22,1,3,3,2,3,3,2,3,2,4,1,2,1,1,5,3,2,4,3,5,3,2,3,4,-1,-4,0,-2,INTP
2026-07-22T07:21:38.572000+00:00,Diego Ruiz Guerrero,Masculino,18-22,3,3,5,3,2,5,4,5,4,4,5,2,3,2,5,3,4,3,3,2,3,3,4,1,-1,2,4,4,ISTJ
2026-07-24T02:20:25.651000+00:00,Fernanda Soto Castro,Masculino,18-22,2,4,1,3,2,5,4,1,5,2,5,3,1,3,5,4,5,5,4,4,4,3,5,3,-7,8,-1,3,ISFJ
2026-07-21T18:53:04.989000+00:00,Mariana Diaz Pena,Femenino,18-22,4,4,1,2,5,5,4,3,5,3,1,4,2,2,4,4,1,3,5,3,4,2,5,1,-1,0,-2,8,ISFJ
2026-07-24T00:17:34.267000+00:00,Matias Acosta Soto,Femenino,18-22,1,4,1,4,3,4,4,2,5,1,4,2,5,2,4,1,4,2,5,1,4,1,4,2,-7,8,8,9,ISTJ
2026-07-20T22:39:22.619000+00:00,Eduardo Vega Salazar,Otro,18-22,3,3,1,5,3,5,4,3,4,5,3,4,4,2,4,4,1,4,3,5,4,3,3,4,-6,-1,-1,-2,INFP
2026-07-18T12:34:48.826000+00:00,Regina Mendoza Aguilar,Femenino,18-22,2,4,1,4,1,5,3,2,4,1,5,1,3,4,4,3,3,3,2,1,4,2,5,2,-9,8,0,6,ISTJ
2026-07-13T12:21:28.818000+00:00,Sara Ramirez Silva,Masculino,18-22,5,4,4,2,2,2,4,3,3,3,3,2,5,1,5,2,5,5,5,1,4,3,3,3,3,2,7,5,ESTJ
2026-07-21T13:55:42.675000+00:00,Ximena Ortiz Fernandez,Femenino,18-22,3,3,2,3,2,5,4,3,5,4,4,2,5,4,2,3,3,4,3,4,3,5,5,5,-4,4,-1,-3,ISFP
2026-07-15T09:08:32.944000+00:00,Valentina Medina Gutierrez,Masculino,18-22,2,5,1,5,1,4,4,3,5,2,4,4,4,4,2,3,2,3,4,3,2,2,5,5,-10,4,-2,1,ISFJ
2026-07-26T22:55:37.003000+00:00,Emilio Navarro Castillo,Femenino,33+,4,4,1,4,1,4,5,3,2,1,4,2,3,4,4,2,4,4,5,2,3,4,3,3,-6,5,1,2,ISTJ
2026-07-26T23:02:25.399000+00:00,Matias Mendez Hernandez,Masculino,18-22,5,3,5,2,1,5,4,1,2,2,2,4,2,5,3,5,3,2,4,2,5,3,2,2,1,1,-4,4,ESFJ
2026-07-17T00:26:18.617000+00:00,Sofia Vega Moreno,Masculino,18-22,5,4,5,4,2,4,3,4,3,3,2,4,2,3,4,3,4,2,3,4,2,4,4,2,0,-3,2,-1,ENTP
2026-07-24T06:09:58.565000+00:00,Carlos Jimenez Ruiz,Femenino,33+,1,5,3,5,1,5,5,3,3,1,5,5,2,3,3,5,4,2,4,3,5,3,2,3,-10,4,-1,2,ISFJ
2026-07-16T08:40:17.020000+00:00,Andres Ramos Sanchez,Femenino,18-22,2,4,5,3,5,2,5,5,4,2,3,4,3,1,5,1,4,3,5,3,3,3,4,1,3,1,7,5,ESTJ
2026-07-26T14:54:06.193000+00:00,Paulina Delgado Lopez,Femenino,18-22,4,3,2,1,3,3,2,3,3,3,3,3,3,4,4,3,3,3,3,3,4,2,3,2,2,-1,0,3,ENTJ
2026-07-21T23:14:38.572000+00:00,Fernanda Fernandez Medina,Masculino,18-22,4,3,4,4,1,4,3,5,3,4,5,4,4,2,4,5,5,3,2,1,3,3,5,1,-2,-2,3,5,INTJ
2026-07-26T08:22:20.203000+00:00,Valeria Rojas Alvarez,Femenino,18-22,3,5,2,2,1,5,3,4,3,3,4,3,2,5,2,2,3,4,5,1,4,3,4,3,-6,0,-4,6,ISFJ
2026-07-21T15:21:58.085000+00:00,Luciana Herrera Gutierrez,Masculino,18-22,4,3,5,2,1,2,5,2,4,4,4,3,2,5,5,5,4,5,5,4,4,1,5,2,3,4,-4,7,ESFJ
2026-07-24T23:38:23.103000+00:00,Miguel Salazar Gomez,Masculino,18-22,5,1,2,1,4,5,1,3,2,4,1,4,4,3,5,2,4,2,4,4,4,1,5,4,4,-7,6,4,ENTJ
2026-07-21T23:50:40.939000+00:00,Pedro Castillo Jimenez,Masculino,18-22,1,5,1,5,1,4,1,4,5,3,5,3,4,5,2,3,2,4,4,5,2,2,5,3,-11,1,-4,1,ISFJ
2026-07-13T00:04:15.831000+00:00,Diego Soto Guzman,Masculino,18-22,3,5,3,5,1,5,3,2,4,5,5,4,3,5,2,5,5,5,3,4,4,4,4,5,-8,1,-5,-2,ISFP
2026-07-17T20:53:10.723000+00:00,Renata Cruz Rivera,Masculino,18-22,3,5,5,4,1,5,3,4,5,4,1,3,5,1,5,2,5,1,5,1,5,4,5,2,-5,-2,11,8,INTJ
2026-07-12T15:36:10.723000+00:00,Samantha Silva Aguilar,Masculino,18-22,4,5,5,5,2,5,4,4,4,5,1,4,5,1,5,2,5,1,5,1,4,5,5,2,-4,-4,11,6,INTJ
2026-07-17T03:05:32.944000+00:00,Joaquin Castro Gomez,Masculino,18-22,4,5,1,4,2,5,5,1,4,3,4,3,4,3,1,3,4,4,2,4,1,1,4,4,-7,6,-1,-2,ISFP
2026-07-19T03:06:59.501000+00:00,Natalia Flores Castillo,Femenino,18-22,5,4,2,5,1,5,5,2,4,5,3,3,4,3,3,3,3,3,2,2,4,1,5,3,-6,2,1,5,ISTJ
2026-07-17T20:15:05.108000+00:00,Zoe Salazar Gutierrez,Masculino,18-22,1,5,3,5,2,5,3,1,5,3,2,4,3,5,4,2,4,4,4,3,3,4,4,2,-9,2,0,2,ISTJ
2026-07-23T13:58:23.103000+00:00,Mateo Martinez Gonzalez,Masculino,18-22,5,1,2,1,4,5,3,2,1,4,1,4,4,1,5,3,5,4,2,4,5,1,5,3,4,-5,6,4,ENTJ
2026-07-20T11:57:48.855000+00:00,Sofia Rivera Vega,Femenino,18-22,3,4,3,4,4,5,2,3,4,3,1,4,1,5,1,4,2,5,2,2,5,4,1,4,-3,-3,-10,-2,INFP
2026-07-23T14:56:20.671000+00:00,Camila Aguilar Acosta,Femenino,18-22,2,2,5,2,5,3,4,3,4,3,4,5,2,5,5,5,5,4,5,4,4,2,5,1,5,1,-2,7,ESFJ
2026-07-13T11:01:28.818000+00:00,Jorge Mendez Pena,Masculino,18-22,4,3,3,2,2,2,5,2,4,4,3,1,5,2,5,1,4,4,4,1,3,1,2,2,2,5,7,5,ESTJ
2026-07-20T12:37:23.103000+00:00,Antonella Vargas Gonzalez,Masculino,18-22,5,2,4,1,3,4,2,1,1,4,1,5,4,2,4,3,5,4,2,5,5,2,5,3,5,-6,4,2,ENTJ
2026-07-22T20:26:09.634000+00:00,Fernanda Ortiz Jimenez,Masculino,23-27,2,4,3,3,1,3,4,1,4,3,4,3,4,4,5,3,3,3,4,4,5,2,2,4,-4,5,2,1,ISTJ
2026-07-25T16:44:20.671000+00:00,Luis Silva Garcia,Femenino,18-22,1,1,4,2,3,3,3,1,5,1,4,3,1,3,3,4,5,3,5,5,5,2,5,1,2,7,-1,7,ESFJ
2026-07-21T12:19:20.641000+00:00,Fernando Romero Ortiz,Femenino,23-27,2,3,4,3,2,5,1,1,4,3,4,1,2,1,3,3,5,3,5,2,5,3,4,4,-3,4,3,5,ISTJ
2026-07-21T12:28:11.506000+00:00,Andres Perez Ruiz,Masculino,18-22,1,2,1,5,2,4,4,4,1,5,1,3,2,3,3,3,4,2,4,1,4,5,5,1,-7,-6,1,6,INTJ
2026-07-20T21:01:32.131000+00:00,Martina Aguilar Jimenez,Femenino,28-32,3,3,5,5,5,4,2,4,2,5,4,4,3,1,3,3,5,5,2,5,1,1,4,5,1,-5,2,-4,ENTP
2026-07-24T10:46:17.004000+00:00,Eduardo Rojas Castillo,Masculino,18-22,4,4,4,4,3,5,5,4,4,4,4,5,1,4,3,5,1,5,5,3,5,1,4,5,-2,0,-9,5,ISFJ
2026-07-16T19:50:40.939000+00:00,Sofia Torres Castro,Masculino,18-22,3,5,1,5,2,5,2,3,5,1,5,5,4,4,4,3,1,3,5,5,2,2,3,2,-9,3,-1,1,ISFJ
2026-07-15T06:10:01.471000+00:00,Ximena Herrera Vega,Masculino,18-22,2,5,3,3,1,3,5,4,5,4,2,3,3,3,5,5,4,2,5,4,2,3,5,1,-5,1,2,4,ISTJ
2026-07-21T07:26:20.671000+00:00,Valentina Rivera Reyes,Femenino,18-22,1,2,5,2,4,2,4,2,5,1,3,4,3,3,4,4,4,4,5,4,5,1,4,2,4,5,0,7,ESTJ
2026-07-22T17:14:27.487000+00:00,Elena Mendoza Moreno,Femenino,18-22,2,3,5,2,5,3,4,3,5,2,3,4,3,5,5,3,4,2,5,3,4,2,5,2,4,3,2,7,ESTJ
2026-07-23T00:52:53.029000+00:00,Victoria Herrera Ramirez,Masculino,18-22,2,3,3,2,1,3,3,2,3,4,2,2,3,1,5,4,2,5,2,5,2,2,3,5,-2,0,0,-5,ISTP
2026-07-24T04:21:59.501000+00:00,Santiago Aguilar Perez,Femenino,18-22,5,3,2,3,2,5,5,4,3,5,3,3,3,2,4,3,3,2,3,2,2,2,5,1,-2,-1,3,5,INTJ
2026-07-26T01:26:25.651000+00:00,Regina Romero Morales,Masculino,18-22,3,5,1,4,1,5,5,2,5,1,4,2,1,3,3,3,3,5,4,2,5,4,4,1,-9,9,-4,6,ISFJ
2026-07-14T16:29:48.855000+00:00,Felipe Morales Silva,Femenino,18-22,3,5,5,5,3,5,2,3,5,3,1,3,2,4,1,4,2,5,1,3,5,5,1,4,-4,-1,-8,-5,INFP
2026-07-21T13:03:22.619000+00:00,Carlos Medina Castillo,Otro,18-22,3,3,3,5,4,4,3,3,4,5,3,4,2,4,3,4,2,3,3,4,4,3,3,5,-2,-2,-4,-2,INFP
2026-07-17T15:50:58.762000+00:00,Fernando Jimenez Ramos,Femenino,23-27,3,3,4,5,4,1,5,2,3,3,3,4,3,5,5,3,3,3,5,1,4,4,5,2,2,2,0,7,ESTJ
2026-07-26T00:14:11.216000+00:00,Tomas Garcia Martinez,Masculino,18-22,3,2,2,5,1,3,3,4,4,2,3,1,3,3,4,3,3,3,2,4,3,5,3,3,-4,3,1,-4,ISTP
2026-07-14T03:56:38.572000+00:00,Samuel Acosta Munoz,Masculino,18-22,3,3,4,2,2,5,3,5,3,2,4,2,5,4,3,3,4,3,4,3,4,3,4,2,-1,1,2,4,ISTJ
2026-07-16T08:54:12.944000+00:00,Emilio Fernandez Herrera,Masculino,18-22,5,4,5,4,4,4,5,2,4,3,5,3,3,5,5,3,4,4,5,3,5,5,5,1,2,6,0,6,ESTJ
2026-07-15T12:37:58.085000+00:00,Luciana Jimenez Rivera,Masculino,18-22,4,3,4,2,1,1,5,3,3,5,5,5,2,5,5,4,5,5,3,4,2,2,5,1,3,0,-2,3,ESFJ
2026-07-15T14:00:40.939000+00:00,Emilia Vargas Vargas,Masculino,18-22,2,5,1,5,1,5,2,2,5,3,5,3,3,5,4,4,3,4,5,5,1,2,5,1,-11,4,-3,3,ISFJ
2026-07-16T11:41:15.976000+00:00,Santiago Aguilar Munoz,Femenino,18-22,3,4,2,2,1,3,3,2,5,1,2,5,4,2,5,4,5,3,2,2,4,1,5,1,-3,2,5,7,ISTJ
2026-07-26T04:02:42.675000+00:00,Sebastian Maldonado Jimenez,Femenino,18-22,4,3,4,2,3,5,3,2,5,4,4,2,4,5,2,5,2,3,1,3,4,5,5,4,1,4,-5,-2,ESFP
2026-07-21T06:44:48.855000+00:00,Paulina Torres Hernandez,Femenino,18-22,5,4,3,5,3,4,3,3,4,4,1,4,1,5,1,5,2,4,1,2,4,4,1,5,-2,-3,-10,-5,INFP
2026-07-20T13:25:40.939000+00:00,Tomas Rodriguez Munoz,Masculino,18-22,1,5,1,5,2,5,2,2,5,1,5,5,5,5,4,3,1,2,4,3,3,1,4,2,-11,4,0,5,ISTJ
2026-07-19T09:54:25.651000+00:00,Mateo Diaz Ramos,Masculino,18-22,2,4,3,5,1,4,5,1,4,2,3,3,2,2,5,4,3,5,4,2,4,4,5,3,-7,6,-1,4,ISFJ
2026-07-17T19:47:38.572000+00:00,Daniel Mendez Mendoza,Masculino,18-22,4,3,4,3,1,4,3,4,5,3,5,3,5,3,3,5,5,4,3,1,4,3,3,2,-1,3,1,4,ISTJ
2026-07-21T04:56:43.226000+00:00,Regina Jimenez Rios,Masculino,18-22,2,5,1,5,2,5,1,4,4,5,2,5,5,5,1,5,1,4,5,4,4,1,5,5,-10,-7,-7,4,INFJ
2026-07-23T20:43:09.634000+00:00,Samantha Ruiz Rojas,Masculino,23-27,3,3,3,5,1,3,4,2,4,3,5,4,3,2,5,3,2,4,4,4,3,3,4,2,-4,4,1,2,ISTJ
2026-07-22T13:29:48.855000+00:00,Pedro Flores Gutierrez,Femenino,18-22,5,4,3,5,2,5,2,4,5,3,1,4,1,5,2,3,1,5,2,4,5,5,1,4,-4,-3,-9,-5,INFP
2026-07-17T14:19:10.374000+00:00,Santiago Delgado Gutierrez,Femenino,18-22,2,2,5,1,2,1,2,2,3,4,5,2,3,1,3,3,4,3,4,5,3,1,5,1,5,2,3,5,ESTJ
2026-07-26T03:49:38.529000+00:00,Jorge Maldonado Acosta,Otro,18-22,4,3,4,3,3,3,4,5,3,4,3,4,1,5,5,5,4,4,3,5,4,3,4,3,2,-3,-4,0,ENFJ
2026-07-26T11:18:25.651000+00:00,Daniel Maldonado Aguilar,Masculino,18-22,3,5,2,4,1,5,3,1,5,2,3,2,3,3,4,5,4,4,4,3,5,2,5,3,-8,6,-1,6,ISFJ
2026-07-13T06:16:10.723000+00:00,Gabriel Jimenez Castro,Masculino,18-22,4,4,4,5,1,4,5,5,5,4,2,3,5,1,4,2,5,1,5,1,5,3,5,4,-4,0,10,7,ISTJ
2026-07-16T19:14:12.944000+00:00,Fernanda Flores Lopez,Masculino,18-22,5,3,5,4,4,5,5,1,4,3,5,3,2,5,5,3,4,5,4,1,4,4,5,1,2,7,-2,7,ESFJ
2026-07-14T11:31:38.572000+00:00,Emilia Rojas Jimenez,Masculino,18-22,3,2,5,2,2,5,2,4,5,3,5,2,4,3,5,5,4,4,3,1,4,4,5,3,1,3,1,4,ESTJ
2026-07-23T04:55:17.004000+00:00,Samuel Morales Delgado,Masculino,18-22,4,4,2,4,1,5,4,3,5,5,3,5,2,5,2,4,2,5,4,4,5,2,4,5,-6,-1,-8,2,INFJ
2026-07-24T00:46:10.374000+00:00,Eduardo Rodriguez Moreno,Femenino,18-22,4,1,3,1,4,1,1,3,4,3,5,3,5,2,4,3,4,3,3,5,1,1,5,1,8,1,5,2,ESTJ
2026-07-19T11:20:27.487000+00:00,Santiago Rodriguez Acosta,Femenino,18-22,2,3,4,2,4,2,3,1,5,3,3,4,2,3,4,3,4,3,5,1,5,1,5,2,3,3,1,11,ESTJ
2026-07-17T11:48:48.826000+00:00,Isabella Martinez Cruz,Femenino,18-22,4,4,3,4,2,3,3,4,5,1,5,1,2,3,2,4,5,1,3,2,3,2,4,1,-2,7,1,5,ISTJ
2026-07-14T08:19:10.723000+00:00,Matias Rodriguez Gutierrez,Masculino,18-22,4,5,5,5,1,4,4,4,5,5,1,4,5,1,4,1,5,1,4,1,5,3,5,3,-4,-3,11,7,INTJ
2026-07-26T02:36:17.433000+00:00,Miguel Romero Ortiz,Masculino,18-22,5,2,4,5,5,2,4,3,5,3,3,4,1,1,3,1,5,1,4,4,1,5,5,5,5,2,6,-4,ESTP
2026-07-20T22:00:20.203000+00:00,Juan Guerrero Morales,Femenino,18-22,2,5,4,4,1,5,2,2,4,4,2,3,3,4,4,3,4,4,4,2,4,1,2,2,-7,-1,0,5,INTJ
2026-07-21T22:02:11.506000+00:00,Antonella Perez Vasquez,Masculino,18-22,2,1,1,5,2,4,2,4,3,3,2,4,2,4,1,4,3,1,4,1,5,5,4,2,-5,-4,-3,5,INFJ
2026-07-22T19:33:15.831000+00:00,Mariana Jimenez Moreno,Masculino,18-22,2,4,1,4,2,5,2,3,5,5,3,4,2,4,2,4,5,4,1,3,5,3,2,5,-8,-2,-3,-3,INFP
2026-07-15T16:43:11.216000+00:00,Martina Aguilar Guzman,Masculino,18-22,4,3,4,5,2,4,5,2,4,3,4,3,2,3,5,1,3,1,2,4,4,5,3,3,-2,5,5,-3,ISTP
2026-07-18T05:36:17.433000+00:00,Juan Gutierrez Flores,Masculino,18-22,4,4,5,5,4,1,2,4,4,3,3,4,1,2,4,1,3,2,2,5,1,5,5,4,3,-2,3,-6,ENTP
2026-07-15T04:47:53.029000+00:00,Gabriel Mendoza Navarro,Masculino,18-22,2,4,5,1,1,3,2,1,2,2,3,2,2,1,5,2,3,4,3,4,1,1,4,4,0,2,3,-1,ESTP
2026-07-24T19:44:15.976000+00:00,Carlos Garcia Rivera,Femenino,18-22,4,3,1,2,1,2,4,2,5,1,2,5,5,4,5,2,5,4,3,4,5,1,4,1,-1,3,5,6,ISTJ
2026-07-11T16:12:10.723000+00:00,Sara Medina Herrera,Masculino,18-22,4,5,5,5,1,5,5,5,5,4,1,5,5,1,5,1,4,1,4,1,5,5,5,4,-5,-3,11,4,INTJ
2026-07-14T12:22:53.029000+00:00,Isabella Ortiz Fernandez,Masculino,18-22,2,4,3,1,1,3,1,1,3,3,1,2,1,3,3,3,3,4,2,4,3,2,2,5,-2,-1,-3,-4,INFP
2026-07-14T13:21:32.131000+00:00,Sebastian Cruz Munoz,Femenino,28-32,4,3,5,4,4,3,3,3,2,3,5,3,4,1,4,4,5,5,2,5,1,1,5,4,3,1,3,-2,ESTP
2026-07-18T20:33:20.641000+00:00,Sara Fernandez Maldonado,Femenino,23-27,3,2,3,5,2,5,1,1,3,1,2,1,3,3,1,4,5,3,4,1,4,3,3,4,-4,3,-1,3,ISFJ
2026-07-14T00:16:38.529000+00:00,Nicolas Acosta Torres,Otro,18-22,2,4,4,5,3,4,4,3,4,3,5,5,3,5,4,3,3,3,5,3,3,1,3,2,-4,2,-1,5,ISFJ
2026-07-17T03:39:18.617000+00:00,Samuel Jimenez Gonzalez,Masculino,18-22,4,5,5,5,3,4,4,2,4,4,3,5,3,5,3,2,5,4,1,3,1,3,4,4,-2,0,0,-4,ISTP
2026-07-15T07:30:01.471000+00:00,Valentina Torres Pena,Masculino,18-22,3,4,2,3,3,4,3,3,5,2,3,2,3,3,5,5,2,4,3,2,2,5,4,1,-3,4,-2,1,ISFJ
2026-07-26T23:17:42.675000+00:00,Natalia Rios Herrera,Femenino,18-22,3,2,4,4,2,4,4,3,5,3,2,2,5,5,3,3,3,4,1,3,2,5,5,5,-1,3,-1,-5,ISFP
2026-07-25T05:52:25.399000+00:00,Matias Guerrero Herrera,Masculino,18-22,5,3,5,2,2,5,3,1,4,2,3,3,1,5,4,5,3,3,5,1,5,2,4,2,2,4,-5,9,ESFJ
2026-07-19T09:55:40.939000+00:00,Sara Delgado Sanchez,Masculino,18-22,2,5,2,5,2,4,3,3,4,1,5,3,5,5,2,4,2,2,5,5,3,2,3,1,-8,5,-2,3,ISFJ
2026-07-25T18:47:38.529000+00:00,Eduardo Silva Vega,Otro,18-22,4,3,3,3,5,4,3,4,4,5,5,4,1,4,4,5,2,3,5,5,4,3,3,4,2,-1,-5,0,ENFJ
2026-07-24T04:08:38.572000+00:00,Ana Fernandez Sanchez,Masculino,18-22,3,4,5,3,3,5,2,4,4,4,5,2,3,3,3,4,3,3,2,2,5,3,4,3,-1,1,-1,3,ISFJ
2026-07-23T12:33:38.529000+00:00,Sebastian Ramirez Chavez,Otro,18-22,3,3,2,4,4,3,4,3,5,3,5,3,3,4,3,4,4,5,5,5,4,2,4,2,-1,5,-3,4,ISFJ
2026-07-19T04:00:30.205000+00:00,Daniel Jimenez Torres,Masculino,33+,3,2,5,3,2,4,3,4,3,4,3,5,5,2,5,5,4,2,3,4,4,1,2,3,1,-4,5,1,ENTJ
2026-07-18T10:27:53.029000+00:00,Julieta Martinez Sanchez,Masculino,18-22,1,3,4,1,1,3,2,2,4,3,2,2,2,1,4,4,3,4,3,5,1,1,4,5,-1,1,0,-3,ISTP
2026-07-14T02:13:18.617000+00:00,Andres Fernandez Rios,Masculino,18-22,3,3,5,5,3,3,4,3,3,3,2,3,2,3,5,3,5,2,2,4,2,2,5,3,0,0,4,0,ESTJ
2026-07-25T18:15:30.977000+00:00,Victoria Ruiz Soto,Masculino,18-22,4,1,2,3,4,5,5,5,5,4,2,4,3,4,3,4,3,5,5,5,5,3,3,3,1,-1,-4,2,ENFJ
2026-07-13T16:36:15.831000+00:00,Mateo Soto Maldonado,Masculino,18-22,3,5,2,5,1,5,3,4,4,4,4,5,2,5,3,5,5,5,3,3,5,4,2,4,-9,-2,-5,-1,INFP
2026-07-20T14:37:17.004000+00:00,Fernando Diaz Pena,Masculino,18-22,2,5,4,5,1,5,5,5,5,4,4,5,2,4,1,5,2,3,5,4,4,3,4,5,-8,0,-7,1,ISFJ
2026-07-18T17:00:36.976000+00:00,Felipe Morales Aguilar,Femenino,18-22,3,2,4,4,3,1,2,3,3,3,2,4,1,4,4,3,4,5,2,5,2,1,1,5,3,-3,-3,-6,ENFP
2026-07-14T15:08:03.080000+00:00,Joaquin Silva Rios,Femenino,18-22,3,3,3,5,2,5,4,1,1,4,1,2,2,3,2,5,1,4,2,2,5,3,3,1,-5,-1,-7,4,INFJ
2026-07-20T16:02:38.529000+00:00,Fernanda Romero Vasquez,Otro,18-22,2,5,4,5,3,3,4,4,4,4,3,3,2,4,3,5,3,4,3,3,3,3,2,4,-4,0,-5,-2,ISFP
2026-07-14T19:57:15.976000+00:00,Renata Silva Vasquez,Femenino,18-22,4,4,1,1,1,2,2,2,5,1,3,4,4,4,4,4,3,4,2,3,5,1,5,3,-1,3,-1,5,ISFJ
2026-07-16T06:45:30.977000+00:00,Gabriel Garcia Gutierrez,Masculino,18-22,3,3,4,2,2,5,3,5,4,3,3,3,5,4,3,3,1,3,4,5,3,3,4,3,-1,-1,-1,0,INFJ
2026-07-24T02:32:17.433000+00:00,Zoe Flores Castro,Masculino,18-22,5,3,5,5,5,1,3,3,5,3,3,5,1,3,4,1,5,2,4,5,1,5,3,5,6,0,4,-7,ESTP
2026-07-17T18:41:58.085000+00:00,Diego Romero Ruiz,Masculino,18-22,4,5,5,2,2,3,5,2,4,5,3,3,3,4,5,5,4,4,3,4,3,1,5,2,1,2,-1,4,ESFJ
2026-07-24T20:28:53.029000+00:00,Victoria Gomez Ramirez,Masculino,18-22,2,3,4,1,2,1,2,1,3,2,1,3,1,3,4,4,3,4,1,4,1,2,3,4,3,0,-3,-5,ESFP
2026-07-26T19:42:06.193000+00:00,Alejandro Hernandez Delgado,Femenino,18-22,3,5,1,2,2,3,2,1,4,4,4,3,3,5,5,3,4,2,4,4,4,3,2,2,-4,2,2,1,ISTJ
2026-07-19T15:36:18.617000+00:00,Samuel Delgado Diaz,Masculino,18-22,4,4,3,4,3,5,3,3,4,4,2,4,2,4,5,3,5,3,1,4,1,3,5,3,-3,-2,2,-3,INTP
2026-07-26T15:39:25.651000+00:00,Fernando Guzman Medina,Masculino,18-22,3,3,1,3,1,4,4,2,5,3,5,2,3,1,5,4,4,5,2,2,3,3,5,1,-5,7,2,4,ISTJ
2026-07-23T03:42:37.003000+00:00,Luis Herrera Silva,Femenino,33+,3,5,1,4,2,2,5,3,2,1,3,2,3,4,4,3,3,4,5,4,3,3,3,3,-5,4,-1,1,ISFJ
2026-07-26T00:44:09.634000+00:00,Victoria Rios Munoz,Masculino,23-27,4,3,3,5,2,4,3,3,5,4,4,3,4,4,5,3,2,3,4,4,5,3,4,4,-3,2,1,2,ISTJ
2026-07-16T13:30:41.266000+00:00,Gabriel Rivera Pena,Masculino,18-22,2,4,3,4,1,5,2,3,5,2,4,2,1,5,4,5,3,4,4,5,5,1,5,2,-7,4,-6,6,ISFJ
2026-07-19T09:12:30.205000+00:00,Mia Fernandez Pena,Masculino,33+,1,1,4,4,2,3,4,2,3,5,3,5,5,1,4,4,5,1,4,5,4,3,4,2,-1,-2,8,2,INTJ
2026-07-27T08:58:27.487000+00:00,Eduardo Castro Ramos,Femenino,18-22,4,1,5,1,4,2,2,1,5,4,4,4,3,4,4,1,5,2,4,2,4,1,5,2,9,2,5,8,ESTJ
2026-07-14T08:39:04.989000+00:00,Carlos Medina Mendez,Femenino,18-22,4,3,1,3,5,5,4,4,5,5,1,4,1,1,4,3,2,3,5,2,4,4,5,1,-1,-3,0,7,INTJ
2026-07-24T16:53:10.723000+00:00,Tomas Fernandez Silva,Masculino,18-22,2,4,5,4,2,4,3,4,4,4,2,4,5,1,5,1,5,1,5,2,4,4,5,3,-3,-3,12,5,INTJ
2026-07-25T04:51:06.193000+00:00,Fernando Vasquez Salazar,Femenino,18-22,4,5,1,1,1,4,4,3,4,2,3,1,3,5,5,3,3,4,3,3,4,2,2,3,-4,5,-1,1,ISFJ
2026-07-22T19:34:18.617000+00:00,Paulina Flores Vega,Masculino,18-22,3,5,5,5,3,3,3,2,2,3,3,3,3,5,5,3,5,3,1,2,2,2,3,4,-2,0,2,-2,ISTP
2026-07-27T01:22:25.399000+00:00,Daniel Jimenez Rodriguez,Masculino,18-22,5,3,5,2,2,5,3,1,4,2,2,4,1,5,2,5,3,2,4,2,4,3,3,3,2,2,-6,3,ESFJ
2026-07-20T01:50:09.573000+00:00,Mariana Rivera Rodriguez,Masculino,18-22,3,4,3,2,2,5,4,5,5,5,2,5,3,3,3,5,4,4,4,5,4,4,5,5,-3,-4,-2,-1,INFP
2026-07-26T20:54:05.108000+00:00,David Guzman Navarro,Masculino,18-22,1,4,3,5,2,4,2,1,5,3,2,3,2,4,3,2,4,3,4,2,5,4,5,3,-7,2,0,5,ISTJ
2026-07-21T20:26:09.634000+00:00,Valentina Flores Fernandez,Masculino,23-27,3,5,4,5,2,3,3,1,5,2,3,4,3,2,5,2,3,2,5,3,4,1,2,4,-4,4,5,3,ISTJ
2026-07-19T21:25:17.020000+00:00,Andres Rodriguez Lopez,Femenino,18-22,4,4,5,3,5,2,4,5,3,3,2,4,3,3,4,3,2,3,5,1,3,3,5,2,5,-3,0,7,ENTJ
2026-07-16T13:06:01.471000+00:00,Mateo Vasquez Ortiz,Masculino,18-22,4,4,4,4,2,3,5,5,4,3,3,3,3,5,4,5,3,4,5,2,2,5,3,1,-1,1,-4,2,ISFJ
2026-07-15T10:18:06.193000+00:00,Mariana Castro Rojas,Femenino,18-22,3,3,2,1,3,4,2,3,4,4,2,2,1,3,5,4,3,3,5,3,5,2,4,1,0,-1,-1,8,ENFJ
2026-07-18T09:56:37.003000+00:00,Emilio Lopez Rojas,Femenino,33+,4,5,1,4,2,2,5,2,3,1,3,3,3,3,4,3,4,2,4,3,4,4,4,4,-4,5,3,1,ISTJ
2026-07-21T01:20:32.753000+00:00,Diego Gonzalez Morales,Femenino,18-22,1,4,2,5,3,5,4,1,2,1,4,5,3,3,3,3,3,2,2,5,2,5,2,3,-8,3,1,-7,ISTP
2026-07-26T02:29:56.881000+00:00,Valentina Garcia Soto,Femenino,18-22,5,4,3,3,4,2,4,3,4,3,2,4,4,3,5,4,2,3,3,3,5,5,2,2,3,0,1,0,ESTJ
2026-07-14T23:54:09.573000+00:00,Mia Reyes Martinez,Masculino,18-22,4,4,3,3,1,5,5,3,5,4,2,4,5,5,2,3,4,4,4,4,5,5,5,5,-4,1,-1,0,ISFJ
2026-07-22T21:51:11.506000+00:00,Luciana Herrera Romero,Masculino,18-22,3,1,2,5,2,5,3,4,3,3,3,5,2,4,1,5,4,3,2,1,5,5,5,2,-4,-3,-5,4,INFJ
2026-07-20T10:59:41.266000+00:00,Samuel Sanchez Aguilar,Masculino,18-22,4,4,3,4,2,4,2,5,5,3,4,3,1,3,4,5,3,4,3,5,4,2,3,3,-3,0,-4,0,ISFJ
2026-07-22T04:00:20.950000+00:00,Miguel Sanchez Munoz,Masculino,23-27,3,5,2,5,4,4,5,3,5,2,5,5,5,5,3,1,2,4,2,5,2,2,3,4,-5,5,0,-4,ISTP
2026-07-15T04:23:58.762000+00:00,Valentina Flores Chavez,Femenino,23-27,3,2,5,5,4,1,3,1,2,4,3,2,3,4,5,2,5,1,4,1,4,2,4,2,4,1,6,7,ESTJ
